Brand,TotalSalesDollars,TotalPurchaseDollars,TotalSalesQuantity,TotalPurchaseQuantity,GrossProfit,ProfitMargin
1233,5101919.51,3811251.6,142049.0,145080,1290667.9099999997,25.297692514949137
3405,4819073.49,3804041.22,160247.0,164038,1015032.27,21.062809523579187
8068,4538120.6,3418303.68,187140.0,187407,1119816.9199999995,24.67578583081286
4261,4475972.88,3261197.94,200412.0,201682,1214774.94,27.139908408024134
3545,4223107.62,3023206.01,135838.0,138109,1199901.6100000003,28.41276420040653
3858,3383912.4,2466635.93,141860.0,138809,917276.4699999997,27.106980369822804
2589,2773367.73,2177285.08,69627.0,70783,596082.6499999999,21.493098212403297
3489,2640491.19,1903739.55,90481.0,91835,736751.6399999999,27.902067720968233
3102,2592041.35,2088334.84,148265.0,161386,503706.51,19.43281151745515
1376,2435393.39,1773427.14,107061.0,108866,661966.2500000002,27.18108099981335
6570,2326007.78,1460072.3599999999,214238.0,215668,865935.4199999999,37.2283974045865
2663,2189368.78,1478001.42,70122.0,69001,711367.3599999999,32.49189293728761
2585,2148965.53,1530426.1,91247.0,93205,618539.4299999997,28.78312478097309
8082,2068091.16,1396130.77,65184.0,64249,671960.3899999999,32.49181675337754
3650,2009508.61,1452173.31,41639.0,42951,557335.3,27.734904803418587
8680,1884307.34,1373128.48,47966.0,47546,511178.8600000001,27.128210411789834
5364,1844950.29,1399080.15,59771.0,60645,445870.14000000013,24.167054387140162
2757,1840615.67,1498161.96,61433.0,66942,342453.70999999996,18.605389250000247
3348,1766391.1199999999,1283470.62,56888.0,57349,482920.49999999977,27.339386760504087
2753,1739044.28,1414552.92,28372.0,31596,324491.3600000001,18.659177556997
126,1736610.87,1205942.92,58013.0,59878,530667.9500000002,30.557677552715084
3857,1699669.55,1277758.76,32945.0,33388,421910.79000000004,24.823106938639928
4243,1657809.59,1106876.61,77041.0,76389,550932.98,33.2325849315421
4260,1635666.58,1317439.48,79042.0,79078,318227.1000000001,19.455499298640685
3512,1624366.6199999999,1193404.8,98938.0,101480,430961.81999999983,26.531068460394724
6654,1584665.41,1098336.0,38506.0,40380,486329.4099999999,30.68972206568199
2120,1554498.4,1190145.33,94960.0,97473,364353.06999999983,23.438626247540675
8159,1549701.9,1163442.72,58610.0,59088,386259.17999999993,24.924740687225068
42188,1533634.52,1014484.29,29498.0,29829,519150.23,33.850974481195166
8112,1528730.27,1208990.72,61323.0,61936,319739.55000000005,20.91536723479676
8512,1456174.78,1073853.44,73122.0,72952,382321.3400000001,26.255182087413992
3802,1408627.78,1034996.38,74722.0,77066,373631.4,26.524494639740816
3505,1355204.97,953554.24,70603.0,69299,401650.73,29.63763702844153
3826,1327401.1199999999,1029112.6799999999,64388.0,65382,298288.43999999994,22.471612800808842
4227,1323223.53,967725.98,75147.0,68294,355497.55000000005,26.866023913586247
5734,1293182.98,975128.98,60102.0,61639,318054.0,24.594663316710218
1232,1255188.94,843206.76,53206.0,52932,411982.17999999993,32.82232394431391
3876,1210481.34,710919.9,64266.0,50962,499561.44000000006,41.26965228559409
3423,1177834.38,980963.75,44762.0,46163,196870.6299999999,16.71462756928524
5138,1174428.36,976289.4,84289.0,87954,198138.96000000008,16.871098037857333
11219,1095045.04,675453.2,78392.0,80030,419591.8400000001,38.31731341388479
5103,1093841.67,757553.72,43533.0,44198,336287.94999999995,30.743750144387892
1385,1034144.85,839431.6,37615.0,41048,194713.25,18.828431046192417
6682,1016328.61,612328.41,101339.0,101547,404000.19999999995,39.750942364989605
2432,967005.94,736897.87,41506.0,41893,230108.06999999995,23.795931387970583
2114,948838.57,689066.07,72043.0,73227,259772.5,27.377944806775723
6937,945345.02,599076.0,87974.0,88752,346269.02,36.628851125698006
811,937915.36,645871.36,32064.0,32554,292044.0,31.137564481298185
5365,932815.85,720971.72,48615.0,48583,211844.13,22.710176933635935
6967,923055.25,549995.73,46511.0,46257,373059.52,40.415730261000085
3522,914148.49,691668.38,70351.0,71899,222480.11,24.337414811022658
8000,910688.8999999999,742435.64,13210.0,13759,168253.2599999999,18.475382756943663
2443,902489.5399999999,642375.92,47446.0,47654,260113.61999999988,28.82178778493099
2127,899110.55,624717.53,86195.0,86887,274393.02,30.51827386521046
38370,890334.41,600612.6,90267.0,91140,289721.81000000006,32.540785433643975
3913,875307.95,692308.68,47805.0,48481,182999.2699999999,20.906844271207625
4262,862422.9,610436.88,55710.0,54552,251986.02000000002,29.218382304087704
4689,858571.95,594540.54,18005.0,17838,264031.4099999999,30.752391805951724
3040,842326.99,594149.88,34901.0,35922,248177.11,29.463274114011234
7865,834892.1,577389.36,23290.0,24088,257502.74,30.842637030581553
1737,823521.11,601519.1,16089.0,17537,222002.01,26.957658681026402
3893,816412.77,645874.71,81723.0,81447,170538.06000000006,20.88870559925221
14006,812899.38,515597.76,91600.0,94779,297301.62,36.57299135841387
3625,785296.94,578749.7100000001,44406.0,45969,206547.22999999986,26.301799928062863
2015,771010.3099999999,610241.5,32969.0,33715,160768.80999999994,20.85170689870541
5242,763368.2999999999,559210.05,24770.0,25361,204158.24999999988,26.74439716713412
5299,761559.71,563231.34,35129.0,36909,198328.37,26.04239265756325
3798,748067.53,611358.9,29647.0,30830,136708.63,18.27490494073443
8178,724379.96,526072.71,27204.0,28421,198307.25,27.376136965467683
3746,724360.55,496792.68,57845.0,58309,227567.87000000005,31.416380972155377
19748,701955.59,433807.6,46069.0,47153,268147.99,38.20013599435828
2760,701171.5,538516.38,18250.0,19219,162655.12,23.19762283549745
3630,700960.78,544908.57,27622.0,27479,156052.21000000008,22.262616461936723
36378,695816.41,465013.72,67195.0,68084,230802.69000000006,33.1700555898071
5342,687309.77,441344.89999999997,22623.0,22234,245964.87000000005,35.786610453682336
8504,686725.33,404495.92,68667.0,69263,282229.41,41.09785931443653
1346,684455.5599999999,575927.0,22144.0,25540,108528.55999999994,15.856187945934716
3776,684036.0399999999,497315.2,25596.0,26795,186720.8399999999,27.29693014420701
38546,675519.62,356886.86,70188.0,70531,318632.76,47.16854263981259
5311,667168.24,436293.3,18376.0,18409,230874.94,34.60520542764446
4722,665392.63,552900.7000000001,18637.0,19910,112491.92999999993,16.906097983081047
5445,661672.67,521320.8,41133.0,44330,140351.87000000005,21.21167706684939
3728,658689.78,491403.87,26222.0,25959,167285.91000000003,25.39676720048701
24325,658288.13,449061.12,39387.0,41274,209227.01,31.783500334420435
3243,648535.33,475569.5,57067.0,57575,172965.82999999996,26.670224735482023
3276,643753.66,429350.22,44434.0,44631,214403.44000000006,33.305199383254774
4245,643474.8,466410.88,58320.0,58816,177063.92000000004,27.516838266238246
3238,632474.53,510296.16,20847.0,22352,122178.37000000005,19.317516232629963
5440,621256.18,474284.16000000003,18082.0,18298,146972.02000000002,23.657232673323268
8202,606781.84,431558.75,31816.0,32375,175223.08999999997,28.877444651276967
6579,605967.38,318768.0,56157.0,54960,287199.38,47.395188170029876
482,599601.34,412520.64,27866.0,28888,187080.69999999995,31.200847549807005
5735,598769.43,447044.09,46557.0,48121,151725.34000000003,25.33952676909374
23143,591669.53,345690.3,72139.0,74342,245979.23000000004,41.57375317265367
1220,589481.92,408139.05,18408.0,18645,181342.87000000005,30.76309278493224
8622,589317.73,395736.95999999996,4127.0,4544,193580.77000000002,32.84828542321305
497,584467.62,429240.0,29238.0,29200,155227.62,26.558805772679072
1883,583415.7,426707.19,32430.0,32253,156708.50999999995,26.860523294110866
3180,581784.62,354598.22,33938.0,32413,227186.40000000002,39.04991506994462
4198,575754.9199999999,455224.98,23008.0,25998,120529.93999999994,20.934244035639324
2520,572039.87,431681.67,9713.0,10227,140358.2,24.5364365948828
5312,571763.22,399634.2,26178.0,27186,172129.01999999996,30.10494798878458
2418,570271.16,405943.74,24284.0,24558,164327.42000000004,28.815663762480998
6479,567452.47,368120.55,61253.0,61869,199331.91999999998,35.1275094458572
3980,565522.1900000001,505601.95,15381.0,15805,59920.24000000005,10.595559477515822
14622,558344.6900000001,401711.42,45608.0,46387,156633.27000000008,28.053149390567334
1868,550740.5599999999,388078.02,7644.0,7821,162662.53999999992,29.535238879083092
1869,549291.81,397064.88,9219.0,9892,152226.93000000005,27.71330779535927
4673,549271.82,379439.12,8118.0,8132,169832.69999999995,30.91960916545837
2767,548648.39,413931.10000000003,2761.0,2963,134717.28999999998,24.554394482047048
8339,544906.37,400282.5,12463.0,13250,144623.87,26.54104961188103
1180,543425.09,379944.9,28291.0,29070,163480.18999999994,30.083298141423683
3668,536414.8200000001,433767.56,12218.0,12713,102647.26000000007,19.135798671632536
11214,534970.9199999999,377726.65,7612.0,7505,157244.2699999999,29.393049999801846
3684,527560.96,402055.68,51954.0,52351,125505.27999999997,23.789720907324146
8778,525233.04,408922.14,10796.0,10966,116310.90000000002,22.144627459079878
4225,522535.20999999996,369034.93,20179.0,20089,153500.27999999997,29.376064437839506
508,522309.15,380609.89,38335.0,38957,141699.26,27.12938496290942
3246,520763.55,401533.11,59245.0,59841,119230.44,22.895312085494464
2143,518089.37,379165.71,37763.0,37653,138923.65999999997,26.81461308499728
3344,516761.8,344833.02,24620.0,23798,171928.77999999997,33.27041201574883
41034,509372.48,287921.88,54744.0,54738,221450.59999999998,43.475179499292935
14672,508256.95,322920.54,27729.0,27814,185336.41000000003,36.46510096910628
11213,503067.48,331565.39999999997,25652.0,26190,171502.08000000002,34.09126743791907
6595,502198.46,283082.24,62368.0,63188,219116.22000000003,43.63140022372829
3878,499703.1,342399.4,43690.0,43015,157303.69999999995,31.47943248701078
1345,494732.98000000004,363050.45,12902.0,12761,131682.53000000003,26.616889377376868
8691,494108.17,374790.5,31383.0,31495,119317.66999999998,24.14808684503233
35412,491916.08999999997,306225.18,50797.0,51294,185690.90999999997,37.74849283746746
5391,491568.89,359566.28,29911.0,29914,132002.61,26.853328736893822
2752,490792.17000000004,336189.18,13083.0,12778,154602.99000000005,31.5007042594017
3485,485688.56999999995,363756.06,23843.0,24202,121932.50999999995,25.105081225197445
3456,483047.16,352225.61,25684.0,26543,130821.54999999999,27.082562704643582
4330,482985.67,369126.45,17633.0,17755,113859.21999999997,23.574036886021894
3997,474637.93,334881.75,23007.0,23835,139756.18,29.444798059017323
3352,474449.24,340005.05,18976.0,18095,134444.19,28.336896482329703
32915,472099.31,308111.58,30869.0,30842,163987.72999999998,34.735854623468946
7878,471064.4,311688.0,31160.0,31200,159376.40000000002,33.833250825152575
1384,470254.8,357777.0,17620.0,18900,112477.79999999999,23.91847993896075
1789,469722.75,353324.39999999997,20025.0,20590,116398.35000000003,24.780224078991285
3982,469603.00999999995,356638.38,22099.0,24801,112964.62999999995,24.05534623809161
35472,469543.36,277577.16,46764.0,47207,191966.2,40.883593796321605
800,468587.94,363710.84,14506.0,15142,104877.09999999998,22.381519251221015
3234,467921.35,334756.8,7465.0,7290,133164.55,28.458746325637847
3253,463220.03,339800.83999999997,37497.0,37423,123419.19000000006,26.64375070309461
857,462932.26,326068.05,19674.0,20165,136864.21000000002,29.564630038960782
2646,462119.67,376796.6,8233.0,8702,85323.07,18.463414465781128
4437,461672.38,332735.08,13562.0,14171,128937.29999999999,27.92831141425441
1956,456461.78,360429.87,7922.0,9013,96031.91000000003,21.038324391584336
40425,451247.84,246887.52,37020.0,38456,204360.32000000004,45.28782231954839
8506,449036.67,325305.54000000004,14633.0,15187,123731.12999999995,27.554794132960218
1269,447608.24,352732.38,16976.0,18458,94875.85999999999,21.196182626128596
4264,447487.39999999997,338428.56,28860.0,29352,109058.83999999997,24.371376713623665
1634,444949.86,311592.63,14614.0,15031,133357.22999999998,29.971293844209768
2932,444452.14999999997,360339.62,13785.0,14642,84112.52999999997,18.924991137966142
782,444072.52,330937.25,9148.0,9415,113135.27000000002,25.476755463274337
40096,443383.47,257235.04,24253.0,24452,186148.42999999996,41.98361973214743
27854,443192.12,314863.8,30768.0,30869,128328.32,28.955460670194228
3840,438524.32999999996,303283.64,21167.0,21076,135240.68999999994,30.8399513431786
1231,435377.67,345546.0,35733.0,36450,89831.66999999998,20.633044868837665
2889,432258.32,328978.2,13468.0,14260,103280.12,23.893147967631943
8815,431702.35,296537.71,48587.0,48853,135164.63999999996,31.30968362808309
2164,431674.05,316501.94,24495.0,26071,115172.10999999999,26.680341336246638
5191,430139.43,343781.36,43057.0,43352,86358.07,20.07676208619145
3879,427609.96,295391.04,36604.0,37344,132218.92000000004,30.92044909337473
40097,426705.89,249574.53,23511.0,23567,177131.36000000002,41.51134637490006
1545,423808.99,287124.7,14501.0,14785,136684.28999999998,32.25138994809902
14706,422212.55,222833.2,47545.0,48442,199379.34999999998,47.22250676821425
3682,413944.31,314007.68,17869.0,18848,99936.63,24.142530187212866
2426,413475.55,309637.55,7445.0,7445,103838.0,25.113455922605336
1767,412468.63999999996,334597.38,16336.0,17274,77871.25999999995,18.879316497855438
6983,408147.97,194973.52,25703.0,23576,213174.44999999998,52.22969747956851
3549,407030.68,326498.04,16532.0,18322,80532.64000000001,19.78539799506023
1375,402621.29,289604.5,26121.0,25183,113016.78999999998,28.070246856543523
8498,402153.9,235311.12,39910.0,40293,166842.78000000003,41.48729628134901
2665,400461.12,285668.12,19088.0,18574,114793.0,28.665204751961937
5337,394423.38,333040.2,14262.0,16167,61383.17999999999,15.56276405318569
3769,394134.45,298693.98,42105.0,42549,95440.47000000003,24.215206257661574
5105,390990.44999999995,266683.67,17355.0,18007,124306.77999999997,31.79279186998045
1770,389506.72000000003,283909.32,10128.0,10746,105597.40000000002,27.11054638543849
3488,387588.55,261478.8,16745.0,16740,126109.75,32.53701637986984
6349,383345.58,255349.13,54842.0,55151,127996.45000000001,33.38931154495117
33149,382832.11,210736.05,43685.0,43995,172096.06,44.953402680877524
5153,381031.35,266209.56,25465.0,25499,114821.78999999998,30.134473187048776
4368,379652.86,263846.85000000003,11114.0,11035,115806.00999999995,30.503131202541173
1921,379168.37,339241.56,5463.0,6436,39926.81,10.530100387856718
3444,375689.38,309826.68,10362.0,10636,65862.70000000001,17.531158320205915
15094,368418.66,256727.91999999998,25366.0,28274,111690.73999999999,30.316254882420996
43223,365707.74,231151.4,38054.0,38980,134556.34,36.79340776325926
5921,363394.82999999996,257975.38999999998,17317.0,17419,105419.43999999997,29.009614693747842
39335,362244.09,240651.25,25987.0,27503,121592.84000000003,33.56654900843241
11828,361343.84,191568.38,47866.0,48254,169775.46000000002,46.98446222301728
29248,360783.42,227263.59,33858.0,34803,133519.83,37.00830542600876
28947,357635.66,214609.83000000002,35634.0,36313,143025.82999999996,39.99204945054975
8526,355263.51,237682.62,12449.0,11634,117580.89000000001,33.096810308494675
6565,352579.31,228698.19999999998,37769.0,38180,123881.11000000002,35.135672027947415
8612,351316.83999999997,255645.57,5516.0,5583,95671.26999999996,27.23219017909872
11826,350764.84,226290.96,46616.0,47943,124473.88000000003,35.48641876420682
32826,348353.42,238464.81,10274.0,10641,109888.60999999999,31.545150324632953
31465,347563.54,216028.56,20846.0,20812,131534.97999999998,37.8448729115833
2788,346877.52,245577.63999999998,7748.0,7861,101299.88000000003,29.203356850567896
32648,344974.43,206254.8,38957.0,38916,138719.63,40.21156872409355
8838,344457.47,202904.07,25737.0,26317,141553.39999999997,41.09459434861435
1476,342245.56,185682.45,15044.0,11569,156563.11,45.74584108556441
3696,341285.93,246886.0,32157.0,32485,94399.93,27.660070838548776
6650,341002.63,190780.38,26137.0,25851,150222.25,44.05310598337614
12771,339061.28,226816.56,25372.0,26874,112244.72000000003,33.104552663754475
171,338434.10000000003,244968.64,6590.0,6664,93465.46000000002,27.61703386272247
15393,335460.35,204082.01,44465.0,45251,131378.33999999997,39.163597128542904
19848,335379.21,203440.77,35495.0,38169,131938.44000000003,39.34007716220693
2692,334079.63,252260.28,9337.0,9588,81819.35,24.490972406788167
44208,333084.70999999996,203910.9,18429.0,18622,129173.80999999997,38.78106863566328
3788,332234.81,253153.36,12119.0,12664,79081.45000000001,23.802879054124404
8111,331589.61,259998.2,334939.0,337660,71591.40999999997,21.590365874250395
8472,331230.36,215481.25,14364.0,14375,115749.10999999999,34.94519946782656
821,331221.84,245780.19,8616.0,8781,85441.65000000002,25.795898603787727
32906,329861.74,197248.08000000002,30852.0,30724,132613.65999999997,40.20280133124866
4678,329579.45999999996,240004.34000000003,14254.0,14303,89575.11999999994,27.178611191364883
8480,329242.0,250421.01,21500.0,22379,78820.98999999999,23.940138256965998
14393,328398.06,192543.0,28294.0,29622,135855.06,41.369020267659316
8626,326500.2,214599.63,18180.0,18389,111900.57,34.2727416399745
36770,326204.5,209155.6,33726.0,34120,117048.9,35.88206171282125
2645,325119.82,250137.03,10418.0,11427,74982.79000000001,23.06312485040131
24327,323546.95999999996,233913.6,15704.0,17856,89633.35999999996,27.703354097346477
8107,323428.91000000003,252997.12,9109.0,9472,70431.79000000004,21.77659071973499
46202,322375.46,204375.05,33442.0,33781,118000.41000000003,36.60340957714338
40545,321940.23,216970.5,21477.0,21850,104969.72999999998,32.60534727206972
8288,317622.81,199714.82,24819.0,25153,117907.98999999999,37.122015890483425
2756,316023.68,256825.8,10632.0,11220,59197.880000000005,18.732102606994516
1380,315297.14,226602.75,6486.0,6655,88694.39000000001,28.13041374241454
6575,314527.77,197538.0,31723.0,33825,116989.77000000002,37.19537069811038
3351,314369.77999999997,255142.29,18722.0,19227,59227.48999999996,18.840071078078804
2062,314043.83,215521.46000000002,5017.0,4886,98522.37,31.37217183983522
812,313344.20999999996,249710.89,14479.0,14663,63633.31999999995,20.307801443020107
3436,312799.06,243330.5,12094.0,12950,69468.56,22.20868566548761
13665,312371.37,211814.4,23175.0,23640,100556.97,32.19148092861391
8537,312343.97,204110.43,20903.0,21737,108233.53999999998,34.65203442217885
6725,312013.94,192643.0,22806.0,22825,119370.94,38.25820730958367
3804,308911.47000000003,230197.1,29953.0,30170,78714.37000000002,25.481206638264357
28147,308789.51,180213.6,27949.0,25240,128575.91,41.63869102936819
5315,307571.76,214591.3,11624.0,11165,92980.46000000002,30.230493202626928
2748,307040.36,238424.69,964.0,991,68615.66999999998,22.347443183039513
35464,306724.45,195610.31999999998,6091.0,6878,111114.13000000003,36.226042625555294
8473,306667.95,203658.52,8205.0,8333,103009.43000000002,33.58989095534764
8021,305773.24,254470.69,6976.0,8081,51302.54999999999,16.777972460899456
3397,305545.42,219098.88,12058.0,12012,86446.53999999998,28.292533398144204
1237,303998.42,250950.94,6658.0,7418,53047.47999999998,17.449919641029705
36771,303929.88,186216.24,31154.0,31192,117713.64000000001,38.73052560676167
46379,303925.04,177311.37,18796.0,18883,126613.66999999998,41.65950590974669
3851,303207.3,250508.82,20370.0,20841,52698.47999999998,17.38034671328823
1398,302732.61,219794.85,5339.0,5415,82937.75999999998,27.39637464229572
35414,301591.72,191115.01,31008.0,31177,110476.70999999996,36.63121454395365
4429,301339.83999999997,234879.38999999998,13116.0,13569,66460.44999999998,22.054982839308597
4226,300152.1,200501.76,25990.0,26107,99650.33999999997,33.199947626553325
2398,300055.52999999997,233503.2,13347.0,14238,66552.32999999996,22.180004481170524
2517,299856.37,200348.72,4263.0,4316,99507.65,33.18510458857352
27351,299322.23,185968.08000000002,17977.0,17916,113354.14999999997,37.870274453053476
3680,297848.51,222011.04,11749.0,11728,75837.47,25.461759066714823
1358,296925.25,218749.25,4775.0,5105,78176.0,26.328511973973246
567,295871.94,213747.91,10206.0,10321,82124.03,27.75661321583926
26948,295359.45,200206.92,15055.0,17364,95152.53,32.21584073236865
10058,293349.46,195358.22,21018.0,21097,97991.24000000002,33.40426806989862
4269,292863.98,218154.42,23702.0,23661,74709.55999999997,25.509985898573113
5891,291849.48,208987.84000000003,18252.0,17651,82861.63999999996,28.391909418512572
3427,291064.83999999997,204596.69999999998,11516.0,11462,86468.13999999998,29.70751809115797
3513,290943.74,205403.52,11526.0,11424,85540.22,29.40094878824339
7345,290794.5,181460.25,26350.0,26883,109334.25,37.59845870537441
44038,290136.68,171082.69999999998,27580.0,29195,119053.98000000001,41.033756917601735
2723,289581.94,217477.26,9306.0,10153,72104.68,24.899577646313162
43809,289571.31,171579.2,28969.0,29380,117992.10999999999,40.74716863352242
415,289524.39,189588.56,14561.0,14539,99935.83000000002,34.51724049915104
4223,288560.95,197481.12,13505.0,13236,91079.83000000002,31.56346345546756
38899,288466.55,174013.84,22045.0,23903,114452.70999999999,39.67625015794726
2531,288456.98,232360.07,4102.0,5011,56096.909999999974,19.447236118189956
3614,287664.12,218967.06,13788.0,13694,68697.06,23.88099704613839
115,287037.45,237613.03,10255.0,11119,49424.42000000001,17.218805420686397
4218,286511.17,233803.83,16583.0,18993,52707.34,18.39626008298385
8066,285991.46,225051.32,31254.0,31564,60940.140000000014,21.308377529874498
3612,284147.5,206370.24,30650.0,30304,77777.26000000001,27.372142989116572
3072,283914.35,211839.36,11265.0,11614,72074.98999999999,25.386173682309472
10723,283128.36,177995.80000000002,28164.0,28709,105132.55999999997,37.132472352822575
40098,281227.38,159239.58,15262.0,15341,121987.80000000002,43.37692866178251
4734,280600.63,236179.30000000002,18637.0,19847,44421.32999999999,15.830801947950004
5124,279734.5,219981.57,4150.0,4269,59752.92999999999,21.360586556180948
8258,278457.14999999997,196754.35,9285.0,9347,81702.79999999996,29.3412469387121
1278,277415.32,221025.25,7868.0,8275,56390.07000000001,20.326948778459677
2287,276954.10000000003,209682.72,6790.0,7176,67271.38000000003,24.289721654238022
3726,276249.33,203968.8,53667.0,53960,72280.53000000003,26.164961196466983
443,273863.95,189438.6,7705.0,7748,84425.35,30.827478388447986
42764,273570.44,168991.41,27708.0,27749,104579.03,38.22745980888871
1396,272761.25,191814.12,18275.0,18373,80947.13,29.676917084079946
27461,270058.6,179413.91999999998,29340.0,29316,90644.68,33.56481889486208
8451,269353.27999999997,195384.21000000002,15472.0,15519,73969.06999999995,27.461729814465208
822,267201.0,199420.24,9900.0,9976,67780.76000000001,25.36695596199116
2834,266925.97,193651.19999999998,15753.0,15744,73274.76999999999,27.45134540487012
3694,265312.61,196497.96,14539.0,14577,68814.65,25.937195371151034
4478,264650.88999999996,195982.05000000002,14711.0,14485,68668.83999999994,25.946952228273233
11970,264292.94,140352.84,17962.0,18204,123940.1,46.89497192017312
4265,264221.58,200048.94,24042.0,24219,64172.640000000014,24.28743329746193
3295,262992.16,191961.51,23984.0,24207,71030.64999999997,27.00865683600605
22143,262676.49,158904.6,15511.0,15105,103771.88999999998,39.505587272008995
3724,260229.80999999997,181560.19,14719.0,14749,78669.61999999997,30.230825592194826
4359,260198.97,187167.96,24253.0,24276,73031.01000000001,28.06737090465808
8264,259038.34,155638.71,28366.0,28983,103399.63,39.91672815692071
27735,258987.15,174279.17,25329.0,26689,84707.97999999998,32.70740652576778
33582,258911.62,151202.76,23538.0,23406,107708.85999999999,41.60062804442689
5491,258819.4,191657.12,130060.0,131272,67162.28,25.949476739378884
3960,258592.57,191428.16,20143.0,20108,67164.41,25.973062567110883
32907,258456.59,157271.19,29629.0,29287,101185.4,39.149862651983454
5101,258455.35,203093.33000000002,18265.0,19547,55362.01999999999,21.420342043606368
31487,257728.91,170232.19999999998,32413.0,32180,87496.71000000002,33.9491250709903
2973,257336.97999999998,180436.5,9002.0,9090,76900.47999999998,29.88318274349842
8670,255130.42,156866.55,20008.0,19983,98263.87000000002,38.51515236795362
16794,254650.63,150654.74,13606.0,13771,103995.89000000001,40.83865411996036
3834,253062.55,196242.09,19245.0,19183,56820.45999999999,22.45312868300742
6281,252407.0,166001.92,18500.0,18527,86405.07999999999,34.232442047962216
5765,251755.31,178782.52,17169.0,17257,72972.79000000001,28.985601137866766
903,251306.34999999998,179143.86,9465.0,9534,72162.48999999999,28.714948905986653
6688,251277.02,155219.96,26194.0,26716,96057.06,38.22755459293492
1892,250837.29,183473.28,253371.0,254824,67364.01000000001,26.855660097428103
3787,248461.22999999998,175182.8,14977.0,14846,73278.43,29.492903178495894
15105,248151.38,160132.97999999998,22874.0,23343,88018.40000000002,35.46963954018713
2958,247565.39,187276.54,4161.0,4598,60288.850000000006,24.352697281312224
8462,247420.16999999998,171204.04,10783.0,10822,76216.12999999998,30.804331756784414
305,247039.74,198690.66,8826.0,8946,48349.07999999999,19.5713774633992
8513,245204.17,164577.28,25083.0,25088,80626.89000000001,32.88153296903557
5356,245074.68,176407.98,24532.0,24707,68666.69999999998,28.018683937483868
3534,244901.13999999998,173905.07,9386.0,9571,70996.06999999998,28.989685388969598
597,244828.53,190777.33000000002,8747.0,8861,54051.19999999998,22.077165598306696
7715,244003.85,139664.0,45565.0,46400,104339.85,42.761558885238905
20357,243756.84,157054.59,27926.0,30261,86702.25,35.56915572092254
381,241001.44,185542.0,12056.0,12796,55459.44,23.012078268080057
4267,240837.56999999998,181660.6,11043.0,11630,59176.96999999997,24.57131999795546
5661,240509.2,182012.74,17280.0,17654,58496.46000000002,24.321921988847002
1955,239666.88,191514.96,19712.0,19908,48151.92000000001,20.09118656695494
5111,239543.37,176150.88,241963.0,244654,63392.48999999999,26.463888355582537
5297,239029.83000000002,182382.0,16817.0,16950,56647.830000000016,23.699062999793796
8143,238310.5,181673.84,6414.0,7892,56636.66,23.765910440370863
2656,238229.18,190241.92,9282.0,9746,47987.25999999998,20.14331745590527
16262,238209.55,140584.4,19425.0,19580,97625.15,40.98288670626346
3658,237481.54,182055.5,4046.0,4345,55426.04000000001,23.33909406179529
8441,237351.59,166438.28,18491.0,18659,70913.31,29.87690539591498
10727,237069.63,136142.65,25225.0,25165,100926.98000000001,42.57271587254766
5587,236196.4,164295.75,12660.0,12475,71900.65,30.441043978655053
24455,235731.91,143541.18,11732.0,12258,92190.73000000001,39.10829467253713
273,235543.58,214038.15,10442.0,12365,21505.429999999993,9.13012785149992
3938,233926.4,163006.99,12960.0,13051,70919.41,30.316975766736892
3706,233895.03999999998,186953.28,13896.0,14304,46941.75999999998,20.06958334815479
10472,232387.49,164934.04,25151.0,27172,67453.44999999998,29.02628278312227
14701,232214.66,148438.17,30834.0,32481,83776.48999999999,36.07717531701056
33874,231821.49,141403.2,21351.0,21360,90418.28999999998,39.003411633666914
8517,231267.08,158974.19999999998,11292.0,11470,72292.88,31.259477137861563
3529,230982.93,159461.64,15907.0,15726,71521.28999999998,30.963885513098298
8474,230884.46000000002,154096.58,6154.0,6259,76787.88000000003,33.258141323153595
8023,230817.31,159968.88,49019.0,48771,70848.43,30.694591319862447
3859,230764.31,172463.25,25669.0,25325,58301.06,25.264331386426264
4174,230394.16999999998,178981.1,7883.0,8290,51413.06999999998,22.315265182274352
3733,230059.53,175896.19999999998,2047.0,2095,54163.330000000016,23.543180323805764
5096,229682.86000000002,175300.6,21914.0,21940,54382.26000000001,23.67710851388737
4222,229242.9,168237.44,20910.0,21056,61005.45999999999,26.611711856724895
21019,229216.87999999998,134817.02,12512.0,12647,94399.85999999999,41.18364232163007
44547,229163.53,150891.3,3179.0,3342,78272.23000000001,34.15562240640996
3050,229056.21,166883.85,25479.0,25635,62172.359999999986,27.142839742262385
3329,229023.25,167098.6,14875.0,15415,61924.649999999994,27.038586693709043
13661,228007.94,148352.58,12362.0,12778,79655.36000000002,34.9353447954488
41213,224192.78,185696.95,13578.0,15385,38495.82999999999,17.170860720849255
12220,223629.58000000002,128484.08,23606.0,23446,95145.50000000001,42.54602633515656
3606,223483.59,167302.9,225741.0,226085,56180.69,25.138619797543075
15527,223386.4,136623.15,20760.0,20795,86763.25,38.839987573102036
8627,222471.82,130136.77,23741.0,23791,92335.05,41.50415544764276
23739,221735.87,125562.75,17253.0,17319,96173.12,43.37282912322666
20533,221166.75,150898.94999999998,17025.0,17649,70267.80000000002,31.771412294117457
4662,220629.66999999998,154753.56,11033.0,10062,65876.10999999999,29.8582280433996
43434,220169.44999999998,139409.84,9063.0,8948,80759.60999999999,36.68066119073286
8678,219699.09,133201.44,14191.0,14292,86497.65,39.370964167398235
10421,219454.37,128401.7,20739.0,21763,91052.67,41.490479319231596
4066,219417.81,126598.2,10719.0,9852,92819.61,42.30267816454827
3967,218911.44,169837.92,13156.0,14442,49073.51999999999,22.41706509262375
4652,218786.88,168165.69,1312.0,1419,50621.19,23.137214626398073
1962,218340.11,167988.88,14289.0,15244,50351.22999999998,23.060916292475984
8166,217855.91999999998,165858.7,10608.0,10955,51997.21999999997,23.867710365639812
4296,217813.26,156601.53,16774.0,16857,61211.73000000001,28.102848283892364
6824,216815.21,164833.5,14579.0,16050,51981.70999999999,23.97512148709493
40337,216780.8,150380.73,21970.0,22889,66400.06999999998,30.63005118534482
39087,215091.88,122717.16,18412.0,18426,92374.72,42.94663285289989
2374,214992.82,188720.84,5118.0,6041,26271.98000000001,12.219933670343043
45822,214213.21,128079.87,22599.0,23851,86133.34,40.209163571191525
1003,214036.9,199470.18,9310.0,11973,14566.720000000001,6.80570499759621
3835,213796.57,148657.80000000002,17843.0,18129,65138.76999999999,30.46764033679305
5292,213373.31,161617.17,11069.0,12309,51756.139999999985,24.25614525078136
4221,213320.77,118310.42,11823.0,9143,95010.34999999999,44.538724475821084
3704,212825.99,148870.48,8401.0,8104,63955.50999999998,30.050610830002473
8746,212476.74,124125.54000000001,31126.0,30877,88351.19999999998,41.58158676568549
3818,212452.59,146242.9,6641.0,6730,66209.69,31.164454149511666
4224,212285.18,148822.96,13082.0,13009,63462.22,29.894795293764737
1382,212185.04,153709.92,5196.0,5382,58475.119999999995,27.558549839328915
41321,211854.54,139692.86,12186.0,12769,72161.68000000002,34.06189926352299
3761,211730.95,149769.32,4305.0,4369,61961.630000000005,29.264323425554934
3389,211627.43999999997,163718.91999999998,12456.0,13108,47908.51999999999,22.638141821306345
3366,211241.91,149927.4,6009.0,6132,61314.51000000001,29.02573168364176
4246,211183.84,131664.0,30666.0,31200,79519.84,37.65432051997918
966,210796.12999999998,151696.95,9887.0,9393,59099.179999999964,28.036178842562226
8421,210632.5,131150.29,38974.0,38917,79482.20999999999,37.735017150724595
34428,210627.53,124684.8,13443.0,13056,85942.73,40.80317990720396
6231,210520.44999999998,132801.37,12487.0,12931,77719.07999999999,36.917591616396415
26945,210229.32,125102.83,17068.0,18479,85126.49,40.49220632022213
3364,209811.47,150511.19999999998,8353.0,8432,59300.27000000002,28.26359779091201
5447,209580.21,164159.45,20979.0,21515,45420.75999999998,21.672256173424
31915,209370.09,151092.9,18011.0,18270,58277.19,27.834534531651585
8342,209317.89,138880.36000000002,16311.0,16916,70437.53,33.65098415620375
1378,209093.17,157919.4,22033.0,22305,51173.77000000002,24.474147099113765
538,208951.04,127877.4,15596.0,16065,81073.64000000001,38.80030460724197
4199,208875.83,191415.96,9217.0,11313,17459.869999999995,8.358970973328987
11825,208652.63,136072.0,27737.0,29200,72580.63,34.785389477237835
1379,208508.21,156065.97999999998,13479.0,13678,52442.23000000001,25.15115831649987
6351,208058.84999999998,137759.96,11715.0,12322,70298.88999999998,33.78798354407899
18988,207832.65,135974.2,15235.0,15278,71858.44999999998,34.57514976592946
31489,206665.66,119715.86,19586.0,20966,86949.8,42.072688805677736
5353,206346.24,137801.07,11026.0,10791,68545.16999999998,33.21852145209914
8562,205463.74,150504.64,13026.0,13156,54959.09999999998,26.74880735647077
38888,204836.72999999998,124760.08,7327.0,7391,80076.64999999998,39.09291561137497
3827,204709.41,146661.12,15759.0,15804,58048.29000000001,28.356434616268988
3924,204392.94999999998,141855.56,8105.0,8162,62537.389999999985,30.596647291406082
3790,204226.72,164703.0,4328.0,4620,39523.72,19.352864306884037
6264,204172.08,135590.53,27492.0,28307,68581.54999999999,33.59007264852275
1896,203200.63999999998,135044.46,1936.0,1962,68156.18,33.541321523396775
13940,203177.05,124490.85,11195.0,11913,78686.19999999998,38.72789766363868
39384,203144.57,119893.76,13775.0,13381,83250.81000000001,40.9810658488189
32749,203016.11,116382.76,21989.0,22126,86633.34999999999,42.67314056997743
5392,202824.88999999998,143919.17,10511.0,10559,58905.71999999997,29.042648562511225
6574,202573.38,121588.29000000001,12162.0,12171,80985.09,39.97815013996409
3894,202316.99,138143.12,15251.0,15214,64173.869999999995,31.719466565808435
4380,201244.17,159597.32,14183.0,14723,41646.850000000006,20.694686459736946
5109,200642.77,141056.4,14323.0,14335,59586.369999999995,29.697740915359173
3656,200189.06,154042.94,7894.0,7706,46146.119999999995,23.051269634814208
8424,199138.59,132535.44,8041.0,8136,66603.15,33.445626987717446
2436,198947.28,160462.16999999998,13272.0,13383,38485.110000000015,19.34437605781794
3637,198872.26,147185.93,37594.0,37837,51686.330000000016,25.989713195797147
8102,198849.84,147353.65,7916.0,7901,51496.19,25.897023603338077
5233,198561.75,146029.5,9825.0,10071,52532.25,26.456379438638105
17176,198440.18,116592.39,23482.0,22293,81847.79,41.24557335112274
5505,198103.68,155353.0,10432.0,10714,42750.67999999999,21.579952477409805
3272,198008.78,142129.88999999998,10722.0,10743,55878.890000000014,28.220410226253613
24188,197484.76,107140.05,12604.0,12531,90344.71,45.7476870620295
3800,196544.39,171271.45,3561.0,3997,25272.940000000002,12.858642263968969
21985,196130.54,119410.8,17874.0,18120,76719.74,39.116671987952515
32368,196006.04,121750.2,18356.0,18876,74255.84000000001,37.8844651930114
18893,195851.1,150139.99000000002,20530.0,21791,45711.109999999986,23.339725944863208
12216,195680.4,137215.98,19810.0,20603,58464.419999999984,29.877504338707396
8469,195273.25,133398.81,7975.0,8189,61874.44,31.686080914820643
1465,194469.69999999998,130829.44,11830.0,11872,63640.25999999998,32.725026058044
12181,194360.12,140564.16,5188.0,5742,53795.95999999999,27.678497008542696
43872,194304.61,120485.22,9219.0,9517,73819.38999999998,37.99157930426869
41253,194248.56,114187.5,19284.0,18750,80061.06,41.21578044130674
5849,193756.31999999998,138160.80000000002,11168.0,11142,55595.51999999996,28.693525971178623
4089,193553.78,118441.62000000001,8722.0,8118,75112.15999999999,38.80686804463338
34903,193019.74,122796.27,25256.0,26753,70223.46999999999,36.38149652465597
807,192879.61,137446.47,10239.0,10389,55433.139999999985,28.739761553852162
5219,192403.91999999998,129667.23,9808.0,9801,62736.68999999999,32.60676289755426
26949,192403.31,130793.66,8369.0,8422,61609.649999999994,32.021096726454445
44712,192344.34,103976.59999999999,8566.0,7540,88367.74,45.942469635446514
2894,192295.11,139260.28,10689.0,10762,53034.82999999999,27.579916098750505
16260,192234.14,121098.08,15806.0,15976,71136.06000000001,37.00490453984917
2721,192003.28,177870.96000000002,3172.0,3736,14132.319999999978,7.360457592182788
3086,191347.32,135986.46,3868.0,3882,55360.860000000015,28.932132417637213
32263,191345.57,139712.8,18623.0,20546,51632.77000000002,26.98404253623432
3422,191335.0,154575.33,9500.0,9667,36759.67000000001,19.212203726448383
4187,190625.62999999998,127639.04999999999,9737.0,9933,62986.57999999999,33.04203112666434
41072,190470.9,114713.28,14310.0,14058,75757.62,39.7738552188287
6918,190349.34,124479.59999999999,11466.0,11368,65869.74,34.60465899172543
46447,190040.43,103519.8,17157.0,16915,86520.62999999999,45.52748591444462
28889,189144.58,130651.54,12192.0,12314,58493.03999999999,30.925041574017083
4181,189110.7,154736.18,16430.0,16514,34374.52000000002,18.17693023186949
43362,188877.73,104566.81,1759.0,1517,84310.92000000001,44.637829986626805
29169,188836.31,122878.72,11369.0,11294,65957.59,34.9284467589946
5847,188616.19,142824.81,8181.0,8251,45791.380000000005,24.277544785524512
6162,188476.25999999998,119508.18,8574.0,8422,68968.07999999999,36.592449362057586
42422,188405.93,119795.2,14007.0,15280,68610.73,36.416438697019785
25269,188333.86000000002,106079.81999999999,22456.0,22961,82254.04000000002,43.674589370174864
4798,187794.31,146712.72,94369.0,95268,41081.59,21.875843842127058
8450,187580.8,130616.64,9420.0,9424,56964.15999999999,30.367798836554698
1961,187406.2,137004.30000000002,5580.0,5730,50401.899999999994,26.89446773906092
3627,187398.2,136895.69999999998,14380.0,14610,50502.50000000003,26.94929833904489
31909,187011.91,112978.20000000001,9809.0,8758,74033.70999999999,39.587697917207514
17345,186549.84,112086.5,18136.0,18650,74463.34,39.916056749231196
3782,186388.78,138123.68,7572.0,7312,48265.100000000006,25.89485268372914
44511,186135.73,109989.09999999999,12155.0,11590,76146.63000000002,40.90919567135231
3158,185931.41999999998,143356.02000000002,11058.0,11226,42575.399999999965,22.898442877486747
45848,185907.03,127886.07,17401.0,19289,58020.95999999999,31.20966431446944
8296,185815.88,153722.8,6212.0,7084,32093.080000000016,17.271440955423195
5296,185106.58999999997,158268.33000000002,6341.0,7533,26838.25999999995,14.49881389960236
35914,185085.32,112646.44,20468.0,20444,72438.88,39.13810128215463
21208,184705.82,121363.2,11318.0,11760,63342.62000000001,34.29378673611909
43225,184491.55,129877.29,6445.0,7101,54614.259999999995,29.602580714401284
6451,183749.32,104511.96,19856.0,17332,79237.36,43.122532371820476
3679,182523.56,124802.37,8444.0,8613,57721.19,31.623966790917297
1468,182518.12,146302.54,4288.0,4646,36215.57999999999,19.842183340481476
32831,181998.88,91867.5,16312.0,13610,90131.38,49.523041020911776
1239,181998.5,138885.27,3550.0,3473,43113.23000000001,23.688783149311675
46021,181882.25,101218.93,15571.0,15313,80663.32,44.34919845119577
3452,181795.17,138783.3,24803.0,25006,43011.870000000024,23.659522967524396
2494,180958.49000000002,114793.0,3851.0,3703,66165.49000000002,36.563904793856324
2890,180430.09,140802.5,6491.0,6626,39627.59,21.962849988048
1348,180410.81,126214.40000000001,10319.0,10660,54196.40999999999,30.040555773792043
23095,179852.7,126639.8,25730.0,26605,53212.90000000001,29.586934196706533
37822,179836.8,141554.16,10570.0,12078,38282.639999999985,21.28743394010569
4194,179783.85,125553.12000000001,13415.0,13244,54230.729999999996,30.164405757246826
8338,179479.86,125425.44,8614.0,8656,54054.419999999984,30.11726218195177
2886,179095.03,158768.4,2897.0,3227,20326.630000000005,11.34963376705652
5616,178630.63999999998,138358.48,8936.0,8996,40272.159999999974,22.544934060584442
824,178592.83,140898.12,6617.0,6787,37694.70999999999,21.10650802722595
10236,178565.6,93602.85,12944.0,11985,84962.75,47.58069303382062
1424,178095.41,128159.94,12359.0,13226,49935.47,28.03860582369866
15229,177568.56,76685.06999999999,4144.0,2937,100883.49,56.81382447433262
3216,177247.95,129984.0,16805.0,16925,47263.95000000001,26.665442392986776
3527,176974.8,123237.45,5820.0,5635,53737.34999999999,30.364407813993854
34904,176844.86000000002,115422.84,23344.0,24663,61422.02000000002,34.73214884503854
24088,176810.6,102147.5,11436.0,11674,74663.1,42.22772842804673
20863,176611.99,150271.16,14829.0,16999,26340.829999999987,14.914519676721829
3396,175850.15999999997,116265.64,8584.0,8468,59584.519999999975,33.88368824913209
40193,175833.73,105801.15,19277.0,21905,70032.58000000002,39.82886559933638
3347,175782.85,123179.28000000001,4215.0,4313,52603.56999999999,29.92531410202986
8413,175762.3,138958.68000000002,9770.0,9731,36803.619999999966,20.939427852275468
4268,175606.91,167060.5,7809.0,9154,8546.410000000003,4.866784570151598
41252,175543.44,101691.99,20856.0,19823,73851.45,42.07018502087004
2017,175424.18,121953.48,2682.0,2724,53470.7,30.480803729565675
6855,175192.36,122856.72,8764.0,8088,52335.639999999985,29.87324333093063
2967,174601.2,141047.99,2980.0,3463,33553.21000000002,19.21705578197631
2580,174154.54,154785.92,4946.0,5272,19368.619999999995,11.121513111286099
26092,174141.38,100398.4,21162.0,20960,73742.98000000001,42.34661514684219
27350,173797.08,113140.8,10492.0,10476,60656.279999999984,34.9006323926731
3310,173753.23,127422.4,28977.0,29360,46330.830000000016,26.664730203864416
8072,173745.35,120751.68,4465.0,4832,52993.67000000001,30.500770236440864
4563,173593.72,116143.38,9628.0,9567,57450.34,33.09471102986905
32924,173540.89,101511.90000000001,3811.0,3690,72028.99,41.50548611338803
1388,173392.38999999998,134443.9,6961.0,6995,38948.48999999999,22.462629415281718
3636,172791.78,126921.98999999999,25022.0,25233,45869.79000000001,26.546280152910057
3511,172716.79,127373.31999999999,16621.0,17593,45343.470000000016,26.253075916938943
4939,172157.23,120883.70000000001,10477.0,10430,51273.53,29.782966419708305
2570,172043.81,155135.1,2119.0,2715,16908.709999999992,9.828142029637679
8781,172021.99,97792.32,9701.0,9476,74229.66999999998,43.15126804427736
28163,171790.64,102654.64,15192.0,15052,69136.00000000001,40.2443346156694
5368,171642.74,124855.54,8176.0,8198,46787.2,27.25847886138383
2373,171594.86,122852.31,11264.0,11939,48742.54999999999,28.405600260986834
2587,171430.56,121720.69,9294.0,9607,49709.869999999995,28.997087800448178
3699,171362.32,131347.0,4268.0,4237,40015.32000000001,23.35129449694659
6420,171189.35,95244.18,29537.0,29951,75945.17000000001,44.363256242283775
1373,170762.79,121750.72,11221.0,11752,49012.07000000001,28.701844236674752
1637,169830.4,119015.07,14560.0,14639,50815.32999999999,29.921221406768154
16289,169534.88,110012.43000000001,21288.0,21197,59522.45,35.109264830930364
44494,169510.57,106051.5,21783.0,23567,63459.07000000001,37.43664480627963
14129,168780.04,110007.04000000001,18972.0,18304,58773.0,34.82224556884807
4385,167640.63,113348.62,6837.0,6853,54292.01000000001,32.38594963524058
22019,167619.57,91695.52,9803.0,9424,75924.05,45.295456849101804
2100,167333.36000000002,121183.12,16564.0,16738,46150.24000000002,27.57982030600474
6976,167311.09,108799.59999999999,8491.0,8540,58511.490000000005,34.971674621210106
3497,167302.71,135690.99,1729.0,1857,31611.72,18.894924057117784
6933,167048.27,100639.58,18761.0,19133,66408.68999999999,39.75419200689716
2854,166564.47,135882.3,2953.0,3534,30682.170000000013,18.42059714175539
8840,166549.45,104809.31999999999,13255.0,13167,61740.13000000002,37.07014943609842
44228,166518.57,81764.93,15718.0,14627,84753.64000000001,50.89741042095186
44717,165981.13999999998,105346.16,11086.0,11602,60634.97999999998,36.53124686334844
12212,165918.04,106041.59999999999,9296.0,10080,59876.44000000002,36.08796246628758
19948,165773.68,105388.56,10040.0,10476,60385.119999999995,36.4262408845602
19224,165657.54,107742.18,8246.0,8457,57915.360000000015,34.96089583365781
4916,165412.13,112840.06,14187.0,14338,52572.07000000001,31.78247568663798
3495,165384.76,116659.2,4624.0,4960,48725.56000000001,29.461940749558792
408,165112.8,123487.37,8720.0,9521,41625.42999999999,25.21029865643366
24875,164887.11000000002,112819.59000000001,23589.0,24687,52067.520000000004,31.57767760014715
42099,164562.84,101893.20000000001,8916.0,8938,62669.639999999985,38.08249784702305
3286,164221.13,118450.64,3287.0,3283,45770.490000000005,27.871255057129375
32108,164008.15,109976.77,10493.0,10667,54031.37999999999,32.94432624232393
10266,164001.51,100475.04,10249.0,10488,63526.470000000016,38.73529579087413
5444,163818.05,118962.9,8195.0,8210,44855.149999999994,27.381079191212443
6647,163534.03,89924.79000000001,18847.0,18021,73609.23999999999,45.01157343214742
3871,163212.63,114004.6,13637.0,13903,49208.03,30.149645894438436
3899,162720.18,90015.2,40782.0,40916,72704.98,44.68098548071911
6599,162703.12,80521.18,13838.0,13931,82181.94,50.51036513620637
5750,162655.16,112700.61,12684.0,12969,49954.55,30.711936836187675
26463,162565.51,100630.65,21469.0,21641,61934.860000000015,38.09840106920589
8921,162549.0,94897.6,8484.0,8288,67651.4,41.619081015570686
5382,162437.53,121181.28,12847.0,12837,41256.25,25.398225397788305
4829,162256.01,119855.81999999999,12599.0,12498,42400.19000000002,26.131660700888688
3038,161886.13,113965.92,15887.0,15984,47920.21000000001,29.601183251462004
3896,161690.34,129761.56999999999,49146.0,49339,31928.770000000004,19.746863046982277
26383,161330.26,105773.34,12974.0,13406,55556.92000000001,34.43676344413008
3837,161250.21,117630.0,162879.0,163375,43620.20999999999,27.051257793710775
8358,161219.35,102458.79,8065.0,7071,58760.56000000001,36.44758523092918
6649,161133.81,104584.43,12819.0,13289,56549.380000000005,35.094670696361
3766,161089.99,113368.75,12201.0,12125,47721.23999999999,29.623963599476287
3054,161026.78,111273.8,13722.0,13670,49752.979999999996,30.89733272937582
743,160767.84,121654.5,3216.0,3333,39113.34,24.32908223435732
3821,159783.39,109576.6,13161.0,13363,50206.79000000001,31.421782952533427
3025,159459.82,122349.3,13018.0,13170,37110.520000000004,23.27264636320297
24786,158963.61000000002,69802.01,639.0,437,89161.60000000002,56.0893150325411
3502,157942.33000000002,114244.90000000001,13867.0,14035,43697.43000000001,27.666699611180867
39146,157800.27,89278.16,13573.0,13672,68522.10999999999,43.42331606910431
2476,157718.86,93066.97,6614.0,5543,64651.889999999985,40.99185728326973
3830,157610.0,112914.0,6400.0,6120,44696.0,28.358606687392935
31231,157501.83,95746.97,14617.0,14753,61754.859999999986,39.208979349636756
4488,157493.97,107780.78,13203.0,13439,49713.19,31.565138652610003
41751,157241.37,113732.8,16563.0,18344,43508.56999999999,27.669925541859623
21609,156988.39,111377.08,10977.0,11626,45611.31000000001,29.05393831989742
39356,156711.02,99416.0,8498.0,8600,57295.01999999999,36.560938726580936
18347,156530.98,92646.84,10202.0,10798,63884.140000000014,40.81245770006679
2960,156141.13,103455.28,1387.0,1492,52685.850000000006,33.74245466265039
8033,155554.75,121872.4,52025.0,52988,33682.350000000006,21.6530514175877
3583,155528.66999999998,100362.78,7533.0,7586,55165.889999999985,35.46991689699397
18743,154967.99,112988.8,14701.0,16616,41979.18999999999,27.088942690680824
4313,154464.25,116520.0,5675.0,6000,37944.25,24.565069263599828
14930,154020.91999999998,95051.97,15732.0,16029,58968.94999999998,38.28632500052589
18013,153620.59,92125.67,19741.0,19643,61494.92,40.0303891555162
2586,153407.93,116221.69,51307.0,52589,37186.23999999999,24.240102842141205
16610,153305.12,100177.59999999999,14488.0,14732,53127.520000000004,34.65475908436718
4233,153199.13,99453.19,12287.0,12637,53745.94,35.0824054940782
7221,152912.73,100156.0,14577.0,14600,52756.73000000001,34.50120209089198
3316,152526.41,113797.2,12459.0,12815,38729.21000000001,25.391805917414565
41159,152217.69999999998,104199.2,6270.0,6472,48018.499999999985,31.54593716762242
3237,151349.24,114325.64,5976.0,6292,37023.59999999999,24.462362678530788
5197,151301.0,102913.5,18000.0,17898,48387.5,31.980951877383497
44719,151205.4,95826.12000000001,14860.0,13908,55379.279999999984,36.62519989365458
1595,151074.11000000002,112207.38,10189.0,10266,38866.73000000001,25.726929650619823
8085,150722.45,149010.57,4555.0,5823,1711.8800000000047,1.135783023696871
26181,150538.11000000002,81565.36,17145.0,17848,68972.75000000001,45.81746774952868
6938,150520.81,89846.33,18819.0,19157,60674.479999999996,40.30969538364828
39479,150188.07,104408.73,18801.0,19737,45779.34000000001,30.481342492782552
8387,149388.44,101785.85,6556.0,5833,47602.59,31.864975629975113
5758,149258.31999999998,101587.93000000001,7568.0,7621,47670.38999999997,31.938179392612735
676,149096.03,117025.85,13497.0,13529,32070.179999999993,21.509747777992473
24419,148890.37,94878.98,13263.0,14077,54011.39,36.275945851971485
28856,148531.85,92573.25,7099.0,8085,55958.600000000006,37.67447857143098
2619,148432.78999999998,111515.95999999999,2221.0,2162,36916.82999999999,24.87107464597276
31186,148332.38999999998,97254.0,8961.0,9005,51078.389999999985,34.43508865460874
42766,148235.97,85550.4,14989.0,14624,62685.57000000001,42.287691712072316
5170,148198.36000000002,105414.48,10564.0,10552,42783.88000000002,28.869334316520114
3654,147999.47,114388.56,2753.0,2904,33610.91,22.710155651233077
6960,147959.32,94530.0,19968.0,20550,53429.32000000001,36.11081748686058
3989,147676.34,123690.23999999999,8966.0,10368,23986.100000000006,16.24234457598286
1174,147438.69,115724.04,7131.0,7292,31714.65000000001,21.51039866130119
7302,147412.15,88448.34000000001,13085.0,13777,58963.80999999998,39.999287711358924
16806,147400.08,90979.8,16757.0,17166,56420.279999999984,38.276967013857785
2518,147315.99,104616.83,2801.0,2867,42699.15999999999,28.984742253709182
3356,146876.56,106090.98,23544.0,23734,40785.58,27.768610593821098
3457,146813.38,93705.06,4162.0,4187,53108.32000000001,36.17403263925945
36380,146533.32,79885.41,14668.0,12309,66647.91,45.48310923413187
8236,146467.0,104952.02,98300.0,98086,41514.979999999996,28.344255019902093
3808,146252.25,97983.0,10975.0,10260,48269.25,33.0041076291134
5367,146209.51,92032.37999999999,15699.0,15786,54177.13000000002,37.05445015170355
4502,145991.61,108258.15,6639.0,6695,37733.45999999999,25.846320894741826
10957,145958.24,95202.72,15576.0,15556,50755.51999999999,34.77400111155081
31320,145815.63,95272.66,19987.0,20314,50542.97,34.6622443698251
2125,145728.39,126785.24,2861.0,3449,18943.15000000001,12.99894275919744
15428,145221.51,101687.58,12449.0,12807,43533.93000000001,29.977604557341405
5060,145183.62,103859.8,10338.0,11108,41323.81999999999,28.463142054179386
12213,145025.77,88327.13,16723.0,16697,56698.639999999985,39.09556211975292
8398,144663.93,93423.98999999999,2907.0,2803,51239.94,35.41998340567687
4179,144216.81,101952.76000000001,6719.0,6734,42264.04999999999,29.305911009957846
1758,143989.54,103743.36,3446.0,3486,40246.18000000001,27.95076642372773
2755,143817.44999999998,115246.08,5755.0,5856,28571.36999999998,19.86641398522918
8726,143676.01,103131.6,72199.0,72120,40544.41,28.219331814685
32908,143443.83,84049.59999999999,13263.0,12832,59394.229999999996,41.4059147751423
27556,143436.15,105616.3,10885.0,11867,37819.84999999999,26.36702811669164
77,143416.71,113583.48000000001,10429.0,10932,29833.22999999998,20.80178104768962
984,143414.18,110989.4,5482.0,5380,32424.78,22.609186901880975
38850,143317.35,88698.75,19025.0,19075,54618.600000000006,38.110249735988006
38457,143160.21,94443.84,18799.0,20576,48716.369999999995,34.02926693108371
14342,142812.6,94723.2,18940.0,20592,48089.40000000001,33.67307926611518
26732,142666.23,83646.01,10877.0,12319,59020.220000000016,41.36943970552808
8737,142631.76,84687.54000000001,11624.0,11861,57944.22,40.62504732466317
34134,142328.84,71691.84,13916.0,12276,70637.0,49.62943560841218
19270,142243.08,96979.56,5692.0,5899,45263.51999999999,31.821245715433044
1394,142141.19,110087.76,8381.0,8682,32053.430000000008,22.550416244580482
44334,142137.78,91500.64,11622.0,11671,50637.14,35.62539108180809
8018,141699.28,91328.40000000001,19622.0,19854,50370.87999999999,35.54773178805142
8345,141624.64,82086.45999999999,24136.0,24358,59538.18000000002,42.039421953693946
4157,141210.63,102669.84,142637.0,142597,38540.79000000001,27.293122337886324
5058,141149.29,100486.39,8471.0,8423,40662.90000000001,28.808433963784026
3042,140973.78,101048.67,11372.0,11709,39925.11,28.32094734212277
3041,140309.83,89496.33,15317.0,15351,50813.499999999985,36.21521029567208
17865,140286.33,83378.19,13507.0,13691,56908.139999999985,40.565705867421286
7716,140239.79,91452.7,23971.0,24130,48787.09000000001,34.78833646285409
8223,139587.53,94825.08,9247.0,9153,44762.45,32.067656759883924
2965,139529.88,119992.96,3112.0,3464,19536.92,14.001961443670702
8203,139414.73,66328.26,46627.0,43926,73086.47000000002,52.42377903683493
1281,139130.56,104727.21,8444.0,9359,34403.34999999999,24.727385557852994
2954,138993.49,108865.45,2751.0,3035,30128.039999999994,21.675864099822224
8620,138880.17,101570.0,11583.0,11608,37310.17000000001,26.86500887779732
1415,138847.19,104502.62000000001,9981.0,10058,34344.56999999999,24.735516793677995
4153,138811.92,108203.97,11208.0,11283,30607.95000000001,22.049943549516506
3820,138642.81,89297.67,6719.0,6699,49345.14,35.59156078847507
5254,138526.67,97960.8,13233.0,13328,40565.87000000001,29.28379784196069
13708,138489.06999999998,85054.31,7493.0,7507,53434.75999999998,38.584099091718926
5401,138351.16,117953.44,24984.0,25421,20397.72,14.743439809250605
2122,138305.41,102921.0,13259.0,13195,35384.41,25.58425588702568
8214,138201.66,99833.4,13834.0,13491,38368.26000000001,27.762517469037647
1060,138180.5,126077.0,4750.0,5810,12103.5,8.759195400219278
4682,137866.67,112875.56000000001,3833.0,4193,24991.11,18.127013584936808
3326,137664.73,101501.76,13877.0,13791,36162.970000000016,26.268870755784736
3779,137643.63,97221.3,10437.0,10398,40422.33,29.367381549004484
42874,137588.81,89162.3,7259.0,7835,48426.509999999995,35.196546870345045
4135,137572.38,108607.2,138962.0,139240,28965.180000000008,21.054502364500784
6727,137534.81,81139.52,7589.0,7832,56395.28999999999,41.00437554681611
3227,137494.66,104388.62,15134.0,15217,33106.04000000001,24.078055104103687
2783,137384.41,92461.45999999999,9159.0,9191,44922.95000000001,32.698724695181944
8700,137281.11,93866.64,4961.0,5682,43414.46999999999,31.624503910261208
3667,136991.27,98041.71,7573.0,7467,38949.55999999998,28.43214753757665
8189,136885.21,89309.09999999999,4279.0,3490,47576.11,34.756209235460865
1330,136831.1,91962.81,2690.0,2403,44868.29000000001,32.7910029225812
22899,136233.8,74076.32,11060.0,11344,62157.47999999998,45.62559364856591
3923,136151.79,113358.44,1021.0,1066,22793.350000000006,16.741131350531642
4634,136024.92,103100.52,11908.0,12101,32924.40000000001,24.20468249494284
3689,135817.94,96298.57,7506.0,7541,39519.369999999995,29.0973121812921
4806,135805.65,104605.43000000001,8935.0,8933,31200.219999999987,22.97416933684275
5890,135768.74,100643.06,5926.0,6041,35125.67999999999,25.87169918495229
388,135655.38,109433.31,9362.0,9591,26222.070000000007,19.329915260272028
1848,135382.58000000002,106195.59,2242.0,2259,29186.99000000002,21.558896277497457
4896,135315.81999999998,104419.59999999999,7418.0,7432,30896.219999999987,22.83267396229058
26399,135124.03,69698.6,17697.0,17690,65425.42999999999,48.418797159913005
5399,135047.37,99725.2,67863.0,68776,35322.17,26.155392733675598
2780,134604.65,107578.8,3335.0,3780,27025.84999999999,20.077946787128077
8822,134334.95,99230.36,67505.0,67966,35104.59000000001,26.132134638081904
13430,134120.52,74903.34,12148.0,12674,59217.17999999999,44.15221473940005
4732,134109.75,103523.84,1525.0,1484,30585.910000000003,22.806626662118155
6857,133893.24,74455.05,13892.0,13865,59438.18999999999,44.3922262244158
4247,133890.22,97877.5,11778.0,12250,36012.72,26.89719981041184
24829,133815.98,89034.72,11502.0,11824,44781.26000000001,33.46480741687204
4291,133524.21,108128.73000000001,10279.0,10407,25395.47999999998,19.019382327744147
24805,133363.09,83584.8,11991.0,12220,49778.28999999999,37.32538740666551
1271,133278.46,104274.66,2654.0,2774,29003.79999999999,21.761806071288632
4679,133127.04,96293.54000000001,10896.0,11158,36833.5,27.667932825667872
39523,132992.91999999998,88955.84000000001,5508.0,5728,44037.07999999997,33.11234913858571
2952,132962.18,85833.75,5782.0,5875,47128.42999999999,35.444988943472495
4494,132910.91,74022.05,7809.0,7751,58888.86,44.307017384803096
10451,132793.46,74091.73999999999,13614.0,14006,58701.72,44.20527938649991
8323,132660.36,102804.1,8364.0,8639,29856.25999999998,22.50578846612506
4145,132505.00999999998,95328.24,7799.0,7518,37176.769999999975,28.056878754999516
3687,132453.75,97017.6,25125.0,25265,35436.149999999994,26.75360267263101
46023,132122.1,74490.66,11086.0,11338,57631.44,43.619833472220016
361,132057.08,92220.24,6292.0,6458,39836.83999999998,30.1663795685926
435,132009.93,106809.29,7807.0,8351,25200.64,19.089957853928112
1479,131845.7,86972.26,9380.0,9433,44873.44000000002,34.03481493897792
4626,131418.29,88378.62,7521.0,7898,43039.67000000001,32.75013698625968
18152,131280.55,67238.58,13305.0,12783,64041.96999999999,48.782527190813866
1623,131243.96,96087.94,9104.0,9542,35156.01999999999,26.786771749343735
3882,131052.68000000001,98500.74,11132.0,11206,32551.940000000002,24.83882054147996
4346,130627.43000000001,103960.49,12257.0,12391,26666.940000000002,20.414502528297465
1323,130518.51,98473.14,7149.0,7246,32045.369999999995,24.55235659677696
8370,130515.97,87551.43,15303.0,15333,42964.54000000001,32.91899067983788
2989,130514.98000000001,113242.92,502.0,588,17272.060000000012,13.233775923652605
523,130455.78,96041.14,13022.0,13546,34414.64,26.380310630927966
3754,130426.09,98966.61,11091.0,11259,31459.479999999996,24.12054213999668
38502,130386.98,80911.85,17602.0,17705,49475.12999999999,37.944839277664066
3487,130139.77999999998,91777.99,7122.0,7187,38361.78999999998,29.477374250978432
3690,130039.20999999999,100822.17,4479.0,4503,29217.039999999994,22.4678694987458
2117,129924.08,90640.2,15292.0,15415,39283.880000000005,30.23602707057845
2951,129456.65000000001,88843.86,3135.0,3087,40612.79000000001,31.3717294553814
4103,129392.65,100060.98,9035.0,8942,29331.67,22.668729638043583
4528,129066.49,108249.18,851.0,1013,20817.310000000012,16.129136230480903
2208,128772.43,27244.75,1757.0,505,101527.68,78.8427150128331
2152,128623.7,87588.58,12030.0,12182,41035.119999999995,31.903234007418536
2944,128328.76000000001,81924.86,2624.0,2549,46403.90000000001,36.160171733912186
2496,128170.66,78343.86,2434.0,2163,49826.8,38.875355717135264
4229,128167.9,87082.8,6010.0,5924,41085.09999999999,32.05568633019656
8727,128154.43,100377.56999999999,4157.0,4351,27776.86,21.67452190298845
14838,127990.3,70423.14,9242.0,9134,57567.16,44.977752220285446
10609,127787.99,109469.92,12925.0,13963,18318.070000000007,14.334735212597058
8898,127610.9,93095.52,4910.0,4944,34515.37999999999,27.047360374388074
12147,127382.74,85911.58,14830.0,16333,41471.16,32.556341620536664
3936,127286.2,84172.14,5380.0,5534,43114.06,33.871747290751074
6567,127212.9,80661.59999999999,13410.0,13180,46551.3,36.59322285711591
6864,127023.29,67679.33,12155.0,12283,59343.95999999999,46.718959963956216
8395,126810.95,78798.72,2205.0,2112,48012.229999999996,37.86126513522689
8961,126761.75,97697.6,85075.0,87230,29064.149999999994,22.928170366849617
32084,126761.01999999999,82012.67,4398.0,4337,44748.34999999999,35.301348947807455
3584,126690.21999999999,89478.36,7178.0,7164,37211.859999999986,29.372322504452193
5165,126652.06,89484.29000000001,6594.0,6713,37167.76999999999,29.346360414508844
2606,126639.7,108088.32,1230.0,1362,18551.37999999999,14.64894499908006
3768,126608.68000000001,85609.38,23532.0,23649,40999.3,32.38269287698126
6498,126520.53,74084.22,7647.0,7614,52436.31,41.444902262107185
42462,125609.92,88777.65000000001,12592.0,12885,36832.26999999999,29.322739796347285
1359,125361.73,124768.35,4227.0,5705,593.3799999999901,0.4733342464243196
11141,125279.82,72288.75,12726.0,13025,52991.07000000001,42.29816901077923
8761,125246.73,81887.28,11627.0,11566,43359.45,34.61922718461392
2696,125199.8,86628.40999999999,3420.0,3439,38571.390000000014,30.80786870266567
3201,124822.58,92802.95999999999,4142.0,4226,32019.62000000001,25.652105572565485
1244,124092.17,104839.63,7783.0,8197,19252.539999999994,15.514709751630578
39413,123816.07,67287.88,13293.0,13298,56528.19,45.654970312012
3085,123563.28,86937.68000000001,17072.0,18419,36625.59999999999,29.64116847658948
6569,123470.48999999999,80372.16,6051.0,6192,43098.32999999999,34.90577384118261
1397,122786.3,91287.84,8220.0,8484,31498.460000000006,25.65307367352873
35913,122772.64,75814.2,13636.0,13860,46958.44,38.248293756654576
3745,122739.03,75328.59,24597.0,24537,47410.44,38.627028419566294
5828,122713.42,83669.37999999999,13458.0,12658,39044.04000000001,31.817253565257985
5221,122543.95,90684.63,10355.0,10557,31859.319999999992,25.998280616872556
6499,122534.13999999998,86376.16,6986.0,6812,36157.97999999998,29.508494530585505
2499,122377.37999999999,95356.37000000001,4262.0,4429,27021.00999999998,22.080069045439593
14078,122361.85999999999,74711.25,6614.0,6641,47650.609999999986,38.942371421944706
4382,122358.39,90681.84,8561.0,8686,31676.550000000003,25.888335078616187
2893,122300.0,95604.7,2300.0,2410,26695.300000000003,21.82771872444808
2327,122173.06,96437.25,5494.0,5495,25735.809999999998,21.065044945260436
13497,122141.45,74704.8,10455.0,10986,47436.649999999994,38.837470817646256
8673,122034.44,88671.29,11256.0,11267,33363.15000000001,27.339126561321546
11827,121553.51,79339.68,16099.0,16668,42213.83,34.72859812933415
3515,121365.26,90225.5,5974.0,5821,31139.759999999995,25.657885955173658
41212,121242.67,104442.56,9141.0,9928,16800.11,13.85659850612
43788,121233.02,79583.4,2298.0,2340,41649.62000000001,34.35501318040251
17504,120864.65,82225.09,8935.0,10291,38639.56,31.969281340739414
5232,120658.51,82852.56,7649.0,7736,37805.95,31.333015798056845
405,120414.65000000001,91950.4,3235.0,3232,28464.250000000015,23.638527371877103
1692,120334.31999999999,85518.8,6318.0,6382,34815.51999999999,28.932327867893378
35442,120325.19,73463.08,8681.0,8948,46862.11,38.94621732988745
1178,120257.58,86043.87,10892.0,10989,34213.71000000001,28.450356310180204
8628,120124.34,54347.3,10066.0,9134,65777.04,54.75746214297619
4196,120103.03,81164.8,10497.0,10880,38938.229999999996,32.420689136652086
3500,120059.97,74922.47,68553.0,70021,45137.5,37.59579483486461
8393,119878.34000000001,70072.53,2266.0,2013,49805.81000000001,41.54696336302288
62,119863.75,91744.0,3125.0,3200,28119.75,23.459761604321574
8040,119788.66,82060.54000000001,13434.0,13654,37728.119999999995,31.495568946175702
37731,119782.16,69525.90000000001,10284.0,10377,50256.259999999995,41.95638148452156
24996,119730.15000000001,87969.24,11985.0,12861,31760.910000000003,26.527077766126578
5725,119485.22,85840.0,11478.0,11600,33645.22,28.15847851307467
438,119411.18999999999,82430.35,6381.0,6455,36980.83999999998,30.96932540409319
34427,119405.57999999999,92319.85,5774.0,6685,27085.72999999998,22.683805899188282
8184,119085.58,93565.75,59842.0,60365,25519.83,21.429823829215934
4201,118800.69,83906.3,9031.0,8786,34894.39,29.37221155870391
19636,118760.95,88489.25,9905.0,11075,30271.699999999997,25.4896074846151
376,118710.73999999999,81096.75,4126.0,4275,37613.98999999999,31.68541447892583
2751,118580.68,99697.65,5932.0,6235,18883.03,15.924204516283766
4241,118022.92,85592.22,59308.0,58226,32430.699999999997,27.47830675600976
4390,117983.73000000001,90690.93,2627.0,2721,27292.800000000017,23.1326810908589
8329,117955.98,71126.64,14417.0,15198,46829.34,39.70069173262771
3863,117859.62999999999,93046.5,5537.0,6003,24813.12999999999,21.05312056384361
2522,117841.64,91044.72,2336.0,2466,26796.92,22.739771781859112
31494,117027.35,69717.62,10969.0,11581,47309.73000000001,40.42621660663085
3133,116701.93000000001,85473.96,10307.0,9724,31227.97,26.758743407242708
8346,116302.31999999999,71972.64,7468.0,7248,44329.67999999999,38.11590344887359
859,116057.93999999999,88057.97,5006.0,5093,27999.969999999987,24.125854723942187
8218,115963.75,67552.1,3625.0,2830,48411.649999999994,41.74722704293367
8440,115722.07999999999,92073.59999999999,5692.0,6255,23648.479999999996,20.435581524286462
26285,115389.37999999999,60266.7,1562.0,1326,55122.67999999999,47.7710167088167
653,115161.6,75098.88,3340.0,3456,40062.72,34.78826275425141
3609,115081.56,87362.92,116244.0,118058,27718.64,24.086082948475845
14240,115066.86,69921.2,12614.0,13045,45145.66,39.234285179938
8910,114950.88,90431.11,116112.0,117443,24519.770000000004,21.330650100286316
5033,114938.10999999999,96003.93999999999,6389.0,7402,18934.17,16.47336118542405
24631,114829.05,56766.450000000004,4595.0,3385,58062.6,50.564382445034596
3218,114734.52,88530.42,8548.0,8654,26204.100000000006,22.838898005587165
6876,114498.85,76835.38,19115.0,19354,37663.47,32.89419064034267
1890,114400.93000000001,77695.90000000001,1907.0,1865,36705.03,32.08455560632243
5747,114342.17,81775.92,8783.0,9209,32566.25,28.481399294765875
24907,114241.84,70849.87000000001,10216.0,10283,43391.96999999999,37.9825552529616
3100,114196.12000000001,79426.76000000001,2288.0,2317,34769.36,30.447058971881003
3209,114142.9,80663.31,5710.0,5733,33479.59,29.33129436872552
34460,114130.73,66602.76000000001,9127.0,9212,47527.96999999999,41.64344694895055
3961,113994.25,81474.28,4625.0,4484,32519.97,28.527728372264395
4410,113891.96,89133.2,11304.0,11240,24758.76000000001,21.73881281874507
8016,113786.72,77645.9,15728.0,16210,36140.82000000001,31.761896291588336
38133,113491.2,61222.56,15580.0,15618,52268.64,46.0552360006767
3016,113409.79,71140.84,5421.0,4876,42268.95,37.2709886862501
43590,113285.56,76683.6,7120.0,7518,36601.95999999999,32.30946644921029
2132,113264.19,88428.12,8581.0,8644,24836.070000000007,21.92755715641458
1024,113223.97,54492.74,3603.0,2726,58731.23,51.87172822150645
3959,113048.34,98514.24,4266.0,5401,14534.099999999991,12.856535531614169
24779,113039.15,72675.0,10585.0,10625,40364.149999999994,35.7081152857218
1875,112926.45999999999,83730.53,4054.0,4043,29195.929999999993,25.8539318420147
6385,112858.04,73492.16,10096.0,10682,39365.87999999999,34.880882212733795
19507,112745.54,64041.66,12846.0,12834,48703.87999999999,43.19805466362571
2628,112630.53,88565.40000000001,3547.0,3780,24065.12999999999,21.366435903302587
1228,112533.7,88106.88,1130.0,1263,24426.819999999992,21.706226668100307
4804,112488.93999999999,78387.98,6206.0,6457,34100.95999999999,30.314944740345133
3368,112279.28,75996.18,6672.0,6219,36283.100000000006,32.315045126758925
63,112249.22,86963.3,2778.0,2855,25285.92,22.526588603466465
6660,112155.18000000001,76953.11,7482.0,7493,35202.07000000001,31.386931927709448
3591,112144.65999999999,86919.04,6334.0,6448,25225.619999999995,22.493821819068334
6524,112071.9,65839.99,14510.0,14407,46231.90999999999,41.25200875509382
20862,112064.21,74196.9,8007.0,8678,37867.31000000001,33.79072587046302
2623,112041.26999999999,71409.6,3873.0,3915,40631.669999999984,36.26491381256209
18142,111974.13,48601.200000000004,1887.0,1203,63372.93,56.596045890242685
6256,111971.07,60626.799999999996,11737.0,11659,51344.27000000001,45.854942709755306
39256,111823.74,58550.520000000004,10826.0,11347,53273.22,47.640348999237546
8897,111649.14,61698.450000000004,2086.0,1839,49950.689999999995,44.73898321115594
3643,111508.19,84200.91,11031.0,10921,27307.28,24.489035289694865
37656,111365.36,81127.55,5688.0,6005,30237.809999999998,27.15189893877234
5713,111350.93,79415.43000000001,7007.0,7097,31935.499999999985,28.68004784513249
3314,111349.37,78431.04000000001,4063.0,4068,32918.32999999999,29.563103949308367
3278,111220.8,81094.74,13920.0,14006,30126.059999999998,27.0867139959432
2155,110955.58,69985.5,3042.0,2910,40970.08,36.92475853850703
6249,110736.63,70552.16,8789.0,8999,40184.47,36.28832663591081
11957,110650.75,91812.78,9185.0,9246,18837.97,17.02471063232739
3123,110611.21,80627.8,7379.0,7370,29983.410000000003,27.107026493969283
12994,110585.18,86585.76,9170.0,10611,23999.42,21.702202772559577
4787,110368.84999999999,81627.93000000001,5315.0,5431,28740.919999999984,26.04078958872905
6854,110356.38,72273.8,7362.0,7330,38082.58,34.508725277143014
43873,110351.93999999999,82214.92,1606.0,1762,28137.01999999999,25.497530899773935
6581,110289.15,63736.74,8241.0,8109,46552.409999999996,42.20941951225483
18507,110158.04999999999,79494.86,1695.0,1786,30663.189999999988,27.83563252980603
41546,110089.05,69662.93000000001,12895.0,12643,40426.119999999995,36.72129062790531
4628,110015.01,95188.1,999.0,1190,14826.909999999989,13.477170069793193
2713,110007.78,79362.73,7222.0,7261,30645.050000000003,27.857166102252044
3921,109912.37,79010.6,4363.0,4414,30901.76999999999,28.1149155459026
8312,109769.75,73659.0,12725.0,12900,36110.75,32.89681355746916
8144,109744.34999999999,81149.88,3565.0,3626,28594.469999999987,26.055528143362267
39348,109708.45,48938.5,9955.0,7529,60769.95,55.3922236618966
3762,109694.87,86580.41,18313.0,18781,23114.459999999992,21.071596146656624
1738,109616.68,85464.31999999999,5732.0,5806,24152.36,22.03347154830816
3794,109404.45000000001,80949.55,2855.0,2915,28454.90000000001,26.00890548784808
5212,109308.59,83359.6,5341.0,5420,25948.98999999999,23.73920475966252
1094,109302.84000000001,80544.64,2616.0,2692,28758.20000000001,26.310569789403466
3608,109228.68000000001,79572.24,110332.0,110517,29656.440000000002,27.150781278323606
1734,109021.93,96428.7,5007.0,5526,12593.229999999996,11.551098022205254
2956,108812.41,78365.07,7259.0,7317,30447.339999999997,27.981495860628392
8173,108737.40999999999,80453.52,5159.0,5634,28283.889999999985,26.011186030640225
41254,108735.86,63057.15,10582.0,10779,45678.71,42.00887361354387
4294,108721.77,81618.70000000001,6723.0,6970,27103.069999999992,24.928834399955033
8590,108474.03,71192.94,14097.0,14042,37281.09,34.36867792226398
2640,108431.79000000001,78633.04999999999,2521.0,2615,29798.74000000002,27.481553149680565
23273,108390.36,85114.2,11932.0,13196,23276.160000000003,21.474382039140753
3760,108248.81,77163.22,6119.0,6178,31085.589999999997,28.716796055309985
4686,108205.74,89142.0,2026.0,2075,19063.740000000005,17.618048728283732
3220,108114.90999999999,92323.84,5609.0,6272,15791.069999999992,14.605820788270549
2366,107873.22,77094.4,2978.0,3040,30778.820000000007,28.53240127623891
7982,107834.62,58381.0,14838.0,14780,49453.619999999995,45.860615078905084
31866,107805.04,62487.6,7296.0,6920,45317.439999999995,42.036476216696364
1886,107745.96,78199.04,9804.0,9824,29546.920000000013,27.422763693413664
25846,107613.5,69191.1,5550.0,5742,38422.399999999994,35.70407058593949
2438,107612.06999999999,77211.98,1493.0,1423,30400.089999999997,28.249702844671603
2924,107599.26999999999,80711.64,4573.0,4698,26887.62999999999,24.98867325029249
6459,107581.11,75902.4,9789.0,10080,31678.710000000006,29.446349828515437
3486,107466.27,81829.44,8273.0,8316,25636.83,23.855699095167257
4664,107263.75,82865.68000000001,2925.0,2984,24398.069999999992,22.745867079978087
5415,106949.86,64853.75,7614.0,7675,42096.11,39.36060318358528
4416,106918.79000000001,81838.08,10621.0,10656,25080.710000000006,23.457719639363674
13458,106909.75,68980.84,11461.0,11516,37928.91,35.47750322117487
29835,106802.51,68853.7,14249.0,14285,37948.81,35.53175857009353
2986,106710.43,86201.64,1557.0,1659,20508.789999999994,19.21910538641817
37904,106683.08,60417.15,9392.0,9367,46265.93,43.3676361799828
3598,106611.16,90154.3,7884.0,8830,16456.86,15.436338934873234
10596,106528.44,66249.34,6756.0,6719,40279.100000000006,37.81065413142256
4979,106496.04999999999,104623.34,1395.0,1831,1872.7099999999919,1.7584783660990169
34905,106414.96,66930.57,13814.0,15177,39484.39,37.104172195337945
24086,106340.62,70521.78,8802.0,9877,35818.84,33.68312127576461
27835,106295.54,49036.100000000006,6446.0,5365,57259.43999999999,53.86814912460108
5396,106146.0,72075.18000000001,5800.0,5937,34070.81999999999,32.09807246622576
6402,105921.5,71680.4,2350.0,2420,34241.100000000006,32.32686470640994
32675,105848.34,59661.350000000006,13066.0,13055,46186.98999999999,43.63506314789631
5694,105638.94,74327.22,9906.0,9603,31311.72,29.64032013195134
4783,105634.89,72061.2,8111.0,8115,33573.69,31.782766091771386
7341,105448.86,82089.0,106514.0,109452,23359.86,22.15278572001632
8187,105353.20999999999,72500.84999999999,5479.0,5505,32852.36,31.18306504377038
17175,104993.36,61526.4,12564.0,11832,43466.96,41.39972280151811
5805,104528.74,77944.2,7126.0,7022,26584.540000000008,25.432756579673693
36648,104334.73,68290.74,1727.0,1743,36043.98999999999,34.54649281212497
8078,104263.29,70673.96,4871.0,4844,33589.32999999999,32.21587387085137
41537,104150.58,69729.66,3682.0,3861,34420.92,33.04918705205482
37828,104041.32,63662.94,9618.0,9559,40378.380000000005,38.80994589457343
858,104037.23,78724.2,8677.0,8796,25313.03,24.330741985345053
2992,103979.2,82779.92,2080.0,2302,21199.28,20.38800067705849
7978,103852.37,56307.25,14313.0,14255,47545.119999999995,45.78144918599354
2435,103789.13,79340.16,2587.0,2666,24448.97,23.5563878413857
6213,103390.6,71685.1,12940.0,13010,31705.5,30.665747176242323
1870,103267.09,76821.03,1291.0,1287,26446.059999999998,25.60937855419379
1728,103249.72,75132.95,1728.0,1817,28116.770000000004,27.23181234777199
6288,103053.05,66174.68000000001,6595.0,6578,36878.369999999995,35.78581128845774
2554,102860.8,81663.40000000001,920.0,980,21197.399999999994,20.607850609756092
4767,102833.40999999999,73360.40000000001,3759.0,3805,29473.00999999998,28.66092838893506
8515,102789.76999999999,61464.27,5023.0,4207,41325.49999999999,40.20390355966357
8452,102788.43999999999,81709.92,5956.0,6444,21078.51999999999,20.506702893827352
2644,102415.79,79056.79999999999,1421.0,1360,23358.990000000005,22.80799669660314
1556,102296.31999999999,79943.08,5368.0,5387,22353.23999999999,21.851460541298056
44037,102200.33,59692.68,17447.0,17454,42507.65,41.592478223896144
6681,102029.47,66213.63,4253.0,4167,35815.84,35.10342649040517
2675,102001.64,79386.88,2236.0,2276,22614.759999999995,22.170976858803442
32649,101964.84,56250.450000000004,11116.0,10965,45714.38999999999,44.83348377734912
32054,101868.63,64129.049999999996,9037.0,9045,37739.58000000001,37.04730298228219
6319,101738.98,61091.52,8914.0,9091,40647.46,39.952690699277696
4152,101506.06,68430.0,18194.0,18248,33076.06,32.585305744307284
3593,101266.48,80796.24,3752.0,3772,20470.23999999999,20.214230809642036
15355,101184.37,66092.64,5863.0,7247,35091.729999999996,34.68097889031675
13163,100847.39,72630.66,12613.0,13278,28216.729999999996,27.97963338466171
2226,100813.28,81889.2,2672.0,2967,18924.08,18.771415829343123
3660,100757.25,93609.35,3875.0,4447,7147.899999999994,7.094179327045939
3877,100739.27,72348.6,8373.0,8364,28390.67,28.182326514774225
29431,100738.66,47187.36,3134.0,2376,53551.3,53.15863840158287
3915,100698.29000000001,72190.2,7471.0,7615,28508.09000000001,28.31040129877082
6984,100693.67,56805.68,5733.0,5183,43887.99,43.585649425629235
3390,100693.31,73264.95000000001,3169.0,3249,27428.359999999986,27.239505782459617
42350,100643.87,68532.51,5613.0,6387,32111.36,31.905927305855787
3150,100480.37,72487.0,8863.0,8380,27993.369999999995,27.859541122310755
3089,100394.91,67639.95,8909.0,8865,32754.960000000006,32.626116204496824
3174,100373.49,66493.8,3151.0,3060,33879.69,33.753623591249045
4370,100341.02,71170.36,8298.0,8941,29170.660000000003,29.071520301467935
17177,100059.17,64070.200000000004,11783.0,11756,35988.969999999994,35.96768791905829
2694,100054.45,79992.64,1955.0,2144,20061.809999999998,20.050892289148557
12110,100054.27,67444.3,6173.0,6454,32609.97,32.59228216846717
4349,100027.48,74331.18,6052.0,6138,25696.300000000003,25.689240596684037
3221,99867.53,74359.61,9347.0,9377,25507.92,25.54175516306451
4701,99525.01,75522.08,5699.0,5956,24002.929999999993,24.11748564506549
3020,99450.55,74506.75,9245.0,9325,24943.800000000003,25.081610911151326
2280,99373.38,88748.6,2662.0,3239,10624.779999999999,10.691776811858466
28138,99272.13,51497.6,10411.0,8360,47774.530000000006,48.124816098939355
1249,99189.68999999999,96877.56000000001,4031.0,4777,2312.1299999999756,2.3310184758113226
40054,99151.21,64387.840000000004,8229.0,8608,34763.37,35.06096395596181
5358,98995.43,73098.06,3857.0,3882,25897.369999999995,26.160167191556216
3683,98958.68,73804.68,5432.0,5604,25154.0,25.41868990168422
2445,98953.47,76907.59999999999,8253.0,8470,22045.87000000001,22.279026698103674
19870,98812.56,61285.450000000004,10180.0,10405,37527.10999999999,37.978076876057045
6174,98663.76,56306.399999999994,10484.0,9708,42357.36,42.93102148144364
5706,98547.38,60873.0,3262.0,2955,37674.380000000005,38.22971244897632
3556,98464.2,72616.8,7580.0,7660,25847.399999999994,26.25055603965705
4250,98362.88,77700.46,2712.0,2798,20662.42,21.006318643781068
16819,98325.35,58036.49,7965.0,7069,40288.86000000001,40.97504865225499
5031,98192.27,74721.51000000001,6273.0,6381,23470.759999999995,23.902859155817453
18106,97980.16,73899.0,9096.0,10350,24081.160000000003,24.577587952499773
2109,97978.29,75227.88,1071.0,1162,22750.40999999999,23.21984798877383
9388,97947.7,72073.7,4030.0,4205,25874.0,26.416138408558854
3579,97824.08,66750.96,7892.0,7517,31073.119999999995,31.76428543974039
5298,97668.4,72533.6,5560.0,5680,25134.79999999999,25.734833374970812
3425,97467.82999999999,64548.049999999996,4417.0,4151,32919.77999999999,33.775020947937385
41251,97451.04,62491.26,17896.0,18434,34959.77999999999,35.8741989823813
38898,97287.56,68260.83,3244.0,3391,29026.729999999996,29.836013977532172
8725,97193.7,69702.08,5830.0,5887,27491.619999999995,28.285392983290063
8275,97170.43,63786.8,3057.0,3080,33383.62999999999,34.3557499951374
28658,96997.74,56656.71,11841.0,12507,40341.030000000006,41.58965971784498
6590,96892.04,60691.4,6196.0,6193,36200.63999999999,37.36183075513736
3045,96774.28,67579.2,8672.0,8664,29195.08,30.168222383054673
18027,96735.56,61480.68,6304.0,6771,35254.88,36.44459183365455
21101,96660.26999999999,67222.08,5373.0,5492,29438.189999999988,30.455315301726337
26426,96632.93000000001,61994.799999999996,3007.0,3163,34638.13000000001,35.84505820117429
2121,96493.44,72680.4,9256.0,9318,23813.040000000008,24.678403008536133
3464,96343.25,57895.3,6275.0,5755,38447.95,39.90725868184849
16129,96260.04000000001,53902.24,2496.0,2128,42357.80000000001,44.00351381528618
3836,96079.7,68777.45,8030.0,8695,27302.25,28.416252340504812
2676,95864.2,73515.18,6280.0,6726,22349.020000000004,23.31320764164308
19645,95742.8,55308.9,9956.0,10515,40433.9,42.231791842310855
6867,95711.78,61903.659999999996,5022.0,4859,33808.12,35.32284113825905
35916,95530.96,56666.479999999996,10604.0,10712,38864.48000000001,40.68260174502591
31542,95421.01999999999,58024.4,3498.0,3604,37396.61999999999,39.191176116121994
4249,95393.74,74537.86,7226.0,7174,20855.880000000005,21.86294404643324
2534,95329.26,56540.29,1574.0,1571,38788.969999999994,40.6894693192835
21469,95233.54000000001,53802.0,2946.0,2745,41431.54000000001,43.50519785361334
3343,95177.73,70685.12,7327.0,7472,24492.61,25.7335513255044
2255,95115.21,73239.56,2379.0,2381,21875.65000000001,22.999108134230063
5952,95078.22,68336.08,47778.0,48124,26742.14,28.126462611521337
1282,95005.76999999999,63580.0,3323.0,3400,31425.76999999999,33.077748856727325
2368,94993.34000000001,71297.64,666.0,657,23695.70000000001,24.944590852369238
5346,94931.01000000001,68999.09999999999,1899.0,1905,25931.910000000018,27.316584959961993
3503,94726.36,64091.200000000004,7964.0,7816,30635.159999999996,32.34069165119403
5142,94657.73999999999,53274.85,3926.0,3053,41382.88999999999,43.718442886973634
8892,94516.2,80070.0,3480.0,4710,14446.199999999997,15.284363950306929
4280,94352.67,67632.66,3933.0,3609,26720.009999999995,28.31929398500328
3194,94295.54,64030.07,3846.0,3497,30265.469999999994,32.096396075572606
5403,94132.47,63196.00000000001,10503.0,10675,30936.469999999994,32.86482337072425
34133,94104.15,46340.64,9285.0,7572,47763.509999999995,50.75600810378713
5731,94095.68000000001,70247.76,7232.0,7788,23847.920000000013,25.344330366707602
6455,93958.81,37611.84,7707.0,6176,56346.97,59.96986339013872
10420,93955.78,53355.450000000004,15992.0,15927,40600.329999999994,43.21216853289919
892,93934.47,73295.67,2753.0,2933,20638.800000000003,21.971487144176148
8155,93900.98,60817.759999999995,18452.0,18542,33083.22,35.23202846232276
4932,93900.6,57910.5,12940.0,12869,35990.100000000006,38.32787010945617
4064,93850.68000000001,65710.03,7032.0,6983,28140.65000000001,29.9844923872688
7159,93696.16,60184.72,12684.0,12751,33511.44,35.766076219132145
3385,93629.36,72035.37999999999,5564.0,5554,21593.98000000001,23.063257080898566
2908,93502.43,82698.24,1357.0,1536,10804.189999999988,11.55498311648156
43092,93109.47,61612.399999999994,4153.0,4255,31497.070000000007,33.82799837653464
3046,93078.25,71440.95,1917.0,1995,21637.300000000003,23.246354545771975
7254,93075.51,62787.03999999999,11649.0,11714,30288.47,32.541825449035954
28474,93003.18000000001,57398.46000000001,7682.0,8039,35604.72,38.283336118184344
6234,92977.79,51193.04,10071.0,11276,41784.74999999999,44.94057129127289
8032,92932.26,63740.68,11524.0,12118,29191.579999999994,31.411675558089296
4438,92900.65,68002.2,9235.0,9252,24898.449999999997,26.80115801127333
2604,92890.70999999999,76460.8,929.0,1040,16429.90999999999,17.687355387853092
8408,92830.69,51882.56,2531.0,2336,40948.130000000005,44.110552232241304
1377,92406.34999999999,83860.3,3765.0,4370,8546.049999999988,9.248336288577558
32989,92286.32,54990.92,8764.0,9514,37295.40000000001,40.41270688873498
3736,92285.54000000001,64894.8,7846.0,7914,27390.740000000005,29.68042447386666
6552,92281.86,56113.89,4014.0,4011,36167.97,39.192935643039704
2749,92272.68999999999,69549.24,5431.0,5198,22723.449999999983,24.626408962391782
8693,92130.39,64702.68000000001,8961.0,9062,27427.709999999992,29.770534999363395
4278,92106.15,76207.59999999999,7985.0,8005,15898.550000000003,17.26111665724819
5042,92026.38,68063.64,6162.0,6373,23962.740000000005,26.03899012435348
37786,91719.28,57972.600000000006,9100.0,8988,33746.67999999999,36.79344190229142
1023,91706.55,27306.8,1845.0,760,64399.75,70.22371902552217
21033,91592.28,64025.090000000004,2272.0,2381,27567.189999999995,30.09772220977575
2136,91550.42,69434.25,3158.0,3225,22116.17,24.157365962930587
12775,91461.57,60724.0,8743.0,8930,30737.570000000007,33.607087654410485
9145,91264.14,72113.25,92186.0,96151,19150.89,20.984025050803087
8053,91251.27,69196.5,92173.0,92262,22054.770000000004,24.169274575575773
6873,91025.9,57454.0,6210.0,6245,33571.899999999994,36.88170070276701
5817,90929.90999999999,67685.73,3009.0,2957,23244.179999999993,25.562743876024946
8064,90718.65,69961.04,91635.0,92054,20757.61,22.881303899473814
661,90718.47,52017.93,5953.0,5207,38700.54,42.66004486186771
3652,90696.77,70440.56,1823.0,1864,20256.210000000006,22.33399270999398
1835,90656.19,57957.4,2781.0,2942,32698.79,36.0690097388827
7535,90652.66,66977.40000000001,15134.0,15085,23675.259999999995,26.116453725682177
3154,90636.78,77001.59999999999,8722.0,9872,13635.180000000008,15.043760380719624
4737,90567.54000000001,62109.32,7846.0,7852,28458.22000000001,31.42209670263762
42579,90502.98,58182.3,8902.0,8910,32320.679999999993,35.71228262317992
46934,90401.94,61107.37,5470.0,5927,29294.57,32.40480237481629
24612,90391.57,45343.62,7443.0,7791,45047.950000000004,49.83645045660784
3409,90317.58,69518.82,1942.0,2163,20798.759999999995,23.028473526416445
25021,90162.59,59448.479999999996,8141.0,8166,30714.11,34.065248125636145
39750,90029.24,52905.69,10396.0,10313,37123.55,41.23499209812279
4327,90006.48999999999,68540.68,4551.0,4628,21465.809999999998,23.84918020911603
18868,89948.31,59600.03999999999,6223.0,6388,30348.270000000004,33.739677821628895
5285,89692.79,65838.23999999999,10461.0,10551,23854.550000000003,26.595838974347885
2532,89686.65000000001,48348.11,635.0,499,41338.54000000001,46.09218874826968
18641,89675.34999999999,55418.21,9235.0,9221,34257.13999999999,38.20128942903484
3532,89568.5,70074.90000000001,3350.0,3405,19493.59999999999,21.763901371575937
23595,89359.33,57464.909999999996,5767.0,5787,31894.420000000006,35.692322223096355
5480,89183.85,67604.2,8115.0,8612,21579.65000000001,24.196813660769305
4945,89136.77,66699.63,8873.0,8929,22437.14,25.17158743804605
2899,89080.95,73656.09999999999,1805.0,1946,15424.850000000006,17.315542773174293
3999,88961.59999999999,64197.9,3840.0,4030,24763.69999999999,27.836392331073174
35375,88957.37,60294.88,2863.0,3056,28662.489999999998,32.220478190845796
1876,88949.22,85927.65999999999,578.0,806,3021.560000000012,3.3969494055147558
39971,88927.92,37564.39,1708.0,1483,51363.53,57.75860944459288
5626,88925.01,63643.65,8599.0,8659,25281.359999999993,28.429977123421178
46476,88866.76,51805.91,8724.0,7519,37060.84999999999,41.7038384205748
21055,88566.56,56398.96,2244.0,2348,32167.6,36.320254506892894
4130,88537.9,56019.06,8110.0,8226,32518.839999999997,36.72872295367294
34439,88514.79,56565.0,6621.0,6750,31949.789999999994,36.09542540856731
23848,88498.18,63639.63,5382.0,5931,24858.549999999996,28.08933471852189
6526,88448.17,57380.63,10583.0,10847,31067.54,35.125135997726126
4343,88209.0,58094.13,8800.0,8979,30114.870000000003,34.140359827228515
34175,88031.4,55580.36,8580.0,8564,32451.039999999994,36.86302841940489
5148,87905.43999999999,66556.48999999999,4656.0,4697,21348.949999999997,24.286267152522072
7977,87360.72,62459.11,8328.0,8339,24901.61,28.504355275460185
7320,87156.15,63084.299999999996,4785.0,4790,24071.85,27.619221363036345
2769,87046.90000000001,55104.0,1510.0,1435,31942.90000000001,36.69619480992431
3725,87030.1,58680.6,6390.0,6276,28349.500000000007,32.57436220342158
5525,87027.78,63840.0,3422.0,3500,23187.78,26.64411294876188
3288,86929.31,78102.08,4669.0,4688,8827.229999999996,10.154492196015354
26248,86785.94,63306.32,406.0,478,23479.620000000003,27.05463580851922
8131,86729.79,50374.14,4821.0,4853,36355.649999999994,41.91829589348711
26250,86717.61,56591.76,3989.0,4152,30125.85,34.74017561138966
5767,86715.82,59601.079999999994,5918.0,5753,27114.740000000013,31.26850440899943
3226,86699.69,67909.47,7231.0,7869,18790.22,21.672764919920706
14551,86403.86,48794.96,10814.0,9224,37608.9,43.526874841008265
999,86273.08,74028.15999999999,692.0,824,12244.920000000013,14.193210674755106
11488,86267.59,65623.95,8389.0,8715,20643.64,23.92977478564082
3847,86207.94,62758.54,21606.0,22334,23449.4,27.200974759401515
10443,86163.09,50641.5,7541.0,7791,35521.59,41.2259936360221
3781,86087.27,67194.57,6773.0,7233,18892.699999999997,21.945985742142824
5404,86022.81,67901.76000000001,15669.0,15718,18121.04999999999,21.06540114185992
1862,86015.26,65866.94,3274.0,3427,20148.319999999992,23.424122649864678
29212,85846.59,49392.99,10248.0,10761,36453.6,42.46365522497749
5810,85808.85,60865.200000000004,5815.0,5742,24943.65,29.06885478595739
14805,85790.81,56149.799999999996,9019.0,9681,29641.010000000002,34.550332372430105
14363,85683.5,48717.060000000005,3550.0,3606,36966.439999999995,43.143008864016984
2082,85631.95999999999,66514.86,804.0,898,19117.09999999999,22.32472548800704
3462,85547.48,63572.48,4852.0,4864,21974.999999999993,25.687489567197062
8497,85408.45,62453.16,8255.0,8316,22955.289999999994,26.877071296809618
3763,85346.67,63131.64000000001,2933.0,3113,22215.02999999999,26.02917020664074
2105,85316.38,65281.65,8362.0,8295,20034.730000000003,23.482864603491148
500,85049.72,70992.17,28.0,31,14057.550000000003,16.528625843800548
2492,84969.41,33203.02,1559.0,797,51766.39000000001,60.923560608458985
42413,84854.38,50632.799999999996,8362.0,8670,34221.58000000001,40.32977437346193
16380,84743.89,39541.39,7711.0,8431,45202.5,53.34012871016424
6096,84733.73,58588.76,4827.0,4588,26144.969999999994,30.85544564130482
46201,84721.75,54888.75,4825.0,4879,29833.0,35.212917580196354
31454,84626.59,54103.049999999996,11241.0,11295,30523.54,36.06849809262077
19357,84546.71,54864.32,13829.0,13996,29682.390000000007,35.1076818956054
3354,84093.9,61860.96000000001,5610.0,5776,22232.939999999988,26.43823154830492
19662,84075.64,58066.69,14036.0,14267,26008.949999999997,30.935179321858264
41714,84071.33,50618.4,15667.0,15720,33452.93,39.79112736767695
16441,84026.42,51512.00000000001,4558.0,4700,32514.41999999999,38.695472209812095
3780,83992.06,68221.27,6394.0,6617,15770.789999999994,18.776524828656417
4412,83941.34,64279.08,4666.0,4716,19662.259999999995,23.42381000827482
37433,83915.46,41320.8,9242.0,9565,42594.66,50.7590138932683
3883,83757.0,56072.619999999995,3600.0,3634,27684.380000000005,33.05321346275536
8576,83752.16,63824.97,16784.0,17391,19927.190000000002,23.7930460539764
809,83735.79,58467.89,4421.0,4453,25267.899999999994,30.17574683417926
3580,83586.34,59525.35999999999,6966.0,7367,24060.980000000003,28.785780068848577
5815,83507.70999999999,59682.29,3629.0,3799,23825.41999999999,28.53080272468254
31488,83466.23,48438.64,14227.0,14081,35027.59,41.96618201157522
4320,83409.37000000001,61017.880000000005,1663.0,1694,22391.490000000005,26.84529328059905
25883,83399.58,51650.42,2242.0,2081,31749.160000000003,38.068728883286944
4258,83206.41,54132.75,7359.0,7365,29073.660000000003,34.94161086868188
2690,83146.91,60681.6,8109.0,8256,22465.310000000005,27.01881525122221
3244,83141.93000000001,57486.240000000005,13327.0,13307,25655.690000000002,30.857703207034042
2838,83086.68000000001,64730.61,1832.0,1827,18356.070000000007,22.092674782528324
3969,82979.18999999999,63521.1,4231.0,4330,19458.08999999999,23.449361219361133
5394,82974.5,66603.36,7550.0,7638,16371.14,19.730326787145447
2841,82949.91,70088.52,2609.0,2724,12861.39,15.505007781201932
19940,82941.16,48460.32,7384.0,7376,34480.840000000004,41.57265222719335
2433,82875.65000000001,61021.6,635.0,664,21854.05000000001,26.369687598226992
3437,82741.54999999999,63733.200000000004,4445.0,4605,19008.349999999984,22.973161609856216
24934,82714.82,57768.75,5518.0,5625,24946.070000000007,30.159129887485708
1273,82402.78,57766.28999999999,2722.0,2491,24636.490000000005,29.897644229964094
33037,82337.81,50211.2,4519.0,4615,32126.61,39.018052581189615
1258,82331.75,59707.18000000001,3525.0,3506,22624.569999999992,27.47976327479981
6572,82308.23999999999,55272.0,4676.0,4700,27036.23999999999,32.84754964994999
1389,82087.46,65408.72,27454.0,30004,16678.740000000005,20.318255675105558
13662,82049.56,52600.54,4768.0,5578,29449.019999999997,35.89174640302763
2549,81941.94,58124.79,1906.0,1971,23817.15,29.06588494243607
8730,81866.31,58217.5,10569.0,10585,23648.809999999998,28.88710875084024
3693,81839.48,64196.64,7252.0,7362,17642.839999999997,21.557859360787724
6183,81789.09,53334.96,8691.0,8904,28454.129999999997,34.789640036342256
17707,81768.28,46250.82,10052.0,10011,35517.46,43.436721427918016
1880,81684.37999999999,50680.35,1162.0,1085,31004.02999999999,37.955885813175044
5676,81574.08,57869.26,40992.0,40753,23704.82,29.059255096716996
5253,81454.48,58844.8,4952.0,4970,22609.679999999993,27.757441947944418
3476,81445.84,52204.0,3916.0,3368,29241.839999999997,35.903417534891894
24840,81443.11,53442.08,5289.0,6332,28001.03,34.38109129182321
4762,81203.25,56909.42,11375.0,11314,24293.83,29.91731242284022
45503,81098.82,55957.2,8118.0,8229,25141.62000000001,31.00121555406109
5438,81078.84,60583.17,8116.0,8067,20495.67,25.278691703038668
3610,81002.94,57588.72,6906.0,6972,23414.22,28.905395285652595
3388,80904.12,58457.39,8588.0,8387,22446.729999999996,27.74485403215559
12203,80879.04000000001,56484.72,8096.0,8258,24394.320000000007,30.16148559626821
2465,80873.52,59544.25,27048.0,27695,21329.270000000004,26.373614008639667
8893,80838.42,60090.52,4758.0,4739,20747.9,25.6658900557433
3257,80751.59,58459.5,12941.0,12991,22292.089999999997,27.605759837050886
513,80679.08,64750.14,2692.0,2814,15928.940000000002,19.74358160752453
44943,80557.62,41078.950000000004,5038.0,3931,39478.66999999999,49.00674821326647
3842,80556.27,61525.85,13913.0,14015,19030.420000000006,23.62376013685838
36523,80436.34,58121.14,5366.0,5621,22315.199999999997,27.742684463266226
46734,80390.3,57059.28,8086.0,8342,23331.020000000004,29.022183024568886
8485,80290.93,52218.81,4407.0,3947,28072.119999999995,34.96300267041371
4234,80286.1,61778.68,7190.0,7732,18507.420000000006,23.051835871962897
18951,80228.70999999999,44405.53,3529.0,3679,35823.17999999999,44.65132245052924
35664,80207.1,48028.5,7990.0,7389,32178.600000000006,40.11939092673841
8970,80009.4,59773.189999999995,7460.0,7481,20236.21,25.29229065584794
12478,79948.61,44596.240000000005,4239.0,4069,35352.369999999995,44.21886759507137
27644,79910.01,54200.159999999996,7999.0,7924,25709.85,32.17350366994072
5146,79845.73999999999,60590.92,4226.0,4276,19254.819999999992,24.11502479656397
33032,79686.36,47651.7,2780.0,2469,32034.660000000003,40.20093275687333
8273,79675.68,62266.6,3432.0,3652,17409.079999999994,21.849929614657817
27042,79616.07,53036.659999999996,7993.0,8122,26579.41000000001,33.38447878675751
30602,79471.73,51844.63,6027.0,6269,27627.1,34.76343097098805
37821,79406.29,50600.0,11171.0,11000,28806.289999999994,36.27708837675201
3887,79360.31,48180.5,6669.0,5570,31179.809999999998,39.28892162845634
5630,79304.98,45202.299999999996,4102.0,3190,34102.68,43.001940105148506
5255,79187.04000000001,58110.25,6096.0,6215,21076.790000000008,26.616464007241596
3107,79175.14,61331.24,1186.0,1292,17843.9,22.53725096033932
21308,79159.54,63645.12,7046.0,8624,15514.419999999991,19.598926421250038
18107,78936.15,42890.4,13445.0,13320,36045.74999999999,45.66443891677007
79,78923.14,55593.979999999996,5686.0,5779,23329.160000000003,29.55934089799266
1355,78828.49,55179.95,20551.0,21305,23648.540000000008,29.999991119961837
25832,78827.57,49823.9,7243.0,7630,29003.670000000006,36.793814651396715
1295,78790.53,57037.04,19747.0,19736,21753.489999999998,27.609269794225266
4282,78631.53,56618.67,5947.0,5843,22012.86,27.994953169549163
19831,78581.34,54391.68,7866.0,7952,24189.659999999996,30.782956869913384
28579,78535.47,44488.44,13525.0,13731,34047.03,43.35242407029588
6651,78422.24,48601.810000000005,6276.0,6239,29820.43,38.02547593641803
2247,78421.39,67190.97,361.0,413,11230.419999999998,14.320608191209056
39593,78384.87,46626.78,7813.0,7366,31758.089999999997,40.51558674524816
31083,78275.61,74863.92,2639.0,4012,3411.6900000000023,4.358560731752844
2772,78195.39,69548.04999999999,1461.0,1507,8647.340000000011,11.058631461522236
8050,78169.4,52050.520000000004,4460.0,4076,26118.87999999999,33.41317702323415
6278,78158.11,55945.5,6981.0,7410,22212.61,28.420096135896838
6692,78134.03,44715.92,6805.0,6694,33418.11,42.77023724489828
22079,78070.79000000001,44523.0,8665.0,9700,33547.79000000001,42.97098825309697
599,77846.25,55228.29,3275.0,3243,22617.96,29.054655811936993
5076,77774.82,64001.12,2118.0,2276,13773.700000000004,17.709716332355384
4796,77476.40999999999,55924.33,4459.0,4543,21552.079999999987,27.817602803227448
3731,77440.03,59915.64,4397.0,4478,17524.39,22.629627080464715
5668,77415.37,59545.05,5563.0,6145,17870.319999999992,23.083684803159883
8653,77345.09,51633.31,14621.0,14627,25711.78,33.24293759306505
2590,77304.21,70798.14,1879.0,2443,6506.070000000007,8.41619104573995
3039,77290.23,54831.24,4277.0,4098,22458.989999999998,29.05799348766332
3376,77268.33,63116.27,1967.0,1973,14152.060000000005,18.315472846378334
24634,77100.84999999999,51658.1,4515.0,5030,25442.749999999993,32.99931194014073
3890,77049.45,56906.8,4355.0,4520,20142.649999999994,26.142496799133536
4050,76882.01,56366.08,6399.0,6464,20515.929999999993,26.684955297084446
3945,76817.29999999999,59996.4,4270.0,4335,16820.899999999987,21.897280951035754
3947,76814.79000000001,58322.159999999996,1621.0,1674,18492.630000000012,24.07430912718763
904,76795.65999999999,53144.78,4334.0,4349,23650.87999999999,30.79715702684239
1085,76740.61,56870.4,3839.0,3840,19870.21,25.892692278573232
3925,76695.93000000001,74793.25,1507.0,1975,1902.6800000000076,2.4808096074980868
4363,76668.76000000001,51731.4,2324.0,2180,24937.360000000008,32.526103200312626
23253,76661.65,33380.78,3835.0,2554,43280.869999999995,56.457002947366774
37071,76554.40999999999,43904.88,3359.0,3798,32649.52999999999,42.64879057914494
2602,76535.94,59271.68000000001,1306.0,1352,17264.259999999995,22.557062734187355
4176,76507.54000000001,53573.6,6646.0,6680,22933.94000000001,29.976052033564283
1867,76457.29000000001,57843.6,25571.0,26904,18613.69000000001,24.345212863286168
4270,76435.68,57405.219999999994,4332.0,4426,19030.46,24.89735160333499
26016,76175.55,53194.05,5445.0,5629,22981.5,30.169129070942052
25577,76133.58,51426.9,5442.0,5442,24706.68,32.451751250893494
5539,76002.85,54568.560000000005,6415.0,6504,21434.29,28.201955584560316
10874,75899.9,51889.229999999996,6810.0,6891,24010.67,31.63465301008302
15232,75763.93000000001,42645.78,1607.0,1422,33118.15000000001,43.71229158783079
3161,75662.14,56303.64,7286.0,8454,19358.5,25.58545132347565
2290,75566.81999999999,57637.799999999996,3018.0,3195,17929.019999999997,23.726048019487916
21329,75564.45999999999,51958.28,4766.0,4939,23606.179999999993,31.23979182806308
5776,75531.01999999999,55516.32,3398.0,3408,20014.69999999999,26.498649164277133
5316,75517.33,62699.46,32977.0,34262,12817.870000000003,16.973415241243302
1639,75309.98,57608.4,3602.0,3660,17701.579999999994,23.50495910369382
1395,75297.0,53308.08,9000.0,9066,21988.92,29.202916450854616
14416,75280.13,32324.8,4887.0,3632,42955.33,57.0606480089766
28890,75144.87,50579.37,5013.0,5063,24565.499999999993,32.69085434574575
5348,75099.5,51111.35,6250.0,6511,23988.15,31.94182384702961
5597,74995.57,55836.340000000004,7243.0,7318,19159.230000000003,25.547148984933376
6529,74948.58,52294.69,2142.0,2257,22653.89,30.225909550254322
25808,74889.73,52676.96,6427.0,6719,22212.769999999997,29.660635710664195
3104,74882.55,54421.520000000004,6245.0,6241,20461.03,27.324162972548343
2212,74835.84,57525.840000000004,6516.0,6597,17309.999999999993,23.1306283192652
2668,74776.49,61815.84,5551.0,5788,12960.650000000009,17.33251988693239
21100,74720.59,53297.64,5341.0,5676,21422.949999999997,28.670745239029827
934,74696.1,53855.2,1990.0,2065,20840.90000000001,27.900921199366508
8823,74626.86,54844.98,10014.0,10119,19781.879999999997,26.50772121458681
6126,74619.62,49748.17,2638.0,2747,24871.449999999997,33.33097917142971
27817,74586.03,37985.55,4597.0,3469,36600.479999999996,49.071495023934105
24002,74471.4,45369.37,10060.0,9799,29102.02999999999,39.07812932212902
3791,74423.91,47343.52,7109.0,7217,27080.390000000007,36.386680033338756
1760,74411.48,57396.35,2852.0,2915,17015.129999999997,22.86627009703341
3595,74401.47,51421.560000000005,4653.0,4278,22979.909999999996,30.88636555164837
1383,74398.34,54279.36,6766.0,6768,20118.979999999996,27.042243146822898
35393,74360.81,45666.0,5319.0,5310,28694.809999999998,38.58861946232162
2631,74295.51,63604.64,1049.0,1136,10690.869999999995,14.38965827140832
2975,74248.82,58128.200000000004,4818.0,5135,16120.620000000003,21.711617773858226
14054,74203.46,50204.97,8254.0,8271,23998.490000000005,32.341470330359265
2800,74140.94,47752.0,906.0,800,26388.940000000002,35.59293960934404
9037,74104.83,44964.17,3717.0,3769,29140.660000000003,39.323563659750654
26456,74008.87,43605.0,10153.0,9690,30403.869999999995,41.08138659595802
14184,73899.59,44402.24,5341.0,5092,29497.35,39.91544472709524
3910,73886.21,53862.119999999995,6229.0,6093,20024.09000000001,27.10125475376259
5875,73573.73,49564.32,4027.0,4056,24009.409999999996,32.63312869960514
6523,73413.35,44998.380000000005,4465.0,4473,28414.97,38.70545343592139
17876,73340.21,49931.44,9179.0,9368,23408.770000000004,31.918056956749925
8361,73331.08,49022.380000000005,4892.0,4873,24308.699999999997,33.14924585864547
1464,73331.0,59601.219999999994,2800.0,3101,13729.780000000006,18.723023005277447
8448,73330.07,54567.66,7193.0,7266,18762.410000000003,25.586243133273978
8819,73185.61,50031.0,9839.0,9810,23154.61,31.63820046044571
1515,73156.56999999999,52525.200000000004,4743.0,5180,20631.369999999988,28.201663910705477
2957,73143.96,53333.4,2004.0,2060,19810.560000000005,27.084341618911534
24456,73061.67,35549.299999999996,4679.0,4330,37512.37,51.34343356783386
45496,73048.91,48715.61,9149.0,9209,24333.300000000003,33.31096932178728
39691,73005.34999999999,48706.28,3365.0,3532,24299.069999999992,33.28395795650592
8962,72967.73999999999,54584.96000000001,3826.0,3944,18382.779999999984,25.19302365675569
35666,72942.31,40318.56,7269.0,6588,32623.75,44.72541382360937
21032,72904.09,45239.04,2991.0,2992,27665.049999999996,37.9471851304913
1989,72877.5,52089.44,1950.0,2054,20788.059999999998,28.524661246612464
25511,72715.58,69713.28,4042.0,5733,3002.300000000003,4.1288263120503235
3607,72710.55,53097.12,73445.0,73746,19613.43,26.97466873789292
5714,72707.22,52036.32000000001,7278.0,7288,20670.899999999994,28.4303264517609
5230,72655.53,50066.240000000005,5047.0,5047,22589.289999999994,31.090943800148445
3758,72632.29,50948.280000000006,3471.0,3492,21684.009999999987,29.85450410554313
870,72614.06,45423.0,2494.0,2575,27191.059999999998,37.445998750104316
10626,72530.69,56956.92,6977.0,7564,15573.770000000004,21.471972760772033
31160,72431.09999999999,44446.68,3290.0,3357,27984.41999999999,38.63591744430223
4204,72356.79,49830.119999999995,6521.0,6438,22526.67,31.13276583994398
2979,72319.23,59522.4,1577.0,1680,12796.829999999994,17.69492014779471
38652,72267.31999999999,39011.700000000004,3488.0,2858,33255.61999999999,46.01750832879923
3970,72164.72,53894.22,7768.0,7949,18270.5,25.317773005978545
8280,72035.83,45692.6,5117.0,5134,26343.230000000003,36.569620978893425
19302,72006.69,53919.51,6031.0,7257,18087.18,25.118749382869844
18010,71999.45,45150.56,11155.0,11518,26848.89,37.290409857297526
3148,71770.35,71114.32,1465.0,2018,656.0299999999988,0.9140682747123273
12943,71732.46,34412.6,7554.0,7481,37319.86000000001,52.02646054519809
10239,71724.58,42784.96,4842.0,4712,28939.620000000003,40.34825996889769
8420,71714.31,53909.0,1769.0,1739,17805.309999999998,24.828113106017472
178,71658.91,46855.32,2509.0,2257,24803.590000000004,34.61340676267613
3984,71622.32,55943.600000000006,1668.0,1732,15678.720000000001,21.89082956262796
35959,71526.92,49079.52,1308.0,1512,22447.4,31.383149169571407
33143,71259.82,45718.8,7418.0,7374,25541.020000000004,35.84210569153837
26817,71148.67,52140.04,9333.0,9532,19008.629999999997,26.71677488841323
16828,71140.53,47924.44,5347.0,5534,23216.089999999997,32.63412572270687
33731,71124.66,49255.8,5734.0,6585,21868.86,30.747226067583313
27145,71068.4,44923.5,7360.0,7450,26144.899999999994,36.78836163470684
8120,71058.14,56257.68,7986.0,7946,14800.46,20.82866227570831
3172,70998.39,55570.9,5361.0,5390,15427.489999999998,21.72935189093724
13963,70965.76,44421.75,6624.0,6581,26544.009999999995,37.40396777262725
6861,70945.56,48890.94,11844.0,11838,22054.619999999995,31.08668111154524
5858,70921.61,57660.52,35639.0,36494,13261.090000000004,18.698235981952475
38946,70914.78,43104.49,7522.0,7711,27810.29,39.2164933741598
16669,70912.41,53061.299999999996,5459.0,6206,17851.110000000008,25.173463995935276
1657,70899.87,53621.32,1013.0,1042,17278.549999999996,24.370354980904757
7198,70838.75,57979.0,6825.0,7835,12859.75,18.1535529635969
5897,70779.07,39194.84,5293.0,5254,31584.23000000001,44.6236860699074
24493,70717.5,27719.28,2950.0,1878,42998.22,60.80279987273306
1771,70680.61,22500.0,23639.0,30000,48180.61,68.16665843715836
4550,70652.61,58260.16,5439.0,5873,12392.449999999997,17.5399748148016
1725,70589.65,51550.46,3735.0,3638,19039.189999999995,26.97164527660924
22963,70569.12,49881.7,2788.0,3014,20687.42,29.31511686698091
2026,70357.95,61508.1,3705.0,4210,8849.849999999999,12.578322705536474
5333,70351.21,47471.2,5479.0,5488,22880.01000000001,32.52255362772013
34825,70290.35,52172.26,5265.0,5362,18118.090000000004,25.776070257154792
211,70184.08,50249.22,2492.0,2534,19934.86,28.403677871106954
4075,70123.54,51529.89,3246.0,3247,18593.649999999994,26.51556096568998
13303,70100.23,47586.56,4977.0,5311,22513.67,32.116399618089694
37792,70090.59,40804.19,8641.0,8813,29286.399999999994,41.783640286092606
29996,70088.95,36340.92,4105.0,3591,33748.03,48.15028617207135
8619,70083.97,48378.0,11003.0,10995,21705.97,30.97137619344338
15922,70048.41,56444.76,6959.0,7218,13603.650000000001,19.42035515153021
5903,69930.59,59179.8,35141.0,37220,10750.789999999994,15.373515367166208
1366,69901.23,50690.58,54187.0,54506,19210.649999999994,27.482563611541593
46830,69856.22,45613.380000000005,7690.0,7718,24242.839999999997,34.703910403397146
2917,69846.45999999999,57809.62,3554.0,3701,12036.83999999999,17.233285695509824
46098,69809.95,44169.75,7205.0,7325,25640.199999999997,36.72857522459191
37401,69759.09,47055.96,8491.0,8946,22703.129999999997,32.54504896781194
1135,69740.17,54029.58,3383.0,3459,15710.589999999997,22.527318186921537
5334,69691.98,53941.14,3002.0,3027,15750.839999999997,22.60064931431134
16320,69633.05,44582.56,7395.0,7634,25050.490000000005,35.97500037697617
463,69477.3,53742.66,2070.0,2182,15734.64,22.647166772456615
3335,69401.85,47765.520000000004,6315.0,5868,21636.33,31.17543696601748
5137,69375.75,48722.31,7025.0,7371,20653.440000000002,29.77040248213533
4878,69339.16,48363.6,9834.0,9830,20975.560000000005,30.250669318751488
8118,69280.19,50661.86,11081.0,11159,18618.33,26.87395920825275
23354,69221.36,37797.12,3464.0,3474,31424.239999999998,45.39673881010139
41530,69163.14,43198.479999999996,7286.0,7397,25964.660000000003,37.541181617838646
42881,69086.85,38510.08,9615.0,9824,30576.770000000004,44.25845149981509
2630,68916.1,55154.04,1790.0,1844,13762.060000000005,19.96929599904812
15047,68835.56999999999,35967.6,4243.0,4365,32867.969999999994,47.74852594378168
6553,68768.72,39203.1,4928.0,5065,29565.620000000003,42.99283162461073
8123,68651.97,38252.74,6203.0,5858,30399.230000000003,44.280200553603926
44072,68625.28,44428.35,6072.0,6145,24196.93,35.25949912335513
2254,68543.69,52879.99,5131.0,5129,15663.700000000004,22.85214000004961
23712,68464.06,44852.799999999996,6594.0,6596,23611.260000000002,34.48708709357874
46458,68437.41,24271.079999999998,4467.0,3148,44166.33,64.53536158074947
6329,68419.5,41986.4,6750.0,6772,26433.1,38.63386899933498
5410,68417.69,46807.65,7581.0,7611,21610.04,31.58545691910966
5375,68301.81999999999,50931.2,3418.0,3460,17370.619999999995,25.43214807453154
37313,68264.0,35808.75,6000.0,5305,32455.25,47.54372729403492
3498,68132.62999999999,41377.92,3337.0,2811,26754.709999999992,39.26857072741797
43365,68002.49,42111.68,6215.0,6112,25890.810000000005,38.07332643260564
31277,67928.32,23411.1,3968.0,2138,44517.22000000001,65.53558221372177
8154,67818.81,49819.2,3019.0,3104,17999.61,26.54073405298619
4149,67799.47,54071.08,45503.0,46613,13728.39,20.248521116757992
32832,67757.69,27669.84,2231.0,1338,40087.850000000006,59.16354291298892
2862,67732.56,53117.920000000006,1844.0,1919,14614.639999999992,21.576978634795427
2521,67632.83,52399.54,717.0,757,15233.29,22.523514098108862
27831,67542.01,32469.48,5599.0,4747,35072.53,51.926985886265456
3420,67514.1,59062.64,6490.0,7448,8451.460000000006,12.518066596459118
11460,67475.35,48771.1,1665.0,1805,18704.250000000007,27.72012297824317
37312,67373.07,43281.83,4613.0,5417,24091.240000000005,35.757966795931964
2041,67302.61,56065.38,739.0,917,11237.230000000003,16.696573877298373
4881,67253.9,12529.26,3410.0,846,54724.63999999999,81.37021050080367
5330,67227.28,47038.979999999996,4072.0,4119,20188.300000000003,30.029922376749447
28092,67115.4,43089.520000000004,4360.0,4456,24025.87999999999,35.79786457355539
5739,67076.93,53117.01,33707.0,34717,13959.919999999991,20.811805191442115
35862,67061.20999999999,50347.2,3379.0,3702,16714.009999999995,24.923513906176158
25994,67047.42,60229.079999999994,4150.0,5139,6818.340000000004,10.169429338220628
27596,67019.54,41754.72,8086.0,8092,25264.819999999992,37.69769234465053
3183,66976.48999999999,47210.200000000004,3451.0,3446,19766.289999999986,29.512281100427913
18642,66912.72,39891.46,6784.0,6866,27021.260000000002,40.38284499568991
5134,66881.82,55867.030000000006,4718.0,5377,11014.79,16.469034485006535
38549,66708.18,42820.880000000005,8782.0,8884,23887.29999999999,35.80865195242921
35471,66622.7,40002.35,11342.0,11941,26620.35,39.95687656009138
2591,66515.93000000001,48127.8,1607.0,1637,18388.130000000005,27.64470105131207
25202,66508.53,45361.44,5547.0,5559,21147.089999999997,31.796056836619297
8694,66501.05,48475.33,6095.0,6067,18025.72,27.105917876484657
3663,66438.51,52132.200000000004,4749.0,4845,14306.30999999999,21.533159006726656
3918,66420.86,52878.93,1514.0,1599,13541.93,20.38806784495112
2258,66365.5,52035.02,4850.0,5326,14330.480000000003,21.59326758632121
7969,66311.19,39461.1,4381.0,4370,26850.090000000004,40.491039295177785
46985,66305.06999999999,53439.75,2793.0,3393,12865.319999999992,19.403222106544785
41990,66262.76,47436.76,1224.0,1337,18825.999999999993,28.411131682411046
11456,66261.44,43758.72,1856.0,1926,22502.72,33.96050553685522
3919,66193.28,48587.5,5572.0,5750,17605.78,26.597533767778238
7293,66192.2,47882.64,7880.0,8034,18309.559999999998,27.661204794522614
23129,66119.48,44308.799999999996,3352.0,3620,21810.68,32.98676880096456
23382,66118.65,32096.0,4135.0,2950,34022.649999999994,51.4569641092188
8437,66066.98,55303.62,1802.0,2102,10763.359999999993,16.291587719008792
8232,65995.46,48834.24,7754.0,7826,17161.22000000001,26.003637219893623
6950,65968.29,46263.840000000004,1971.0,1967,19704.44999999999,29.869578247367016
2926,65934.69,53078.49,2331.0,2427,12856.200000000004,19.498385447781743
46380,65890.11,36589.56,4089.0,4052,29300.550000000003,44.468813301419594
1125,65816.26,62390.7,2674.0,3830,3425.5599999999977,5.204732082922971
28260,65531.09,41644.56,8091.0,8024,23886.53,36.450683179541194
1715,65401.38,47540.8,3462.0,3455,17860.579999999994,27.309179102948583
33348,65359.35,41485.74,5665.0,5738,23873.61,36.5266943444205
3617,65354.28,42903.840000000004,2972.0,2712,22450.439999999995,34.35190472605619
13638,65347.5,48189.29,5550.0,5827,17158.21,26.256872871953785
22758,65335.14,32112.850000000002,4086.0,3073,33222.28999999999,50.849037745997016
5218,65291.33,47953.2,4667.0,4490,17338.130000000005,26.555026524961285
17814,65226.780000000006,45648.840000000004,1822.0,1931,19577.940000000002,30.01518701367751
21864,65147.869999999995,38851.729999999996,2513.0,2551,26296.14,40.363775515607806
23229,65146.54,29696.48,4346.0,2872,35450.06,54.41587534809983
6670,65138.87,44533.24,6113.0,6151,20605.630000000005,31.633385718849595
21004,65126.49,42542.43,8151.0,8197,22584.059999999998,34.67722581087972
19453,65096.43,44505.8,4557.0,4612,20590.629999999997,31.630966552236423
11915,65067.5,56193.2,2050.0,2867,8874.300000000003,13.638606062934649
19934,64958.47,43308.8,6453.0,6464,21649.67,33.32847894970432
759,64902.490000000005,45843.0,1151.0,1239,19059.490000000005,29.366346345109417
24286,64862.24,41524.0,2776.0,2800,23338.239999999998,35.98124270762157
1068,64651.87,49397.92,4313.0,4318,15253.950000000004,23.59398111763821
4639,64551.92999999999,15293.2,807.0,260,49258.729999999996,76.30868666513922
2678,64537.93,56334.39,1507.0,1761,8203.54,12.711191697657487
14539,64516.96,46507.38,4304.0,4623,18009.58,27.91448946137574
25036,64481.99,44298.99,5789.0,5883,20183.0,31.300212664032234
2790,64338.68,57825.03999999999,2032.0,2366,6513.640000000007,10.12398762299756
3363,64238.23,45252.3,4677.0,4670,18985.93,29.55549989468888
7374,64214.11,54104.82,6189.0,7887,10109.29,15.743097584004515
5462,64185.85,45187.8,3115.0,3074,18998.049999999996,29.598501850485732
2945,64147.86,60113.94,214.0,282,4033.9199999999983,6.288471665305745
38772,64140.60999999999,42393.28,3739.0,3868,21747.329999999994,33.905711217900794
2512,64066.69,52545.92,1831.0,2072,11520.770000000004,17.98246483469023
41940,64029.09,40526.64,2791.0,2838,23502.449999999997,36.70589414905006
12111,64023.96,44325.63,4004.0,4131,19698.33,30.767122183632505
7867,64000.63,57815.04,7037.0,7528,6185.5899999999965,9.664889236246575
8442,63983.5,43095.68,4550.0,4624,20887.82,32.64563520282573
290,63976.259999999995,48968.700000000004,874.0,1254,15007.55999999999,23.45801395705218
32479,63914.44,53919.0,6488.0,7988,9995.440000000002,15.638782096815685
24303,63883.71,47320.17,8579.0,9483,16563.54,25.927642586819083
21317,63850.36,43085.939999999995,4564.0,4618,20764.420000000006,32.52044311104903
24369,63810.78,32002.579999999998,5322.0,3898,31808.2,49.847690311887746
26744,63748.87,35675.94,5465.0,5557,28072.93,44.0367492004172
23523,63682.42,42093.99,6158.0,6407,21588.43,33.90014072957654
5149,63648.3,46078.53,1970.0,1987,17569.770000000004,27.604460763288262
12697,63582.97,42915.11,5303.0,5509,20667.86,32.505339086865554
14818,63531.36,45892.21,4144.0,4277,17639.15,27.764477259734406
39708,63447.98,39770.72,7572.0,8426,23677.260000000002,37.317594665740344
46424,63423.85,40713.0,6415.0,6150,22710.85,35.808059586417414
37842,63343.17,40186.08,5283.0,5192,23157.089999999997,36.55814825813106
24453,63306.06,39037.9,2694.0,2530,24268.159999999996,38.334655481639516
8386,63214.14,46344.25,4686.0,4705,16869.89,26.6868931539684
19947,63200.15,40295.12,4485.0,4621,22905.03,36.24205005842549
41143,63165.15,39407.92,7341.0,7492,23757.230000000003,37.611293569317894
3524,63161.2,47054.700000000004,3130.0,3201,16106.499999999993,25.500623800687755
8790,63147.64,38680.2,4536.0,4524,24467.440000000002,38.74640445787048
6586,63120.66,39282.100000000006,5834.0,5863,23838.559999999998,37.76665199635111
7931,63035.75,47632.14,6925.0,7362,15403.61,24.43630796809747
25711,63030.82,42286.58,3918.0,4346,20744.239999999998,32.911264679723345
6974,62984.8,38717.119999999995,4020.0,4264,24267.680000000008,38.52942297189164
8103,62902.62,49600.32,63538.0,64416,13302.300000000003,21.147449820055193
5962,62893.10999999999,49605.24,2589.0,2874,13287.869999999995,21.127703813660982
43877,62877.99,47628.0,2301.0,2700,15249.989999999998,24.25330389855019
17967,62798.38,39827.2,4362.0,4445,22971.18,36.579255706914736
4404,62791.770000000004,40560.48,9223.0,9389,22231.29,35.404783142758994
10296,62768.16,39075.68,3934.0,4016,23692.480000000003,37.7460164516532
44854,62739.770000000004,44212.5,1223.0,1250,18527.270000000004,29.530344150129977
1746,62703.7,41599.19,2030.0,2081,21104.509999999995,33.657519412730025
942,62668.1,47813.4,990.0,1052,14854.699999999997,23.703766350024967
8097,62627.58,45868.96,4842.0,4859,16758.620000000003,26.75916904341506
12586,62584.53,36583.8,6697.0,7590,26000.729999999996,41.544979246468735
20532,62560.33,46538.64,4867.0,5337,16021.690000000002,25.609983195421126
1993,62422.67999999999,58017.96,3132.0,3381,4404.719999999994,7.056281466928358
2183,62414.02,46854.27,3098.0,3207,15559.75,24.929895558722222
19611,62404.99,37319.520000000004,601.0,609,25085.469999999994,40.19785917760743
38131,62396.07,41067.36,5993.0,6004,21328.71,34.18277785764392
13258,62384.91,37947.03,5809.0,5847,24437.880000000005,39.17274225449713
5759,62351.020000000004,51363.04,4798.0,5441,10987.980000000003,17.622775056446553
2030,62073.77,48674.04,2023.0,2073,13399.729999999996,21.58678295196183
11499,62053.75,37884.479999999996,2225.0,2077,24169.270000000004,38.94892734121629
7917,62041.76,50516.0,6824.0,7300,11525.760000000002,18.57742269078118
1226,61932.28,49475.25,2472.0,2475,12457.029999999999,20.1139534988862
6396,61868.18,40929.28,7942.0,7994,20938.9,33.84437686707448
3325,61867.62,41528.8,5538.0,5612,20338.82,32.874741262068916
27813,61698.31,41400.450000000004,4269.0,4381,20297.859999999993,32.898567237903265
8658,61679.12,45015.12,1688.0,1854,16664.0,27.0172466792652
46764,61676.04,32864.63,4896.0,4003,28811.410000000003,46.71410486146647
37678,61624.88,36620.24,5612.0,5608,25004.64,40.57555974145507
5378,61586.6,43927.0,2340.0,2180,17659.6,28.674419435396658
6742,61527.719999999994,56804.52,3328.0,4548,4723.199999999997,7.676539940046531
6293,61499.65,38190.42,6285.0,6462,23309.230000000003,37.90140269090963
2161,61452.77,45123.82,2923.0,2957,16328.949999999997,26.571544293284088
2116,61414.340000000004,46160.369999999995,1466.0,1689,15253.970000000008,24.83779846856615
13489,61413.659999999996,42274.85,3234.0,3295,19138.809999999998,31.16376714887209
2149,61361.97,43889.46,8203.0,8219,17472.510000000002,28.474493240683117
29649,61322.96,40621.3,3904.0,4010,20701.659999999996,33.75841609733124
5259,61308.45999999999,48582.78,3554.0,3631,12725.679999999993,20.756809092904952
2045,61239.880000000005,54337.32,1612.0,1788,6902.560000000005,11.271348017011144
26427,61188.34,40441.5,2766.0,2850,20746.839999999997,33.90652532819161
24592,61116.33,34368.32,7667.0,7328,26748.010000000002,43.76573331546577
5128,61104.3,43642.8,4870.0,4860,17461.5,28.576548622601027
12109,61101.229999999996,41687.73,3177.0,3381,19413.499999999993,31.772682808513007
4195,61012.58,46441.85,5342.0,5369,14570.730000000003,23.881517549331637
5833,60981.06,47419.18,894.0,934,13561.879999999997,22.239495344948086
25138,60869.549999999996,52029.67,3045.0,3773,8839.879999999997,14.522663630665905
25504,60785.69,40818.78,5531.0,5531,19966.910000000003,32.84804367606916
22914,60749.2,30008.46,1980.0,1511,30740.739999999998,50.60270752536658
825,60717.54,42375.87,1446.0,1413,18341.67,30.208190252767153
4197,60671.99,47783.92,3501.0,3656,12888.07,21.24220748322249
8265,60519.42,42208.14000000001,6058.0,6126,18311.27999999999,30.25686630836844
5215,60416.49,46325.43,4651.0,4923,14091.059999999998,23.323201993363067
24503,60369.229999999996,48188.51,877.0,1019,12180.719999999994,20.177033896241504
12495,60351.79,34488.66,7621.0,7401,25863.129999999997,42.85395677576423
19199,60306.619999999995,41431.04,3538.0,3584,18875.579999999994,31.29934988895082
3805,60285.5,22077.87,3850.0,1973,38207.630000000005,63.37781058463479
5489,60202.11,44428.33,5789.0,5869,15773.779999999999,26.201374004997497
8262,60193.59,43410.08,2741.0,2744,16783.509999999995,27.882553607452216
1817,60188.28,46592.25,2772.0,2775,13596.029999999999,22.58916519960364
33038,60151.74,34851.6,3326.0,3227,25300.14,42.06052892235536
8130,60147.54,43391.94,46626.0,46658,16755.6,27.85749841140635
47090,60070.96,39775.74,2504.0,2553,20295.22,33.78540978868991
3547,59979.42,48648.6,21498.0,22113,11330.82,18.891179674628397
37984,59976.99,40037.56,5401.0,5282,19939.43,33.24513284177816
5826,59965.42,44994.74,6458.0,6559,14970.68,24.965521795728275
28548,59893.29,38130.71000000001,3571.0,3457,21762.579999999994,36.33558951261484
31558,59884.23,27050.2,3977.0,3205,32834.03,54.82917622886693
23191,59855.07,25122.899999999998,3993.0,2530,34732.17,58.027114495062825
10579,59715.35,42348.14,5485.0,6397,17367.21,29.083326146459832
39254,59693.32,35817.9,5168.0,5191,23875.42,39.99680366245335
5872,59593.69,47365.119999999995,19931.0,20416,12228.570000000007,20.51990739288003
7224,59537.67,29322.7,4733.0,2530,30214.969999999998,50.74933231347482
5708,59473.26,25089.88,60074.0,66026,34383.380000000005,57.81317519840009
2826,59392.450000000004,46633.84,1555.0,1576,12758.610000000008,21.481871854082474
20419,59386.03,36383.16,3047.0,2838,23002.869999999995,38.73448014625661
2759,59373.56,46066.020000000004,4244.0,4543,13307.539999999994,22.41324252748192
4450,59355.7,41517.93,2230.0,2243,17837.769999999997,30.05232858849276
1727,59329.02,52599.25,2698.0,3085,6729.769999999997,11.343133596341213
15824,59229.27,34679.36,3373.0,3232,24549.909999999996,41.448949142881546
6638,59226.299999999996,39633.659999999996,2370.0,2442,19592.64,33.080979227133895
5560,59087.82,43294.149999999994,3418.0,3385,15793.670000000006,26.72914654830726
27801,59051.16,41740.86,1284.0,1334,17310.300000000003,29.314072746411757
17875,58998.16,43095.68,7384.0,7922,15902.480000000003,26.954196537654738
42421,58930.57,37833.119999999995,4543.0,4888,21097.450000000004,35.800519153301934
6081,58917.93,43421.86,29607.0,29741,15496.07,26.30111071451424
16394,58908.86,34314.0,3514.0,3800,24594.86,41.75069760304307
4764,58883.42,43097.1,2858.0,2910,15786.32,26.809448228380756
7994,58873.8,47334.17,6020.0,5969,11539.630000000005,19.600620309883183
8092,58772.85,45420.6,25665.0,26718,13352.25,22.718398035827768
11196,58661.03,40278.0,5697.0,6850,18383.03,31.33772114127556
14008,58660.66,38847.6,4834.0,4796,19813.060000000005,33.77571953673894
2686,58483.83,42933.600000000006,1517.0,1602,15550.229999999996,26.58893919909143
13979,58363.32,39565.1,1668.0,1730,18798.22,32.20896275263299
42765,58250.47,35854.65,5871.0,6129,22395.82,38.44744943688866
18950,58215.64,19169.920000000002,3236.0,1556,39045.72,67.07084213108368
3743,58174.03,34285.5,4897.0,4275,23888.53,41.06390772652333
6448,58171.86,34907.67,5764.0,5789,23264.190000000002,39.992171472598606
3703,58162.9,48627.2,9710.0,10480,9535.700000000004,16.394815251646673
419,58151.89,44420.22,2811.0,2778,13731.669999999998,23.613454352042552
3168,58138.659999999996,45376.24,2334.0,2392,12762.419999999998,21.951692729072185
377,58086.71,54545.4,1529.0,1924,3541.3099999999977,6.096592490778007
3367,58063.66,42142.19,5434.0,5567,15921.470000000001,27.420713747634924
21231,58038.62,36855.28,11638.0,11966,21183.340000000004,36.49869690216618
4670,57972.990000000005,33975.06,11651.0,11838,23997.930000000008,41.395018611253285
16837,57972.46,34948.979999999996,10154.0,10219,23023.480000000003,39.714512718625365
2647,57858.29,57654.8,1071.0,1396,203.48999999999796,0.3517041378167207
23212,57856.24,36881.84,4376.0,4616,20974.4,36.252615102536915
6273,57851.85,33524.04,7215.0,7194,24327.809999999998,42.051913638025404
12479,57755.93,34872.48,4407.0,4392,22883.449999999997,39.620953207748535
32796,57747.619999999995,35681.4,2838.0,2766,22066.219999999994,38.21147953803117
4283,57674.659999999996,43942.0,2834.0,3175,13732.659999999996,23.81056082515267
47014,57635.95,34892.16,4205.0,4276,22743.789999999994,39.461117583730285
2648,57595.21,43296.66,3529.0,3546,14298.549999999996,24.82593604572324
22569,57590.74999999999,38242.36,3125.0,3263,19348.389999999992,33.59635010830731
3987,57574.3,41727.6,5170.0,4824,15846.700000000004,27.523912579050037
4228,57553.189999999995,40219.200000000004,2681.0,2736,17333.98999999999,30.118208912485983
31201,57529.64,33406.2,5536.0,5540,24123.440000000002,41.93219356144068
6542,57378.62,26463.43,8088.0,7133,30915.190000000002,53.87928465341272
7340,57311.81999999999,38301.439999999995,3018.0,2602,19010.379999999997,33.170086031118885
4565,57242.340000000004,40132.51,5916.0,5981,17109.83,29.8901652168657
2466,57233.82,21030.2,1218.0,710,36203.619999999995,63.255641507066976
18742,57193.35,25942.5,2865.0,2306,31250.85,54.64070560650845
15548,57176.4,39855.62,6360.0,6566,17320.78,30.293582666974483
6958,57063.47,37507.21,7103.0,7037,19556.260000000002,34.27106693651824
802,57060.38,40341.51,4962.0,5049,16718.869999999995,29.30031310692287
8922,57008.65,38183.4,7135.0,7071,18825.25,33.02174319160338
4522,56976.51,37302.48,3699.0,3708,19674.03,34.530072129725035
2828,56959.48,52337.880000000005,1252.0,1548,4621.5999999999985,8.113838117904164
7279,56958.13,31007.11,6787.0,6697,25951.019999999997,45.56157303619342
3747,56947.53,37772.56,8147.0,7292,19174.97,33.67129355742032
1212,56941.89,8095.9400000000005,2611.0,563,48845.95,85.78210171808487
26787,56903.66,34780.2,5084.0,5070,22123.460000000006,38.878799711653
25540,56883.340000000004,39255.3,4066.0,4154,17628.04,30.989811779688043
1891,56854.46,48233.97,554.0,603,8620.489999999998,15.162381280202114
2912,56848.53999999999,44440.11,3346.0,3453,12408.429999999993,21.827174453380852
41712,56803.55,33915.2,10181.0,10340,22888.350000000006,40.293872478040555
37235,56780.76,32764.5,4624.0,4045,24016.260000000002,42.29647507359888
4989,56753.28,45964.939999999995,2472.0,2759,10788.340000000004,19.009192067841724
27512,56726.829999999994,35985.86,2417.0,2554,20740.969999999994,36.56289272642239
7868,56628.01,41205.8,1599.0,1790,15422.21,27.234243265832575
2879,56577.979999999996,41999.11,1802.0,1891,14578.869999999995,25.76774568480528
16877,56539.57,37563.68,5743.0,6098,18975.89,33.562140638848156
24846,56537.7,36382.5,2930.0,2970,20155.199999999997,35.64913323322314
27202,56533.41,54080.4,5659.0,7953,2453.010000000002,4.339044823229312
8135,56433.65,43272.450000000004,5135.0,5121,13161.199999999997,23.32154663042351
27867,56339.96,32218.72,7054.0,6826,24121.239999999998,42.81373291709827
2810,56269.950000000004,50344.74,1005.0,1151,5925.210000000006,10.529972036584368
2722,56206.439999999995,39612.68,2556.0,2252,16593.759999999995,29.522880296279208
24310,56199.340000000004,35719.1,5966.0,5470,20480.240000000005,36.44213615320038
2035,56156.32,41312.04,2868.0,2893,14844.279999999999,26.433854640047638
8660,56149.89,44767.8,4511.0,4620,11382.089999999997,20.270903469267697
19121,56137.25,21017.6,4675.0,2560,35119.65,62.5603320433402
19962,56057.64,36422.84,3536.0,3694,19634.800000000003,35.02609100204718
3458,56042.049999999996,27872.74,2795.0,1841,28169.309999999994,50.264595959641014
1036,56025.990000000005,40254.159999999996,1401.0,1349,15771.830000000009,28.150917101152533
25716,56005.94,37642.200000000004,1306.0,1459,18363.739999999998,32.78891489009915
12343,55937.67,34344.96,3033.0,3072,21592.71,38.601375423752906
21834,55900.79,39039.72,3521.0,3711,16861.07,30.162489653545144
2906,55884.439999999995,47881.44,556.0,656,8002.999999999993,14.320623057151497
1309,55872.9,52261.44,910.0,1176,3611.459999999999,6.46370601848123
15503,55872.770000000004,35767.4,4123.0,4159,20105.370000000003,35.98420124865834
41033,55806.58,34484.85,5842.0,5835,21321.730000000003,38.2064803111031
30735,55701.79,37300.92,1921.0,1956,18400.870000000003,33.03461163456328
34870,55629.54,36698.56,6046.0,6284,18930.980000000003,34.030444975816806
1336,55601.32,32761.54,1868.0,1687,22839.78,41.07776577966135
45460,55559.91,34889.79,5309.0,5343,20670.120000000003,37.20330000534558
8837,55545.27,38615.5,9273.0,9350,16929.769999999997,30.47922892444307
21791,55544.4,38133.0,5560.0,5575,17411.4,31.34681444033962
4178,55487.020000000004,33107.479999999996,5198.0,4438,22379.540000000008,40.33292831368491
38441,55479.340000000004,33935.5,4966.0,5065,21543.840000000004,38.832185098092374
5228,55468.3,43208.1,6170.0,6155,12260.200000000004,22.103075089735945
2083,55386.15,44086.0,1385.0,1400,11300.150000000001,20.402483292303224
16758,55176.56,35166.15,3944.0,4113,20010.409999999996,36.266142724374255
24933,55146.21,35812.63,1379.0,1379,19333.58,35.0587646911728
11440,55133.22,34110.48,3678.0,3732,21022.739999999998,38.13080389645299
12123,55077.9,32109.36,9350.0,9528,22968.54,41.70191673974498
7986,55069.299999999996,42857.7,1870.0,1915,12211.599999999999,22.17496863043474
41965,55014.31,36565.340000000004,3569.0,3758,18448.969999999994,33.534856658204006
3315,54990.54,42498.2,55546.0,57430,12492.340000000004,22.71725282203085
25539,54954.99,39392.04,5501.0,5556,15562.949999999997,28.319448333991136
5147,54941.36,41384.96,4264.0,4384,13556.400000000001,24.674307297817165
8233,54922.979999999996,43984.71,2302.0,2541,10938.269999999997,19.91565279232845
36284,54853.84,28348.77,3416.0,3593,26505.069999999996,48.319443087302545
5090,54853.2,43886.700000000004,4080.0,4290,10966.499999999993,19.992452582529356
5168,54821.259999999995,30038.339999999997,2874.0,2199,24782.92,45.20676832309217
25290,54815.13,38749.36,5487.0,5624,16065.769999999997,29.309006473212772
42122,54758.68,29476.71,6672.0,6507,25281.97,46.16979445085236
40055,54738.579999999994,32454.2,3142.0,3085,22284.379999999994,40.71055551678541
3012,54715.32,41038.92,55268.0,55458,13676.400000000001,24.995558830689472
2159,54672.05,43047.3,1295.0,1410,11624.75,21.262692728734333
426,54611.65,39891.18,6835.0,6342,14720.470000000001,26.954816417376147
4414,54571.78,43829.11,5422.0,5527,10742.669999999998,19.6853941725925
10254,54530.87,35354.67,10113.0,10491,19176.200000000004,35.16576940731003
4724,54521.39,41437.72,2561.0,2468,13083.669999999998,23.997315548998287
12772,54505.04,37122.0,3896.0,4035,17383.04,31.892536910348106
3139,54432.799999999996,39002.04,2220.0,2211,15430.759999999995,28.34827530459575
25935,54405.54,37531.08,5446.0,5487,16874.46,31.016069319411223
25934,54359.79,33037.25,6421.0,6415,21322.54,39.22483880088573
8520,54299.229999999996,40380.9,3177.0,3283,13918.329999999994,25.632647092785653
15138,54276.04,34104.62,2196.0,2189,20171.42,37.16450205283952
4362,54196.17,40607.6,6783.0,6712,13588.57,25.072934120621436
2547,54165.51,52799.74,7749.0,10193,1365.770000000004,2.5214753816589264
6495,54131.93,47573.340000000004,3907.0,4317,6558.5899999999965,12.115936010410115
25505,54035.91,37052.14,5409.0,5597,16983.770000000004,31.430524627048946
16761,54001.4,34909.159999999996,3860.0,3949,19092.240000000005,35.355083386727024
8101,53950.89,39809.07,27111.0,27081,14141.82,26.212394271901722
6896,53904.59,20381.8,2929.0,2018,33522.78999999999,62.18911970205134
36161,53878.520000000004,32569.68,5548.0,5577,21308.840000000004,39.549787187918305
5780,53854.25,39818.16,3775.0,3814,14036.089999999997,26.063105511635566
2270,53814.99,37331.58,701.0,687,16483.409999999996,30.629774343542564
3377,53805.78,39237.5,2222.0,2150,14568.279999999999,27.075678486586384
24151,53796.05,27656.09,4895.0,3773,26139.960000000003,48.59085378945109
21181,53708.03,37921.56,1797.0,1923,15786.470000000001,29.39312799222016
3084,53679.19,41270.740000000005,3581.0,3662,12408.449999999997,23.115941205521164
3755,53592.46,36408.58,3154.0,3029,17183.879999999997,32.063988105789505
2598,53521.67,38163.840000000004,3233.0,3336,15357.829999999994,28.69460164453014
35976,53416.53,35772.88,5347.0,5512,17643.65,33.0303185175076
2237,53350.450000000004,31639.059999999998,955.0,886,21711.390000000007,40.695795443149976
33988,53345.65,31736.1,4911.0,4890,21609.550000000003,40.50855130643268
4882,53308.14,36420.3,7686.0,7749,16887.839999999997,31.679664681603963
8905,53307.54,34989.92,4446.0,4463,18317.620000000003,34.362155897646005
28682,53252.45,25220.82,5255.0,4723,28031.629999999997,52.63913679088943
7849,53213.37,48547.2,5863.0,6224,4666.1700000000055,8.768792504590492
20446,53196.75,36870.1,5325.0,5503,16326.650000000001,30.69106665350797
4317,53157.47,33910.17,1553.0,1429,19247.300000000003,36.20808138536316
2131,53116.11,2649.15,4089.0,261,50466.96,95.01253009680114
8749,53034.02,34437.2,3398.0,3514,18596.82,35.065831328645274
3626,52992.96,40988.55,3904.0,3945,12004.409999999996,22.652839169580254
5318,52909.2,38344.4,1880.0,2056,14564.799999999996,27.527915750001885
28457,52890.6,16852.08,2940.0,1433,36038.52,68.13785436353528
22584,52837.03,34896.299999999996,2897.0,2930,17940.730000000003,33.95484189781296
4351,52810.07,30132.0,2393.0,1944,22678.07,42.94270013275877
6881,52734.89,46500.3,4311.0,3355,6234.5899999999965,11.822514468125366
4091,52705.229999999996,42293.299999999996,1877.0,1949,10411.93,19.755022414284127
2830,52677.26,47053.08,3774.0,4507,5624.18,10.676675286451877
8599,52580.41,35946.24,8159.0,8096,16634.170000000006,31.635679523990028
39775,52533.88,32972.64,5612.0,5646,19561.239999999998,37.235475468402484
16328,52523.04,34174.25,12396.0,12427,18348.79,34.93474482817446
38369,52515.12,34740.0,3388.0,3860,17775.120000000003,33.84762331305728
13968,52498.590000000004,35732.32,3941.0,4264,16766.270000000004,31.936610107052406
4345,52493.74,38675.12,2626.0,2476,13818.619999999995,26.32431981413402
33682,52482.46,31095.04,2854.0,2858,21387.42,40.75155775853494
23635,52480.840000000004,35672.4,3916.0,4404,16808.440000000002,32.02776479949635
3231,52446.64,37345.5,4736.0,4825,15101.14,28.7933411940212
1704,52419.85999999999,46031.899999999994,2314.0,2395,6387.959999999999,12.186144716906913
27515,52355.86,32919.04,3714.0,3674,19436.82,37.124440320529544
40332,52337.75,32495.18,3875.0,3958,19842.57,37.91253922837722
12227,52288.090000000004,34249.52,3891.0,4058,18038.570000000007,34.49842975713974
5246,52286.16,35474.869999999995,3584.0,3631,16811.290000000008,32.15246635056008
10453,52274.45,29946.69,5391.0,5661,22327.76,42.712567994498265
6285,52268.42,33093.38,5158.0,4999,19175.04,36.685708119740376
24837,52200.39,36159.659999999996,10461.0,10573,16040.730000000003,30.729138230576446
7718,52191.44,33425.439999999995,8906.0,9083,18766.000000000007,35.95608781823228
515,52125.73,36112.64,1427.0,1424,16013.090000000004,30.720126125811575
27567,52029.14,38673.270000000004,4486.0,5349,13355.869999999995,25.669980322565383
19260,51982.42,34197.9,5258.0,5302,17784.519999999997,34.21256647920585
34393,51944.92,35154.35,4308.0,4367,16790.57,32.323796051663955
6269,51911.28,29969.97,5540.0,5581,21941.309999999998,42.26694082673361
6224,51887.46,33336.159999999996,3054.0,2728,18551.300000000003,35.7529545674427
4702,51872.46,36268.82,2154.0,2177,15603.64,30.08077889500517
450,51854.25,43685.76,2075.0,2238,8168.489999999998,15.7527878621328
44620,51823.43,44250.52,3741.0,4124,7572.9100000000035,14.612907713750332
6216,51799.17,35478.0,6483.0,6570,16321.169999999998,31.508555059859066
757,51773.329999999994,38111.4,2667.0,2732,13661.929999999993,26.387968477206304
14475,51742.87,33480.72,5013.0,5096,18262.15,35.29404147856507
25163,51731.33,33589.08,10367.0,10367,18142.25,35.07014028056112
25419,51729.74,29258.879999999997,3126.0,3136,22470.86,43.43895793792894
13491,51659.72,40768.0,5128.0,5600,10891.720000000001,21.08358310885154
4818,51570.72,27749.45,3928.0,3695,23821.27,46.19146290763441
1064,51568.75,27732.12,2225.0,1508,23836.63,46.223012968125076
8808,51556.399999999994,38627.55,2760.0,2769,12928.849999999991,25.07710003025811
1489,51531.41,42999.04,859.0,896,8532.370000000003,16.557610203175116
758,51477.54,35789.88,1246.0,1244,15687.660000000003,30.4747662767102
2142,51426.31,37627.5,3369.0,3625,13798.809999999998,26.83219931587547
42948,51400.71,31641.84,4529.0,4626,19758.87,38.440850330666635
27203,51388.44,45260.8,3956.0,5120,6127.639999999999,11.924160375368466
21951,51363.72,33708.52,4028.0,4076,17655.200000000004,34.372899782180895
8267,51254.85,36567.9,2115.0,1982,14686.949999999997,28.6547516966687
8379,51221.28,32801.37,4272.0,4299,18419.909999999996,35.961440245148104
680,51214.38,31794.84,2562.0,2294,19419.539999999997,37.918139397567636
4736,51212.72,36418.52,17128.0,17018,14794.200000000004,28.887745075832733
3727,51188.77,37790.76,25723.0,25708,13398.009999999995,26.173729120664547
46381,51133.229999999996,33333.58,3077.0,3647,17799.649999999994,34.810337621933904
19896,51121.74,33967.22,7426.0,5131,17154.519999999997,33.556213070994836
21233,51093.56,33244.95,4244.0,4415,17848.61,34.93318923167617
4303,51038.64,37434.43,6336.0,6421,13604.21,26.654726693344493
2672,51012.04,41686.2,22276.0,23159,9325.840000000004,18.281644882267017
32546,50959.46,25965.12,2454.0,2064,24994.34,49.04749775605943
32090,50895.28999999999,28522.559999999998,2371.0,2442,22372.729999999996,43.958350566427654
19150,50890.11,39772.58,2489.0,2713,11117.529999999999,21.84615046027607
4447,50823.579999999994,39733.38,1942.0,1926,11090.199999999997,21.82097365041974
2054,50720.47,29374.72,1153.0,848,21345.75,42.08507925892642
8744,50669.17,34582.24,2783.0,2807,16086.93,31.74895108800875
35578,50651.64,27031.550000000003,5796.0,5915,23620.089999999997,46.63242888088124
8654,50572.4,33778.25,9560.0,9515,16794.15,33.20813329009499
14004,50555.68,34968.1,3832.0,3929,15587.580000000002,30.832499928791385
25728,50550.21,40039.32,879.0,1068,10510.89,20.79296999953116
26557,50540.92,40618.200000000004,2808.0,3563,9922.719999999994,19.633041899514282
25531,50490.92,39748.799999999996,2408.0,2535,10742.120000000003,21.275350102553098
25373,50443.77,31068.36,3923.0,4014,19375.409999999996,38.40991662597779
19821,50408.34,27090.0,2966.0,2625,23318.339999999997,46.25889287367923
8985,50405.85,38366.04,8415.0,8641,12039.809999999998,23.88573945286112
1812,50398.32,37894.079999999994,168.0,168,12504.240000000005,24.810827027567598
3695,50346.37,33231.36,4263.0,4327,17115.010000000002,33.99452631838204
6596,50342.43,28656.0,4657.0,4800,21686.43,43.077837124668
192,50323.46,37534.08,1354.0,1356,12789.379999999997,25.414349490277495
1086,50185.32,48775.32,1068.0,1308,1410.0,2.8095865484169473
32545,50184.02,23405.329999999998,3098.0,2279,26778.69,53.360990211625136
27808,50086.14,28170.7,6286.0,6205,21915.44,43.75549802799736
2935,50070.61,31340.4,439.0,420,18730.21,37.407592997169395
31493,50060.950000000004,29297.34,8565.0,8798,20763.610000000004,41.4766599515191
4683,49984.71,39820.88,12569.0,13453,10163.830000000002,20.333878099922963
8476,49957.46,34815.46,3754.0,3877,15142.0,30.309787567262227
21201,49884.979999999996,31350.000000000004,2702.0,2750,18534.979999999992,37.155432356593096
6869,49876.53,32735.199999999997,4447.0,4814,17141.33,34.367527171597544
18865,49823.880000000005,32043.6,1312.0,1380,17780.280000000006,35.68626128675648
15875,49774.75,31333.52,4125.0,4364,18441.23,37.04936740013762
36473,49761.1,32740.66,3590.0,3907,17020.44,34.204308184505564
8978,49737.85,33655.159999999996,3115.0,3122,16082.690000000002,32.33491194331883
5836,49726.75,38350.8,1925.0,2010,11375.949999999997,22.876922380811127
10051,49708.1,32701.5,790.0,845,17006.6,34.212935115202555
37657,49688.38,34595.2,2762.0,2845,15093.18,30.375673346565137
36558,49656.73,32480.82,4877.0,4877,17175.910000000003,34.58928930680696
46060,49554.29,30903.6,3571.0,3640,18650.690000000002,37.636882699762225
45769,49528.92,25436.25,4108.0,3825,24092.67,48.643640927361226
12666,49511.85,20843.7,4215.0,3111,28668.149999999998,57.90159325494806
24887,49500.45,35428.0,4955.0,5210,14072.449999999997,28.42893347434215
5202,49437.090000000004,36724.22,3491.0,3562,12712.870000000003,25.715247398259084
39717,49435.74,26244.399999999998,5326.0,5356,23191.34,46.91209234452645
1748,49399.090000000004,32403.21,3291.0,3149,16995.880000000005,34.40524916552107
28069,49371.45,29212.0,5239.0,5360,20159.449999999997,40.83220160639397
29407,49185.14,20814.95,3086.0,2015,28370.19,57.68040916423131
13397,49109.71,33335.15,2229.0,2435,15774.559999999998,32.121061191361136
1781,49045.73,28042.14,927.0,746,21003.590000000004,42.824502765072516
4521,49021.39,37701.58,2161.0,2263,11319.809999999998,23.09157288277627
8701,48960.99,33788.1,4901.0,5043,15172.89,30.989753270920378
8671,48949.89,33138.63,2411.0,2287,15811.260000000002,32.300910175691925
40175,48919.2,35097.75,4080.0,4275,13821.449999999997,28.253630476377367
24357,48915.0,35312.4,2700.0,2885,13602.599999999999,27.808647654093832
41711,48903.200000000004,28806.12,8980.0,8946,20097.080000000005,41.09563382355347
20731,48895.28,30446.15,4772.0,5117,18449.129999999997,37.73192422663291
25590,48887.62,32788.68,5438.0,5548,16098.940000000002,32.930504696280984
3412,48872.19,37955.2,4381.0,4090,10916.990000000005,22.337836712453452
2658,48856.6,33423.24,2940.0,2676,15433.36,31.589099528006454
2795,48836.84,33919.4,1916.0,1810,14917.439999999995,30.54546526761354
1347,48827.79,28615.84,1221.0,916,20211.95,41.39435759840861
16261,48796.96,35472.96,3844.0,4068,13324.0,27.30497965447028
20729,48740.08,31279.78,4792.0,5222,17460.300000000003,35.823289580156626
11888,48732.74,24773.7,3726.0,3290,23959.039999999997,49.16415535018142
34996,48676.35,23016.600000000002,2865.0,2019,25659.749999999996,52.715024852931656
2250,48646.33,34903.38,3267.0,3602,13742.950000000004,28.25074368405593
1133,48592.81,33548.58,1519.0,1458,15044.229999999996,30.95978602595733
37435,48592.81,19906.32,1519.0,952,28686.489999999998,59.034433283442546
4334,48556.96,35245.200000000004,1304.0,1380,13311.759999999995,27.414731070478865
21129,48544.5,31327.6,2650.0,2710,17216.9,35.46622171409738
14895,48436.8,33212.35,6070.0,6449,15224.450000000004,31.431576817626272
7872,48416.270000000004,15121.5,1073.0,593,33294.770000000004,68.76773035180116
159,48412.89,23063.76,1311.0,824,25349.13,52.36029082337369
35411,48351.3,28866.95,6370.0,6155,19484.350000000002,40.29746873403611
37046,48282.79,31984.53,3221.0,3221,16298.260000000002,33.755837224816545
5697,48259.659999999996,37744.020000000004,2234.0,2493,10515.639999999992,21.789710080841832
10895,48218.77,31897.11,2323.0,2361,16321.659999999996,33.849183627039835
25211,48192.9,31497.899999999998,3710.0,3710,16695.000000000004,34.64203233256352
22387,48189.54,35754.619999999995,4830.0,5401,12434.920000000006,25.80418904185432
15156,48184.97,28862.6,3253.0,3265,19322.370000000003,40.100408903440226
2661,48105.2,35800.54,680.0,746,12304.659999999996,25.578648462120512
1520,48075.51,33709.24,12049.0,11162,14366.270000000004,29.88271991290369
27802,48049.38,33982.73,1962.0,2081,14066.649999999994,29.27540376171346
17168,48048.46,27703.75,4754.0,4625,20344.71,42.34206465722315
35294,48022.17,34953.840000000004,9383.0,10161,13068.329999999994,27.21311844092009
19220,48002.75,33084.63,725.0,747,14918.120000000003,31.077636177094025
43292,47981.31,30918.36,4669.0,4764,17062.949999999997,35.56165932109815
41970,47977.69,23866.29,3031.0,2709,24111.4,50.25544164381404
12465,47964.35,20401.920000000002,3665.0,3312,27562.429999999997,57.46440846170123
14975,47949.22,27517.27,6678.0,6761,20431.95,42.61164206633602
43450,47945.78,33106.26,2822.0,2922,14839.519999999997,30.95062798018928
12747,47936.4,26692.64,8220.0,8138,21243.760000000002,44.31655276574795
2130,47924.02,38212.65,1598.0,1733,9711.369999999995,20.264097210542847
25696,47909.08,31630.5,4592.0,4686,16278.580000000002,33.97806845800421
4422,47901.98,37176.66,4752.0,4338,10725.32,22.390139196751363
33683,47896.84,27704.22,2616.0,2669,20192.619999999995,42.15856411404175
35103,47883.36,30927.2,4664.0,4616,16956.16,35.411382994008775
6206,47850.58,29281.02,3742.0,3651,18569.56,38.807387496661484
8655,47849.829999999994,33615.9,2717.0,2733,14233.929999999993,29.747085830816943
3784,47823.69,31441.77,4331.0,4313,16381.920000000002,34.25482224395483
31787,47792.869999999995,29300.4,2813.0,2713,18492.469999999994,38.69294729527646
2085,47752.06,35531.2,3394.0,3352,12220.86,25.592319996247287
33587,47726.86,32170.800000000003,1514.0,1577,15556.059999999998,32.593931383711386
27830,47609.979999999996,30243.9,2502.0,2762,17366.079999999994,36.47571370540377
27103,47582.37,31115.85,3663.0,3665,16466.520000000004,34.60634684653161
2214,47536.47,26716.039999999997,1353.0,1238,20820.430000000004,43.79885590999921
19494,47503.31,18983.62,3169.0,1874,28519.69,60.03726898188779
1001,47482.73,30717.56,7927.0,7177,16765.170000000002,35.307931957577
5195,47449.79,28079.28,5921.0,5949,19370.510000000002,40.82317329539288
5689,47382.079999999994,32262.160000000003,2392.0,2174,15119.919999999991,31.910629503812398
18806,47361.16,35145.3,884.0,965,12215.86,25.792991556794636
664,47357.74,33378.18,626.0,618,13979.559999999998,29.519060664634754
8652,47355.16,36214.56,884.0,909,11140.600000000006,23.525630575421992
2514,47354.41,38440.29,3059.0,3369,8914.120000000003,18.8242657864389
44234,47345.5,30958.2,3150.0,3276,16387.3,34.61215955053806
5457,47302.299999999996,37463.58,23770.0,24327,9838.719999999994,20.799665132562254
31200,47286.619999999995,30202.809999999998,2438.0,2519,17083.809999999998,36.128211320665336
37541,47277.98,27719.82,902.0,1446,19558.160000000003,41.36843409976485
31541,47274.939999999995,21644.9,2206.0,1646,25630.039999999994,54.21485463545802
26821,47256.54,23772.46,4946.0,4822,23484.08,49.69487821156606
15035,47213.04,26329.36,4296.0,3592,20883.68,44.2328644798132
25560,47212.89,32628.48,5561.0,5568,14584.41,30.890737677782486
539,47211.66,34318.2,8154.0,8171,12893.460000000006,27.309906069814122
6535,47198.29,28074.480000000003,3871.0,3932,19123.809999999998,40.51801452976368
6105,47196.39,24990.56,2361.0,1684,22205.829999999998,47.049848515956405
5669,47194.619999999995,43538.520000000004,2738.0,3254,3656.0999999999913,7.746857586733386
7991,47056.73,34542.04,4827.0,4771,12514.690000000002,26.59489939058664
25537,47045.31,41484.6,2769.0,3639,5560.709999999999,11.819902982890323
15619,47034.87,29074.65,8313.0,8679,17960.22,38.18490409349489
7537,46980.27,26926.8,573.0,380,20053.469999999998,42.68487601284539
15356,46972.98,30605.250000000004,4702.0,4745,16367.73,34.844989608919846
1186,46958.89,36301.62,1711.0,2019,10657.269999999997,22.694893341814502
26236,46849.840000000004,31416.0,5516.0,6600,15433.840000000004,32.94320749014298
4239,46848.299999999996,33459.4,2170.0,2210,13388.899999999994,28.57926541624775
19215,46821.439999999995,33615.31,1656.0,1789,13206.129999999997,28.205305091001044
8496,46787.84,34987.82,3016.0,3011,11800.019999999997,25.2202709079966
17748,46718.83,30280.25,11017.0,11011,16438.58,35.18619794202895
2679,46676.52,3227.28,2348.0,226,43449.24,93.08585987130145
4817,46642.770000000004,30240.6,3523.0,3877,16402.170000000006,35.165514398051414
41713,46590.51,27814.36,8649.0,8638,18776.15,40.30037447540282
21319,46544.88,32182.199999999997,3712.0,3764,14362.68,30.85770121224934
5027,46523.37,26472.75,3463.0,3525,20050.620000000003,43.097952706349524
233,46523.23,32022.6,1077.0,1060,14500.630000000005,31.168579653648305
3870,46485.490000000005,36201.840000000004,1251.0,1292,10283.650000000001,22.122279446769305
39648,46484.54,28173.6,3046.0,3120,18310.940000000002,39.391462193666975
5627,46481.04,35858.4,2596.0,2680,10622.64,22.85370551089218
8036,46425.28,31731.989999999998,3872.0,3837,14693.29,31.64932984787599
13052,46415.01,30177.99,5549.0,5517,16237.02,34.982261126303754
24953,46386.85,35712.33,4115.0,5037,10674.519999999997,23.01195274091687
4677,46321.060000000005,35198.37,994.0,1017,11122.690000000002,24.012166388247593
1365,46318.03,27557.75,5797.0,4555,18760.28,40.50319065815191
25510,46316.61,34398.44,2439.0,2644,11918.169999999998,25.731956634995516
39517,46275.5,30686.95,1450.0,1505,15588.55,33.686399930848935
1238,46272.270000000004,34724.24,9273.0,9754,11548.030000000006,24.956696526883174
2246,46271.189999999995,31647.320000000003,2381.0,2267,14623.869999999992,31.60469830147008
34431,46244.15,29164.32,2685.0,2826,17079.83,36.93403381833162
8847,46212.85,31549.59,7715.0,7947,14663.259999999998,31.729832719687273
33873,46163.37,33367.04,7113.0,7448,12796.330000000002,27.71966171447189
17756,46152.05,28812.0,2895.0,2940,17340.050000000003,37.57157049361838
16318,46126.46,28947.64,3754.0,3716,17178.82,37.242875347468676
2654,46123.09,9369.99,1591.0,417,36753.1,79.68481730083565
7353,46049.719999999994,30578.88,2428.0,2544,15470.839999999993,33.595948031822985
2625,46018.6,35045.92,740.0,812,10972.68,23.84401089994046
21254,46003.079999999994,11609.640000000001,2092.0,813,34393.439999999995,74.76334193275754
40053,45968.33,29428.87,4867.0,4913,16539.460000000003,35.98011935608712
43245,45914.4,29575.92,4460.0,4488,16338.480000000003,35.58465318070149
2994,45890.82,35168.88,918.0,978,10721.940000000002,23.364019209070577
3235,45821.0,29698.000000000004,2600.0,2395,16122.999999999996,35.18692302655987
23464,45805.74,30394.920000000002,4026.0,4204,15410.819999999996,33.64386210112531
15889,45802.53,27703.2,4547.0,4656,18099.329999999998,39.51600490191262
31349,45799.95,29339.52,6205.0,6216,16460.429999999997,35.93984272908594
3062,45783.74,32817.62,2126.0,2101,12966.119999999995,28.320360023012526
8637,45723.17999999999,33619.119999999995,2482.0,2494,12104.059999999998,26.4724806979742
5192,45680.06,24530.04,2394.0,1809,21150.019999999997,46.30033323073568
4513,45660.93,35185.15,1007.0,1001,10475.779999999999,22.94254628628895
2034,45645.13,37885.64,1587.0,1777,7759.489999999998,16.999601052730046
3197,45590.409999999996,27545.36,2359.0,1798,18045.049999999996,39.58080219063614
23356,45585.27,30343.589999999997,2073.0,2097,15241.68,33.43553740056821
13663,45579.619999999995,22987.6,2250.0,2020,22592.019999999997,49.56605605750991
4624,45522.439999999995,29977.2,1956.0,1980,15545.239999999994,34.148521037097304
4062,45436.7,32443.949999999997,5530.0,5565,12992.75,28.595276505556082
5251,45401.4,33294.24,45860.0,46242,12107.160000000003,26.66693097569679
36992,45361.6,26638.88,2640.0,2648,18722.719999999998,41.27438185601918
24995,45355.39,30965.67,5661.0,5661,14389.720000000001,31.726593024555626
22194,45344.7,29493.640000000003,3930.0,3943,15851.059999999994,34.95680862372007
25524,45340.04,44751.2,2996.0,3380,588.8400000000038,1.2987196305958348
8482,45284.10999999999,31744.440000000002,2389.0,2223,13539.669999999991,29.899384132756484
8128,45282.57,30769.68,1343.0,1416,14512.89,32.049616441822984
6980,45177.399999999994,28911.16,2260.0,2071,16266.239999999994,36.00525926680154
21576,45165.77,29203.319999999996,2323.0,2452,15962.45,35.34191933404435
27368,45144.11,30442.46,2089.0,2117,14701.650000000001,32.56604239179818
8172,45084.6,32380.260000000002,45540.0,45606,12704.339999999997,28.178890352803386
5667,44992.1,30695.2,4190.0,4148,14296.899999999998,31.776467424281147
46621,44983.799999999996,29829.96,1820.0,1927,15153.839999999997,33.68732743787763
46093,44977.74,26590.16,4026.0,4072,18387.579999999998,40.88151160996528
6150,44977.5,24923.28,2250.0,1838,20054.22,44.58722694680674
3176,44964.78,35951.69,1622.0,1721,9013.089999999997,20.044777267897224
25522,44925.0,31406.0,7500.0,7660,13519.0,30.092376182526433
5075,44922.549999999996,25130.160000000003,2145.0,1672,19792.389999999992,44.058919184240416
6859,44891.62,26001.36,4688.0,5544,18890.260000000002,42.07970218049605
6828,44889.15,27651.739999999998,4285.0,4177,17237.410000000003,38.39994742604839
13991,44825.13,29558.43,4487.0,4499,15266.699999999997,34.05835075101845
12663,44809.5,31784.399999999998,5550.0,5886,13025.100000000002,29.067720014729026
17432,44781.25,30482.32,2875.0,2948,14298.93,31.930618283321703
5977,44666.75,31690.6,1825.0,1930,12976.150000000001,29.051027889873343
7077,44647.02,38038.22,45098.0,51403,6608.799999999996,14.802331712172496
8455,44623.18,43574.4,2882.0,4005,1048.7799999999988,2.3503031384137096
36524,44610.24,36376.83,2976.0,3591,8233.409999999996,18.456323032559332
16670,44602.8,34394.93,3720.0,4159,10207.870000000003,22.88616409732125
1964,44555.38,33197.729999999996,1462.0,1439,11357.650000000001,25.491085476097393
39979,44517.21,28153.44,3579.0,3591,16363.77,36.758300890824025
3373,44452.59,19570.32,2241.0,1412,24882.269999999997,55.97484870960274
25603,44422.07,28648.2,2493.0,2513,15773.869999999999,35.50908366044175
4309,44388.52,34784.04,5048.0,4913,9604.479999999996,21.637306222419664
311,44374.78,30110.4,1022.0,918,14264.379999999997,32.14524105809651
7725,44365.59,28110.170000000002,4441.0,4631,16255.419999999995,36.639702075414746
2199,44358.34,40892.52,1466.0,1732,3465.8199999999997,7.813231964947291
25046,44356.8,26540.1,4720.0,4782,17816.700000000004,40.16678389784656
8664,44350.95,32185.54,1905.0,2206,12165.409999999996,27.429874670102887
5628,44336.04,31667.76,4296.0,4374,12668.280000000002,28.573323192599076
13422,44288.71,26806.2,4361.0,4156,17482.51,39.47396526112411
2202,44205.259999999995,40949.25,1474.0,1775,3256.0099999999948,7.365661914441846
592,44197.71,37373.08,229.0,292,6824.629999999997,15.441139371247962
22583,44194.119999999995,22317.6,2188.0,1641,21876.519999999997,49.50097433776258
8295,44148.96,31124.0,1104.0,1004,13024.96,29.502303112009887
5740,44075.03,29701.7,2297.0,2114,14373.329999999998,32.61104983933079
2595,44067.189999999995,33480.6,2581.0,2722,10586.589999999997,24.02374646534076
4480,44055.69,28490.24,3131.0,2872,15565.45,35.33130453750696
5160,44025.94,31967.36,4006.0,4016,12058.580000000002,27.38971615370393
42255,43970.24,25899.38,1676.0,1586,18070.859999999997,41.09793351139315
21596,43930.15,13089.44,1985.0,899,30840.71,70.2039715320799
2241,43897.11,31999.440000000002,1689.0,1564,11897.669999999998,27.10353825115138
21859,43892.81,28950.899999999998,3319.0,3410,14941.91,34.04181687160152
6995,43827.3,29812.96,6270.0,6224,14014.340000000004,31.976279624800075
32968,43800.57,24282.8,3943.0,3571,19517.77,44.56053882403814
29128,43798.88,29326.39,7312.0,7387,14472.489999999998,33.043059548554666
40621,43787.86,27657.079999999998,2314.0,2629,16130.780000000002,36.83847532169876
3578,43761.74,36125.1,826.0,990,7636.639999999999,17.45049442732396
35413,43744.3,26677.44,5770.0,5652,17066.860000000004,39.01504881778884
44915,43732.520000000004,26522.4,4148.0,4112,17210.120000000003,39.353140409013704
4938,43719.96,38694.24,4704.0,5512,5025.720000000001,11.495252969124403
12069,43697.38,27540.11,5234.0,5167,16157.269999999997,36.9753747249835
13461,43680.86,25536.84,4314.0,4343,18144.02,41.53768950519747
28114,43638.119999999995,25448.32,2588.0,2339,18189.799999999996,41.683280581289935
7985,43606.35,33353.659999999996,4365.0,4471,10252.690000000002,23.511919708941477
14991,43594.189999999995,26162.18,2381.0,2182,17432.009999999995,39.98700285519698
8057,43572.03,32423.05,1897.0,1765,11148.98,25.587469759843646
15892,43565.91,28479.87,8309.0,8451,15086.040000000005,34.62808420620619
2882,43546.69,40913.6,331.0,455,2633.090000000004,6.046590452684242
12211,43544.35,26295.52,2365.0,2384,17248.829999999998,39.61209663251374
8475,43493.42,29510.16,24298.0,23992,13983.259999999998,32.15028848041842
40559,43440.01,26577.48,3599.0,3676,16862.530000000002,38.817969885366054
2787,43350.18,33543.119999999995,982.0,1014,9807.060000000005,22.622881842705162
5492,43347.11,35998.56,289.0,312,7348.550000000003,16.95280262052073
58,43341.54,32944.0,3446.0,3550,10397.54,23.98977978170596
16695,43333.340000000004,34671.52,2766.0,3376,8661.820000000007,19.988812309413508
24686,43297.81,23957.48,5419.0,4348,19340.329999999998,44.66814834283766
41787,43278.58,32168.08,1442.0,1526,11110.5,25.67205301098141
169,43256.54,33609.840000000004,2546.0,2552,9646.699999999997,22.301136429312184
36262,43223.46,29559.92,2454.0,2644,13663.54,31.611398069474312
11238,43182.649999999994,28346.84,2035.0,2141,14835.809999999994,34.35595082747353
14439,43166.79,24989.94,7291.0,7307,18176.850000000002,42.1084125087828
4889,43123.78,37870.91,3722.0,3949,5252.869999999995,12.180912712197296
2145,43103.49,29557.079999999998,2451.0,2331,13546.41,31.42764077804373
2607,43034.43,26749.26,1957.0,1557,16285.170000000002,37.84218821999037
13215,43015.07,30255.539999999997,1643.0,1757,12759.530000000002,29.662929759268096
33039,42998.439999999995,23054.88,2356.0,2234,19943.559999999994,46.38205479082496
5107,42971.78,29142.36,2822.0,2874,13829.419999999998,32.18256260271276
22801,42956.1,19361.79,3290.0,2947,23594.309999999998,54.92656456242536
36874,42936.41,25071.45,5659.0,5415,17864.960000000003,41.607949989298135
29077,42931.34,29451.8,2966.0,3052,13479.539999999997,31.397901859108053
8110,42909.270000000004,31179.68,4773.0,4753,11729.590000000004,27.33579480611067
7728,42907.05,27418.190000000002,4295.0,4517,15488.86,36.09863647116266
8609,42893.7,29222.9,3830.0,3830,13670.799999999996,31.871347074278965
7262,42816.51,27994.82,7799.0,7798,14821.690000000002,34.616763486795165
28580,42805.82,19486.62,1718.0,1314,23319.2,54.47670433599917
8191,42804.119999999995,31847.8,2188.0,2204,10956.319999999996,25.596414550748847
44081,42770.74,24824.4,2226.0,2265,17946.339999999997,41.95938625331242
2742,42761.19,39081.42,881.0,1029,3679.770000000004,8.60539662249812
2624,42753.56,34976.48,644.0,748,7777.0799999999945,18.19048519000522
16179,42752.08,31603.52,792.0,923,11148.560000000001,26.07723413691217
8359,42736.36,24553.6,7368.0,7673,18182.760000000002,42.546346951401574
25284,42652.81,31127.7,1219.0,1290,11525.109999999997,27.02075197390277
12368,42649.7,29132.81,3930.0,4109,13516.889999999996,31.692813782980885
7993,42631.89,33227.92,6761.0,6809,9403.970000000001,22.058534116127625
26885,42593.14,28492.600000000002,2086.0,2180,14100.539999999997,33.10519017851231
6658,42582.64,39884.48,3836.0,3616,2698.159999999996,6.336291033153407
3472,42528.979999999996,29259.6,2402.0,2636,13269.379999999997,31.200795316511233
8689,42234.28,25220.14,3872.0,3886,17014.14,40.285142779751425
12901,42091.18,24704.4,4682.0,4760,17386.78,41.30741879890276
6193,42088.5,26288.01,2150.0,1987,15800.490000000002,37.541109804340856
31497,42080.94,29746.079999999998,3986.0,4086,12334.860000000004,29.312225439830964
8200,42048.37,32141.920000000002,14063.0,14744,9906.45,23.5596528474231
16326,41986.93,26128.079999999998,9907.0,9897,15858.850000000002,37.770920617439764
200,41955.88,38964.090000000004,1412.0,1663,2991.7899999999936,7.130800259701367
15146,41945.509999999995,28850.36,2149.0,2233,13095.149999999994,31.219432067937653
2245,41938.36,29645.920000000002,1064.0,1112,12292.439999999999,29.310731273230516
5566,41930.18,32123.52,2782.0,2808,9806.66,23.388070358868003
4211,41904.24,31340.399999999998,4176.0,4018,10563.84,25.209477608948404
22515,41898.12,29281.3,3188.0,3335,12616.820000000003,30.113093379846166
34430,41869.03,29728.44,1997.0,1974,12140.59,28.996587692621496
28081,41829.58,26365.350000000002,4842.0,4785,15464.23,36.96960380668416
18551,41807.12,30181.800000000003,2688.0,2959,11625.32,27.80703382581723
1112,41806.93,10088.99,907.0,289,31717.940000000002,75.86766117483393
4299,41724.46,30785.27,3154.0,3151,10939.189999999999,26.217691013856136
1114,41659.159999999996,31317.079999999998,2084.0,2099,10342.079999999998,24.825464555694353
38348,41630.49,28298.56,2951.0,3056,13331.929999999997,32.024436897091526
18812,41616.68,32189.5,3332.0,3787,9427.18,22.652407640398035
25992,41579.08,24623.02,3292.0,3314,16956.06,40.780267384463535
1744,41568.6,31286.75,1840.0,1835,10281.849999999999,24.734655485149844
17162,41533.37,27350.28,4363.0,4469,14183.090000000004,34.14866166651058
2740,41479.47,21977.76,453.0,336,19501.710000000003,47.015330716617164
6755,41432.36,28807.239999999998,2764.0,2786,12625.120000000003,30.47164100717411
27429,41379.869999999995,27231.9,2013.0,2111,14147.969999999994,34.190465073959864
13225,41356.979999999996,25840.0,1802.0,1900,15516.979999999996,37.51961579399656
19545,41340.26,28592.449999999997,5174.0,5405,12747.810000000005,30.836308238022703
8289,41333.11,30828.16,689.0,704,10504.95,25.415338937718456
384,41324.24,29253.8,576.0,535,12070.439999999999,29.209103422107702
2852,41317.92,32008.68,1008.0,1062,9309.239999999998,22.53075663053706
5655,41268.99,23205.600000000002,2801.0,2640,18063.389999999996,43.76988629961624
23692,41227.64,26813.879999999997,2036.0,2118,14413.760000000002,34.96139968234903
6975,41213.020000000004,27815.53,5863.0,5807,13397.490000000005,32.507906481980704
2871,41211.25,39804.15,1075.0,1185,1407.0999999999985,3.4143589432497157
8252,41181.0,33588.98,2050.0,2098,7592.019999999997,18.435734926300956
3737,41174.25,32066.4,2575.0,2586,9107.849999999999,22.12025719958469
5185,41117.92,27452.19,2108.0,1879,13665.73,33.23546035402569
45885,41059.46,27829.12,2054.0,2144,13230.34,32.22239162424445
1386,41049.899999999994,30566.050000000003,1910.0,2095,10483.849999999991,25.5392826779115
31384,40960.38,25270.559999999998,1462.0,1449,15689.82,38.30486924193575
16314,40901.58,24376.32,4290.0,4608,16525.260000000002,40.402497898614186
4113,40874.13,31078.52,41287.0,41998,9795.609999999997,23.965305194263458
19926,40826.97,26211.42,3903.0,4014,14615.550000000003,35.798762435713456
13931,40792.99,18939.899999999998,2401.0,2030,21853.09,53.57069927945953
11089,40776.8,13431.88,3120.0,1958,27344.920000000006,67.05999489906026
4413,40767.14,29640.96,20486.0,20584,11126.18,27.292029806358748
14279,40750.56,24361.74,4544.0,4667,16388.819999999996,40.217410509205266
2737,40732.61,35406.75,1139.0,1275,5325.860000000001,13.075174902860386
6946,40730.32,21229.28,4468.0,4432,19501.04,47.878435524199176
5773,40659.659999999996,25072.18,2034.0,1643,15587.479999999996,38.33647403839579
45322,40654.93,22517.12,5007.0,4832,18137.81,44.614048037962434
23357,40649.3,2328.45,1070.0,95,38320.850000000006,94.27185707994973
5458,40613.05,32883.09,2495.0,2571,7729.960000000006,19.03319253294201
4054,40611.12,29509.760000000002,3088.0,3136,11101.36,27.335764194634375
16843,40557.840000000004,24362.08,6956.0,7082,16195.760000000002,39.93250133636308
1343,40501.560000000005,27051.2,244.0,220,13450.360000000004,33.20948625188759
9358,40413.090000000004,25985.62,691.0,619,14427.470000000005,35.69999225498472
19671,40353.49,25380.010000000002,4361.0,4309,14973.479999999996,37.10578688485183
37049,40334.71,27172.8,1929.0,1998,13161.91,32.63172091729431
3981,40313.82,33300.979999999996,3218.0,3554,7012.840000000004,17.39562264255782
44337,40312.67,27193.68,3033.0,3222,13118.989999999998,32.543093771759594
11067,40275.33,12508.32,2507.0,1518,27767.010000000002,68.94297327917612
38181,40204.69,25114.22,6331.0,6326,15090.470000000001,37.534103608310375
23516,40203.35,27765.539999999997,3565.0,3663,12437.810000000001,30.937247766666214
13948,40198.32,26297.73,468.0,519,13900.59,34.58002722501836
8113,40183.659999999996,25008.3,2234.0,2253,15175.359999999997,37.76500199334754
2182,40166.03999999999,32676.02,1996.0,2306,7490.019999999993,18.647643631286513
8369,40090.47,29718.5,1153.0,1225,10371.970000000001,25.87141033766878
4580,40090.02,27146.94,1398.0,1213,12943.079999999998,32.285042511827136
37840,40077.840000000004,27307.8,5016.0,5057,12770.040000000005,31.863094418262072
1532,39950.76,29359.719999999998,1724.0,1724,10591.040000000005,26.510234098174863
34504,39881.84,24664.5,2616.0,2610,15217.339999999997,38.15606301013192
2047,39858.68,27997.44,1132.0,1104,11861.240000000002,29.758235847248333
24697,39816.72,27181.9,3728.0,4057,12634.82,31.73244807708922
6398,39771.39,24260.55,4461.0,4105,15510.84,38.99999471982247
4903,39756.36,9471.0,9964.0,3300,30285.36,76.17739652221682
33334,39744.79,27838.0,4421.0,4490,11906.79,29.958115264918998
23307,39737.19,20171.14,3081.0,3047,19566.050000000003,49.23863514254531
1339,39730.630000000005,28268.62,837.0,799,11462.010000000006,28.849303421566695
22275,39727.02,25545.23,1698.0,1711,14181.789999999997,35.698096660660674
2856,39698.18,32711.7,682.0,777,6986.48,17.598993203214857
3732,39655.2,29657.98,2480.0,2486,9997.219999999998,25.210363331921155
2818,39653.98,33956.96,1202.0,1328,5697.020000000004,14.366830265209202
5606,39600.36,28666.53,3964.0,3987,10933.830000000002,27.610430814265328
8617,39598.44,25373.510000000002,3556.0,3529,14224.93,35.92295555077422
19036,39588.590000000004,14408.300000000001,2641.0,1490,25180.29,63.6049174774853
28681,39586.87,22479.100000000002,3913.0,3778,17107.77,43.21576825851602
16749,39554.19,39329.19,4681.0,5223,225.0,0.5688398624772748
25295,39520.44,27256.84,3956.0,3956,12263.600000000002,31.031031031031038
8621,39507.49,28894.05,6281.0,6295,10613.439999999999,26.86437432496977
36100,39496.83,26660.92,1317.0,1298,12835.910000000003,32.49858279765744
17187,39487.14,38494.7,3686.0,3490,992.4400000000023,2.513324591246675
36623,39466.5,28160.16,1350.0,1428,11306.34,28.64794192543043
6226,39464.04,25173.2,4896.0,4888,14290.84,36.21230872460093
25561,39424.55,28167.3,3945.0,3945,11257.250000000004,28.553908668583418
6356,39386.24,26486.280000000002,5056.0,5133,12899.959999999995,32.752453648786975
26275,39320.73,34413.75,3027.0,4025,4906.980000000003,12.479371568127048
23355,39273.8,14265.6,2620.0,1486,25008.200000000004,63.676547723927925
18096,39256.7,26991.66,1230.0,1289,12265.039999999997,31.243176324041492
15233,39241.57,28801.059999999998,843.0,986,10440.510000000002,26.605739780543953
7423,39193.29,26600.61,4571.0,4863,12592.68,32.12968342285121
36383,39190.25,26292.0,2575.0,2800,12898.25,32.91188497138957
5808,39155.48,29314.28,752.0,769,9841.200000000004,25.13364668240564
17754,39135.94,27426.35,3206.0,3407,11709.590000000004,29.92029832425132
31466,39131.7,26234.52,1730.0,1742,12897.179999999997,32.958394345249495
3345,39119.42,31395.98,19658.0,20387,7723.439999999999,19.7432375019875
42053,39109.36,23413.6,964.0,1036,15695.760000000002,40.133001409381286
8929,39102.43,15317.8,3057.0,2641,23784.63,60.82647549014217
17163,39084.41,25048.97,3459.0,3533,14035.440000000002,35.9105842969102
44362,39037.06,24055.920000000002,3594.0,3612,14981.139999999996,38.376711770814694
29352,39016.909999999996,23272.14,2009.0,1954,15744.769999999997,40.35370817422497
42420,39010.14,23639.4,5086.0,5139,15370.739999999998,39.401909349722914
25649,38994.15,25198.559999999998,3785.0,3684,13795.590000000004,35.37861448448037
24552,38903.49,28964.100000000002,3851.0,4323,9939.389999999996,25.548838934501756
5662,38890.72,26056.56,3628.0,3624,12834.16,33.0005718587879
2902,38865.130000000005,12728.0,787.0,344,26137.130000000005,67.2508492831492
4779,38860.5,30204.41,1350.0,1399,8656.09,22.27477773060048
8124,38801.05,23321.25,3495.0,3455,15479.800000000003,39.89531211139905
36199,38720.68,25880.75,3132.0,3215,12839.93,33.16039387738025
15009,38700.64,25298.38,1936.0,2011,13402.259999999998,34.63059008843265
15827,38674.61,25987.5,3739.0,3850,12687.11,32.80475226511657
25589,38671.29,27287.64,3871.0,4122,11383.650000000001,29.43695439174644
13807,38657.03,25412.45,4197.0,4271,13244.579999999998,34.26176299627778
21341,38580.37,26787.149999999998,2963.0,3133,11793.220000000005,30.567928716080235
25124,38574.9,25268.460000000003,3510.0,3539,13306.439999999999,34.495073221187866
8780,38503.93,24312.0,2407.0,2400,14191.93,36.85839341594481
16317,38485.28,26916.579999999998,3672.0,3551,11568.7,30.060064523371015
2302,38447.18,33668.91,1282.0,1437,4778.269999999997,12.428141673849673
2622,38435.21,30455.45,1479.0,1633,7979.759999999998,20.761588137543672
13723,38430.03,26229.64,2197.0,2269,12200.39,31.747021795195057
27503,38426.67,22858.16,3133.0,3224,15568.509999999998,40.5148559581145
10357,38362.27,23614.5,4657.0,4550,14747.769999999997,38.443423707721145
15230,38330.86,24572.219999999998,714.0,757,13758.640000000003,35.894420318250106
25704,38262.61,23124.63,3039.0,3071,15137.98,39.56337531600693
25932,38258.67,23279.63,3633.0,3587,14979.039999999997,39.15201443228423
8500,38166.0,25440.280000000002,3920.0,4051,12725.719999999998,33.3430802284756
9360,38147.1,26560.62,790.0,738,11586.48,30.373160738299898
19276,38122.75,10060.64,2725.0,1108,28062.11,73.60987861578717
6584,38032.19,23352.3,2981.0,2883,14679.890000000003,38.598592402909226
8674,37990.76,23155.920000000002,4424.0,4436,14834.84,39.048547594204486
25387,37772.19,25332.7,3781.0,3781,12439.490000000002,32.932932932932935
24648,37761.92,23391.73,2208.0,2419,14370.189999999999,38.054712260393536
20864,37744.91,27052.2,3009.0,3164,10692.710000000003,28.328879311144213
810,37736.47,16414.77,3153.0,2283,21321.7,56.50157526657898
38681,37717.799999999996,22457.08,2220.0,2036,15260.719999999994,40.460260142426115
5893,37706.52,29625.39,18948.0,19363,8081.129999999997,21.431651608262968
19269,37666.81,29997.52,1619.0,1918,7669.289999999997,20.360869423240242
13141,37650.2,25216.16,3580.0,3512,12434.039999999997,33.02516321294441
13086,37638.67,23892.48,133.0,128,13746.189999999999,36.521455194883345
32988,37582.97,21424.719999999998,6463.0,6572,16158.250000000004,42.99354202182532
5877,37560.6,22412.38,37940.0,36149,15148.219999999998,40.33007992417586
39357,37511.63,23453.100000000002,2037.0,2070,14058.529999999995,37.47779022132602
8327,37477.799999999996,24199.28,2220.0,2212,13278.519999999997,35.430361440639516
6433,37473.18,26046.350000000002,682.0,667,11426.829999999998,30.493355514530652
17011,37460.58,25290.8,2742.0,2749,12169.780000000002,32.48689689268026
19989,37444.65,28619.66,5335.0,5441,8824.990000000002,23.56809317218882
6015,37433.79,24219.5,1521.0,1475,13214.29,35.3004331113681
6312,37433.06,25150.5,3694.0,3726,12282.559999999998,32.812065056930955
17073,37403.83,24548.76,3417.0,3589,12855.070000000003,34.36832538272151
36543,37401.29,16121.900000000001,1871.0,1226,21279.39,56.894802291578706
1798,37374.659999999996,26515.710000000003,534.0,519,10858.949999999993,29.054311129519288
16159,37353.59,25300.08,3717.0,3672,12053.509999999995,32.26867886058608
34429,37344.02,26205.92,2198.0,2236,11138.099999999999,29.825658833730273
10264,37307.56,5233.2,1244.0,267,32074.359999999997,85.97281623349262
29353,37213.92,20752.719999999998,1308.0,1192,16461.2,44.23398556239171
8696,37208.8,25746.16,3420.0,3442,11462.640000000003,30.806260884521947
3324,37137.79,29251.04,721.0,784,7886.75,21.236454834819195
36620,37118.25,25907.7,2175.0,2366,11210.55,30.202258996585236
24771,37089.97,19242.52,2803.0,2222,17847.45,48.119343315726596
2982,37069.93,24234.72,507.0,464,12835.21,34.62431679800852
6360,37059.51,24659.38,2649.0,2663,12400.130000000001,33.46004844640418
25538,37001.14,28217.239999999998,3086.0,3412,8783.900000000001,23.73953883583047
2682,36802.340000000004,26239.41,666.0,619,10562.930000000004,28.701789071021032
14972,36761.85,28920.09,1115.0,1347,7841.759999999998,21.33124421105031
20398,36756.56,24204.42,3944.0,4014,12552.14,34.14938721142566
25197,36747.55,24832.5,245.0,250,11915.050000000003,32.42406636632919
39411,36723.24,21415.28,3676.0,3667,15307.96,41.68466616780001
28214,36689.4,24753.600000000002,3060.0,3056,11935.8,32.532011970759946
25714,36684.4,26576.55,560.0,693,10107.850000000002,27.55353774356403
20483,36618.649999999994,25237.289999999997,2035.0,2119,11381.359999999997,31.080774414130502
37926,36610.36,25244.8,3064.0,3136,11365.560000000001,31.04465511947985
3929,36598.14,27754.65,886.0,891,8843.489999999998,24.163768978423487
46551,36575.89,24718.98,1411.0,1474,11856.91,32.417283625907665
2333,36532.73,29482.75,727.0,755,7049.980000000003,19.297709204869175
4858,36518.49,15417.65,18351.0,21715,21100.839999999997,57.781249991442685
2821,36451.450000000004,27347.52,955.0,976,9103.930000000004,24.975494801990052
3189,36431.13,22989.75,2987.0,2265,13441.379999999997,36.89531452908542
659,36377.58,20367.0,1042.0,876,16010.580000000002,44.0122185148105
6116,36330.89,26893.3,1311.0,1442,9437.59,25.9767652265056
43359,36329.0,25885.16,900.0,958,10443.84,28.74794241515043
17954,36250.63,24173.6,4537.0,4510,12077.029999999999,33.3153658295042
18857,36234.32,25715.940000000002,6118.0,6397,10518.379999999997,29.028777137255503
28946,36224.7,22575.0,1130.0,1250,13649.699999999997,37.68064331795708
2170,36212.240000000005,30643.36,10376.0,12112,5568.880000000005,15.378446624677192
25289,36201.21,25993.48,5179.0,5578,10207.73,28.197206667953918
35088,36059.77,21222.199999999997,3623.0,3659,14837.57,41.14715651264553
19376,36037.57,27059.519999999997,2243.0,2272,8978.050000000003,24.91302826466935
3640,35992.689999999995,25256.579999999998,1631.0,1527,10736.109999999997,29.828584637602795
45604,35962.009999999995,10848.1,1799.0,830,25113.909999999996,69.83455596614317
6173,35939.020000000004,24927.24,4498.0,4524,11011.780000000002,30.640178836262095
8149,35922.03,19968.75,1797.0,1775,15953.279999999999,44.41085317283015
6608,35880.89,27891.28,411.0,443,7989.610000000001,22.26703406743813
24768,35865.57,24560.85,2243.0,2243,11304.720000000001,31.519699812382747
19556,35786.42,23315.370000000003,2558.0,2483,12471.049999999996,34.84855428399934
2822,35727.28,23645.25,1172.0,1017,12082.029999999999,33.81737988450282
45535,35711.88,21543.030000000002,3312.0,3279,14168.849999999995,39.67545253848298
26966,35659.590000000004,21960.39,3441.0,3363,13699.200000000004,38.4165942457555
13694,35625.72,23911.2,2228.0,2214,11714.52,32.882198591354786
5771,35592.47,25916.04,1153.0,1158,9676.43,27.18673359842686
21326,35574.689999999995,24296.309999999998,1331.0,1497,11278.379999999997,31.703382376627875
25870,35560.13,24392.96,5087.0,5168,11167.169999999998,31.403625352325765
23649,35551.69,25666.170000000002,2831.0,3253,9885.52,27.806048038785214
43798,35550.83,20923.800000000003,3367.0,3244,14627.029999999999,41.14399016844332
38859,35543.64,22170.18,636.0,683,13373.46,37.62546548412036
854,35513.79,22954.89,2221.0,1967,12558.900000000001,35.36344614303346
6735,35440.95,23037.84,3505.0,3528,12403.109999999997,34.99655060036483
1893,35374.15,26086.07,585.0,593,9288.080000000002,26.25668743983955
26143,35232.93,20548.35,4216.0,4419,14684.580000000002,41.67856604602569
1836,35108.8,27575.37,1120.0,1269,7533.430000000004,21.457383903750635
3410,35101.34,7435.24,2066.0,604,27666.1,78.81778872259578
6267,35099.03,22558.2,1997.0,1834,12540.829999999998,35.72984780491084
2816,35098.47,27584.17,753.0,797,7514.300000000003,21.409195329596994
26153,35054.91,25707.600000000002,3509.0,3860,9347.310000000001,26.66476679015864
3797,34970.24,24339.620000000003,1976.0,1906,10630.619999999995,30.399047876136954
4431,34942.840000000004,25829.699999999997,2316.0,2327,9113.140000000007,26.08013544405665
26091,34934.78,24341.2,3838.0,3926,10593.579999999998,30.323877808876993
8027,34922.51,28056.55,17549.0,18101,6865.960000000003,19.6605570447256
25966,34848.23,23800.0,977.0,1000,11048.230000000003,31.70384837336072
43808,34830.57,20258.7,5859.0,6139,14571.869999999999,41.836438507896936
4007,34815.92,30373.56,1208.0,1418,4442.359999999997,12.759565164442005
5194,34810.2,22751.3,2380.0,2365,12058.899999999998,34.64185784626345
3951,34807.71,29223.27,13979.0,15969,5584.439999999999,16.04368687282214
5705,34802.59,27518.79,1741.0,1721,7283.799999999996,20.928902130559813
26551,34766.189999999995,22349.25,1581.0,1575,12416.939999999995,35.71556158440139
2448,34714.29,25112.579999999998,2171.0,2199,9601.710000000003,27.65924349885883
41405,34675.23,22314.6,2277.0,2277,12360.630000000005,35.646858002095456
5702,34674.74,25633.190000000002,1126.0,1171,9041.549999999996,26.07532168950653
24193,34638.869999999995,22108.02,1513.0,1558,12530.849999999995,36.17568933397653
10238,34630.61,22417.98,2139.0,2103,12212.630000000001,35.26541981212575
46568,34622.03,20893.95,3397.0,3465,13728.079999999998,39.65128561207993
21965,34616.21,21470.82,4076.0,4578,13145.39,37.97466562630628
16477,34598.43,21629.44,4557.0,4544,12968.990000000002,37.484330936403765
8171,34574.76,26281.36,34924.0,37016,8293.400000000001,23.98686209246283
26827,34517.23,21607.04,3177.0,3136,12910.190000000002,37.40216118153166
8491,34479.04,24080.879999999997,1696.0,1614,10398.160000000003,30.157916229686222
2123,34475.689999999995,17098.2,431.0,295,17377.489999999994,50.40505353192351
8205,34414.16,20442.329999999998,11884.0,13361,13971.830000000005,40.59907317220587
284,34330.549999999996,26554.71,445.0,497,7775.8399999999965,22.64991385223947
13854,34295.74,18829.14,2026.0,1821,15466.599999999999,45.09772933897913
44340,34276.12,23505.56,2588.0,2659,10770.560000000001,31.422926515603283
3764,34185.82,28939.440000000002,1218.0,1394,5246.379999999997,15.346655426138668
6593,34157.7,24319.68,3040.0,3102,9838.019999999997,28.801763584784684
2158,34142.92,21439.600000000002,1708.0,1729,12703.319999999996,37.20630807206881
19001,34135.159999999996,25106.579999999998,1184.0,1381,9028.579999999998,26.449502507092394
9109,34107.48,27430.68,34452.0,36093,6676.800000000003,19.57576461233724
8741,34061.369999999995,23025.3,1363.0,1410,11036.069999999996,32.40054642546673
23522,34041.23,14409.66,3137.0,3506,19631.570000000003,57.6699784349743
24096,34027.32,22402.14,4868.0,4902,11625.18,34.16425389951369
31119,33967.630000000005,21994.5,737.0,825,11973.130000000005,35.248647020707665
3528,33944.96,23086.36,804.0,739,10858.599999999999,31.98884311544335
18381,33942.66,22636.08,2534.0,2682,11306.580000000002,33.31082478509345
7891,33877.05,28156.68,795.0,783,5720.370000000003,16.885679243027365
6655,33873.54,23073.43,4846.0,4817,10800.11,31.883617714593754
46762,33865.08,14893.359999999999,2392.0,1864,18971.72,56.02148289624592
3362,33855.479999999996,25107.99,5652.0,5617,8747.489999999994,25.83773734710007
24788,33807.96,17359.65,2204.0,1837,16448.309999999998,48.652181320612065
2235,33752.9,21398.64,1110.0,1094,12354.260000000002,36.602069748080915
4942,33743.119999999995,31695.02,1688.0,2077,2048.099999999995,6.069681760311421
23987,33726.66,31794.2,3134.0,3697,1932.4600000000028,5.7297698615872505
19218,33717.19,24561.65,281.0,305,9155.54,27.1539235624321
6225,33691.560000000005,26197.18,8444.0,8791,7494.380000000005,22.244087243214633
7860,33681.77,22926.31,5623.0,5633,10755.459999999995,31.932585490608112
24665,33643.979999999996,23198.6,1202.0,1202,10445.379999999997,31.04680242943908
33579,33620.64,20514.0,1936.0,1950,13106.64,38.98390988392844
18600,33581.26,23561.28,274.0,324,10019.980000000003,29.838010842952293
18578,33566.27,12576.18,373.0,239,20990.089999999997,62.533281177801406
168,33554.69,26214.55,2631.0,2929,7340.140000000003,21.875153667043275
38476,33531.43,27712.16,1357.0,1744,5819.27,17.354672914337385
1906,33514.43,28806.47,1457.0,1463,4707.959999999999,14.047561005811524
20447,33476.49,22763.579999999998,3351.0,3486,10712.91,32.00129404247578
5125,33458.46,25204.84,4054.0,4229,8253.619999999999,24.668260284543877
2746,33454.479999999996,19899.539999999997,452.0,387,13554.939999999999,40.51756296914494
28262,33440.79,20342.5,4121.0,3950,13098.29,39.16860217716149
25703,33438.0,21117.879999999997,2800.0,2786,12320.120000000003,36.84466774328609
4140,33418.21,26505.0,5579.0,5580,6913.209999999999,20.686954806974995
38897,33412.68,24443.78,1332.0,1322,8968.900000000001,26.842803390808523
24928,33361.89,22884.4,3711.0,3715,10477.489999999998,31.40556485259078
16351,33350.619999999995,24030.59,1738.0,1873,9320.029999999995,27.94559741318151
7996,33301.92,24120.32,5308.0,5384,9181.599999999999,27.570782705621777
2579,33253.619999999995,32346.600000000002,1438.0,1914,907.0199999999932,2.7275827413676867
29942,33241.41,21564.6,2559.0,2540,11676.810000000005,35.12730055674535
3289,33234.46,29434.5,554.0,633,3799.959999999999,11.433794922499114
29616,33224.28,21169.8,2472.0,2476,12054.48,36.28214065135497
44035,33177.08,22284.72,3292.0,3258,10892.36,32.83097849479219
4263,33161.009999999995,20303.100000000002,1999.0,1530,12857.909999999993,38.774180882910365
6429,33142.04,23478.399999999998,3496.0,4048,9663.640000000003,29.158253384523107
33370,33111.26,18462.04,874.0,802,14649.220000000001,44.242411795866424
23271,33078.6,23262.399999999998,4140.0,4340,9816.2,29.67537924821486
11821,33055.82,21042.84,1918.0,1974,12012.98,36.34149750331409
12773,33045.57,24395.579999999998,2243.0,2442,8649.990000000002,26.175944309630616
36063,32999.7,21849.18,30.0,29,11150.519999999997,33.78976172510659
24378,32947.02,22558.32,3298.0,3298,10388.699999999997,31.531531531531527
44145,32865.43,19708.399999999998,3357.0,3398,13157.030000000002,40.033037754260334
22289,32850.41,22656.92,2459.0,2563,10193.490000000005,31.030023673981553
15007,32844.31,23374.05,1669.0,1695,9470.259999999998,28.833791910988538
38483,32811.33,20930.850000000002,2967.0,2895,11880.48,36.20846823338157
7282,32804.840000000004,21077.28,3416.0,3444,11727.560000000005,35.74948086928637
41827,32726.35,20856.96,2465.0,2556,11869.39,36.26860312867154
6156,32667.71,31598.78,1629.0,1882,1068.9300000000003,3.2721301860460996
27514,32644.69,21525.440000000002,1831.0,1964,11119.249999999996,34.06143541261993
17906,32639.95,22842.63,2105.0,2157,9797.32,30.016345000528492
27361,32635.73,21084.8,3527.0,3520,11550.93,35.3935088934735
44911,32633.329999999998,22397.079999999998,2067.0,2129,10236.25,31.36747000689173
31618,32626.77,21523.32,3123.0,3276,11103.45,34.03171689995669
3439,32526.71,25153.68,1829.0,1866,7373.029999999999,22.667616860112812
3306,32468.75,22528.8,825.0,1080,9939.95,30.613897978825793
15315,32433.54,20248.74,3046.0,3082,12184.8,37.568517035143245
44107,32418.22,21850.04,1978.0,2077,10568.18,32.599507314096826
37826,32392.14,19641.9,4286.0,4215,12750.239999999998,39.36214155656279
37048,32387.620000000003,23404.48,738.0,872,8983.140000000003,27.736338761539137
3279,32341.75,26874.1,1025.0,1210,5467.6500000000015,16.90585698052827
2655,32318.55,27274.94,1145.0,1246,5043.610000000001,15.605929102636104
26755,32300.579999999998,18769.47,1942.0,1941,13531.109999999997,41.89122919774195
29619,32278.04,21277.2,2196.0,2235,11000.84,34.08149937232868
32294,32261.88,20442.510000000002,6862.0,6883,11819.369999999999,36.63571372778027
17016,32179.7,22429.219999999998,2830.0,2959,9750.480000000003,30.300096023269337
1005,32120.82,6752.98,918.0,247,25367.84,78.9763150504875
5087,32059.23,28620.350000000002,2277.0,3061,3438.8799999999974,10.726645649318458
6478,32049.55,13149.92,3345.0,2786,18899.629999999997,58.970032340547675
15321,32045.88,20755.35,3412.0,3465,11290.530000000002,35.232391808244934
8444,32045.03,22976.36,1297.0,1322,9068.669999999998,28.299770666465278
3620,32031.99,27191.5,801.0,850,4840.490000000002,15.111424547772403
11414,31986.41,18653.72,5659.0,5722,13332.689999999999,41.68235822650932
5468,31924.88,24359.4,512.0,540,7565.48,23.697755480991624
3941,31916.61,25778.079999999998,839.0,878,6138.5300000000025,19.233026314511477
18568,31888.61,21627.710000000003,3139.0,3139,10260.899999999998,32.17731973892872
2171,31877.05,21053.97,1395.0,1453,10823.079999999998,33.95257716758608
21232,31863.170000000002,21078.079999999998,2983.0,3184,10785.090000000004,33.84813877589708
173,31846.309999999998,21711.9,1519.0,1477,10134.409999999996,31.82287053036913
39410,31828.14,19486.079999999998,3186.0,3184,12342.060000000001,38.77719527437042
10927,31828.14,21615.3,3186.0,3290,10212.84,32.08745468632475
8534,31824.87,21281.88,5313.0,5294,10542.989999999998,33.12814789188455
17324,31785.28,18436.68,2272.0,2322,13348.599999999999,41.996169295975996
13492,31755.79,19184.399999999998,3009.0,3285,12571.390000000003,39.587709831813356
7990,31748.22,24660.48,3178.0,3211,7087.740000000002,22.3248421486307
8170,31711.940000000002,27196.61,10606.0,12533,4515.330000000002,14.23858016885754
23270,31702.09,22183.7,3091.0,3311,9518.39,30.02448734452523
28888,31701.56,21311.1,2644.0,2631,10390.460000000003,32.77586339599692
43131,31683.25,19227.6,2175.0,2205,12455.650000000001,39.313043958558545
19223,31678.81,22199.600000000002,2319.0,2413,9479.21,29.922872734171513
13793,31675.81,19862.8,2919.0,2921,11813.010000000002,37.29347410531886
23973,31668.76,20344.8,1924.0,1960,11323.96,35.75750992460709
38406,31656.67,18455.36,1233.0,1177,13201.309999999998,41.70151187727578
10298,31632.47,14689.07,3321.0,3257,16943.4,53.56331642770862
10735,31591.08,21324.690000000002,2292.0,2271,10266.39,32.49774936469408
18733,31553.89,22261.96,1111.0,1204,9291.93,29.44781134750739
12520,31549.97,19101.84,3903.0,4047,12448.130000000001,39.455283158747854
12505,31536.69,19459.440000000002,3131.0,3159,12077.249999999996,38.29587061926917
2609,31523.519999999997,23235.13,1248.0,1283,8288.389999999996,26.292717310757162
90631,31504.409999999996,24690.12,1659.0,1938,6814.289999999997,21.62963851727424
17167,31494.9,17050.0,2878.0,2500,14444.900000000001,45.86425103746956
1038,31476.899999999998,22251.96,1410.0,1356,9224.939999999999,29.307015620979193
21752,31461.78,18843.879999999997,2422.0,2486,12617.900000000001,40.1054867207132
20255,31455.76,19251.75,2224.0,1995,12204.009999999998,38.79737765038899
4386,31413.23,28776.92,677.0,838,2636.3100000000013,8.39235570490523
38528,31398.16,19950.84,784.0,783,11447.32,36.45856954675051
16656,31388.98,22368.579999999998,2802.0,2951,9020.400000000001,28.73747410715481
24778,31364.1,19878.96,1390.0,1356,11485.14,36.618745635934076
34137,31341.35,19247.76,2865.0,2814,12093.59,38.58669138374704
3204,31319.739999999998,24366.21,1426.0,1551,6953.529999999999,22.201748801235258
44148,31280.25,18891.64,4475.0,4054,12388.61,39.605214152700185
4018,31220.690000000002,25877.879999999997,831.0,978,5342.810000000005,17.113042664976348
19814,31211.09,19571.1,2191.0,2199,11639.990000000002,37.29440400831884
31172,31191.649999999998,18775.44,1635.0,1602,12416.21,39.806198133154226
17041,31135.98,16695.239999999998,3218.0,3174,14440.740000000002,46.379590428822226
6195,31109.17,20391.84,1083.0,1071,10717.329999999998,34.45071019252522
22625,31105.92,13562.29,1858.0,2191,17543.629999999997,56.39964997016644
14623,31095.010000000002,22793.4,4799.0,4860,8301.61,26.69756337110038
15194,31045.82,25534.86,418.0,494,5510.959999999999,17.751053120838808
14383,31020.6,20681.28,1940.0,2004,10339.32,33.33049650877159
22027,31019.36,20721.539999999997,4485.0,4326,10297.820000000003,33.19804148119111
39518,31003.89,20790.63,1211.0,1281,10213.259999999998,32.94186632709637
8237,30996.899999999998,21490.56,310.0,288,9506.339999999997,30.668679771202918
31500,30992.68,17777.62,5302.0,5521,13215.060000000001,42.63929418172292
5130,30989.809999999998,21045.66,1619.0,1598,9944.149999999998,32.088451010186894
7992,30972.690000000002,27744.45,4431.0,4999,3228.2400000000016,10.422859622460953
31203,30965.27,17850.2,2973.0,2980,13115.07,42.354127705006285
28258,30951.76,19901.679999999997,3824.0,3713,11050.080000000002,35.700974678015086
31971,30880.65,21054.85,3435.0,3515,9825.800000000003,31.818630760686716
2876,30877.74,29914.559999999998,926.0,1224,963.1800000000039,3.119334510880666
8464,30814.33,22055.54,1967.0,2069,8758.79,28.424405138777963
44266,30781.15,20404.96,3385.0,3494,10376.190000000002,33.709559259481864
21552,30749.929999999997,18653.4,1507.0,1446,12096.529999999995,39.338398493915264
38668,30731.8,29737.18,1820.0,2291,994.619999999999,3.2364521440332132
3460,30702.52,25116.48,548.0,612,5586.040000000001,18.194076577427523
44182,30700.19,20569.41,1881.0,1917,10130.779999999999,32.99907915879348
23255,30694.4,12838.98,2560.0,1617,17855.420000000002,58.1715883027523
2593,30694.149999999998,27316.77,1085.0,1157,3377.3799999999974,11.003334511625171
44233,30677.23,21463.92,3077.0,3138,9213.310000000001,30.033057091530107
5133,30674.94,29066.940000000002,3306.0,4071,1607.9999999999964,5.242064043157041
16805,30673.61,20488.52,3839.0,3844,10185.09,33.20473201556647
13097,30668.32,21336.379999999997,3218.0,3562,9331.940000000002,30.428598632073754
18427,30655.21,22073.52,1579.0,1877,8581.689999999999,27.994230018323147
3134,30596.94,24849.76,306.0,338,5747.18,18.783512338161923
5070,30564.3,21580.649999999998,1170.0,1209,8983.650000000001,29.39262472885033
37121,30552.48,20343.76,2352.0,2333,10208.720000000001,33.4137196063953
5741,30399.61,20380.22,2139.0,2086,10019.39,32.95894256538159
8788,30327.6,25151.67,15240.0,16439,5175.93,17.06673129426661
14631,30323.68,23091.269999999997,832.0,969,7232.4100000000035,23.85070017887012
35918,30323.58,17996.77,2742.0,2773,12326.810000000001,40.65090599460881
175,30316.780000000002,19698.0,722.0,735,10618.780000000002,35.02608126588642
23778,30266.87,18240.600000000002,2713.0,2828,12026.269999999997,39.73410531052598
20557,30254.54,20180.16,2546.0,2574,10074.380000000001,33.29873797453209
25725,30239.76,21070.8,3424.0,3902,9168.96,30.32087556250446
15528,30223.989999999998,17213.85,2001.0,1845,13010.14,43.04573949369359
24842,30202.93,18998.0,4344.0,4130,11204.93,37.09881789614452
36991,30197.72,19249.579999999998,2628.0,2681,10948.140000000003,36.25485632690151
24379,30175.77,11932.02,2323.0,1359,18243.75,60.45827496696853
3233,30166.96,19625.48,1304.0,1178,10541.48,34.943792811738405
13958,30151.89,18452.6,2611.0,2570,11699.29,38.80118294408742
28887,30136.8,19617.58,2320.0,2341,10519.219999999998,34.90490032120198
33148,30135.94,16652.719999999998,3334.0,3668,13483.220000000001,44.74132879213325
22447,30133.89,9893.12,4311.0,2096,20240.769999999997,67.1694560509778
829,30114.91,20820.24,2009.0,1944,9294.669999999998,30.864013872198186
14061,30101.3,7999.55,370.0,155,22101.75,73.42456970296965
36750,30023.28,19710.85,4072.0,4115,10312.43,34.348112531342345
4358,30003.870000000003,19753.62,5613.0,4637,10250.250000000004,34.16309296100804
16829,29999.83,20810.719999999998,2117.0,2186,9189.110000000004,30.630540239728038
39450,29985.9,21182.0,810.0,890,8803.900000000001,29.360132595653294
2042,29952.510000000002,24018.960000000003,749.0,841,5933.549999999999,19.809859006807773
38178,29952.34,19076.47,4766.0,4619,10875.869999999999,36.31058541669866
26462,29938.559999999998,20466.0,1744.0,1895,9472.559999999998,31.639998717373174
13930,29931.18,19946.72,4282.0,4226,9984.46,33.35805671543854
31070,29928.03,12992.98,997.0,1001,16935.05,56.58591627982196
32107,29922.45,19186.399999999998,2255.0,2320,10736.050000000003,35.87958205294019
8677,29904.960000000003,22800.1,804.0,830,7104.860000000004,23.75813243020557
35989,29899.77,14350.55,23.0,17,15549.220000000001,52.004480302022394
2617,29897.01,18977.4,299.0,260,10919.609999999997,36.52408719132782
5502,29876.22,25285.260000000002,30178.0,32838,4590.959999999999,15.36660260233724
19581,29875.769999999997,17421.120000000003,1123.0,1104,12454.649999999994,41.68813054860174
4411,29866.920000000002,17071.92,2908.0,2358,12795.000000000004,42.840038410388495
46489,29797.03,21318.0,2597.0,2850,8479.029999999999,28.45595685207552
7358,29776.319999999996,19823.829999999998,1568.0,1399,9952.489999999998,33.424177332860474
2329,29755.88,29183.55,612.0,759,572.3300000000017,1.9234181613852512
8368,29694.78,22585.07,14922.0,14957,7109.709999999999,23.942625606251333
5187,29666.87,23082.4,3713.0,3784,6584.4699999999975,22.194690575716272
2839,29665.960000000003,23544.0,804.0,872,6121.960000000003,20.63631178630323
10680,29658.16,19235.22,2584.0,2679,10422.939999999999,35.143582744175625
18423,29638.81,18489.66,1919.0,1862,11149.150000000001,37.61672617760295
3773,29615.81,21643.079999999998,919.0,996,7972.730000000003,26.920519816949135
26428,29613.06,19221.420000000002,2094.0,2103,10391.64,35.091408993194214
25706,29590.76,20011.04,4204.0,4204,9579.719999999998,32.37402486451851
43432,29590.6,20984.44,4940.0,5326,8606.16,29.084101032084515
2232,29589.870000000003,25730.0,813.0,830,3859.8700000000026,13.044565589507497
294,29570.67,23900.8,3483.0,3520,5669.869999999999,19.173965283843753
38950,29563.1,19794.8,2890.0,2911,9768.3,33.04220464024409
46600,29533.58,22489.859999999997,2942.0,2967,7043.720000000005,23.849868522542828
686,29525.23,17700.8,1477.0,1184,11824.43,40.04856185709646
4491,29521.309999999998,16279.199999999999,969.0,855,13242.109999999999,44.85610564029848
9147,29503.690000000002,29157.1,531.0,805,346.5900000000038,1.17473441457663
28775,29445.23,20253.76,2577.0,2672,9191.470000000001,31.2154804020889
21277,29436.03,2937.27,1497.0,213,26498.76,90.02151445014833
4232,29429.5,22109.760000000002,3550.0,3412,7319.739999999998,24.87211811277799
21145,29423.46,19054.34,2454.0,2446,10369.119999999999,35.24099477083932
15470,29358.23,19668.39,1277.0,1283,9689.84,33.005532009252605
37604,29349.59,17964.4,1941.0,1940,11385.189999999999,38.7916492189499
3944,29333.24,23896.53,676.0,747,5436.710000000003,18.534297609128764
15743,29315.079999999998,19078.44,1792.0,1838,10236.64,34.91936573258541
17316,29230.49,18212.61,851.0,871,11017.880000000001,37.69310743678946
368,29119.79,25390.5,21.0,25,3729.290000000001,12.806720103407343
3252,29118.100000000002,27268.0,2690.0,3400,1850.1000000000022,6.3537799513017745
44452,29116.420000000002,16893.469999999998,2658.0,2603,12222.950000000004,41.97957715955465
27591,29107.899999999998,18510.96,910.0,884,10596.939999999999,36.405718035309995
2312,29097.09,24721.22,291.0,314,4375.869999999999,15.038857837673797
31163,29079.31,19991.31,2069.0,2129,9088.0,31.25246094216128
37785,29041.47,22421.51,2617.0,2731,6619.960000000003,22.794851638019708
14415,29027.670000000002,19618.2,3633.0,3633,9409.470000000001,32.415519399249064
18375,29022.83,18360.030000000002,2217.0,2327,10662.8,36.739353123041404
2874,28994.28,2933.22,572.0,57,26061.059999999998,89.88345287415311
19258,28987.25,18421.2,2875.0,2856,10566.05,36.45068090281072
3533,28948.559999999998,17013.78,1544.0,1286,11934.779999999999,41.2275429244149
47009,28912.35,17344.2,2165.0,2055,11568.149999999998,40.01110252193266
25519,28901.25,22762.079999999998,2375.0,2376,6139.170000000002,21.241884001557032
14250,28879.96,16589.72,2604.0,2506,12290.239999999998,42.55629162921278
3525,28877.39,22228.8,4591.0,4631,6648.59,23.023514244188966
24029,28810.1,20214.7,1990.0,1955,8595.399999999998,29.834676033752043
2008,28804.12,22224.44,1388.0,1334,6579.68,22.842843315470148
11854,28731.54,19491.88,2246.0,2326,9239.66,32.158596441402025
26716,28727.02,26286.079999999998,898.0,1208,2440.9400000000023,8.497017790219807
23345,28625.5,17221.68,1050.0,1206,11403.82,39.83797662922918
39062,28621.499999999996,19967.69,1550.0,1609,8653.809999999998,30.235347553412637
39412,28571.4,17175.48,2860.0,2921,11395.920000000002,39.88575988575989
11640,28519.71,15472.16,2129.0,2384,13047.55,45.749237983135174
22039,28492.39,24090.8,1761.0,2290,4401.59,15.448300405827661
26683,28426.38,20440.0,3162.0,3500,7986.380000000001,28.094959681816682
32652,28425.57,18517.59,4543.0,4641,9907.98,34.8558709640651
43920,28416.3,18941.649999999998,2370.0,2353,9474.650000000001,33.34230705616144
2794,28413.3,9628.5,1770.0,917,18784.8,66.11270074225803
25210,28408.19,24233.160000000003,1381.0,1697,4175.029999999995,14.696571657680394
23349,28406.05,18561.42,1895.0,1858,9844.630000000001,34.656807264649615
19782,28393.87,19349.88,1113.0,1177,9043.989999999998,31.851910289087037
25705,28389.78,19192.32,1422.0,1428,9197.46,32.397080921373814
34951,28382.239999999998,20675.48,1576.0,1801,7706.759999999998,27.15345934640817
24489,28345.1,20058.94,1390.0,1606,8286.16,29.233130241205714
2207,28310.18,23028.85,482.0,499,5281.330000000002,18.65523285263464
22662,28305.420000000002,19706.7,858.0,930,8598.720000000001,30.37835156659043
4040,28296.48,18339.6,1052.0,1020,9956.880000000001,35.18769825787519
649,28283.670000000002,21645.850000000002,733.0,755,6637.82,23.46873655363678
6438,28280.32,15839.179999999998,4868.0,4919,12441.140000000001,43.99221790983978
7266,28262.46,18280.0,1854.0,2000,9982.46,35.32056303662172
6214,28259.8,18505.04,2020.0,2038,9754.759999999998,34.518149456117875
1276,28253.38,21714.57,5662.0,5611,6538.810000000001,23.14346106554331
283,28244.99,18971.82,501.0,478,9273.170000000002,32.83120298502496
20204,28208.63,19988.46,2337.0,2637,8220.170000000002,29.140621150335917
42399,28198.59,18678.510000000002,2741.0,2843,9520.079999999998,33.76083697801911
22344,28191.19,19700.28,1781.0,1972,8490.91,30.11901945253109
7261,28191.15,18627.6,5135.0,5160,9563.550000000003,33.92394421653605
5707,28164.03,20220.480000000003,897.0,944,7943.549999999996,28.204592879641144
40051,28135.45,16811.62,3755.0,3703,11323.830000000002,40.2475524649508
41786,28127.37,19214.94,3313.0,3279,8912.43,31.68596992893399
22441,28091.26,20864.44,1874.0,2074,7226.82,25.72622231968235
33819,28087.64,18295.2,1736.0,1694,9792.439999999999,34.86387606790745
25570,28085.82,19215.12,4018.0,4071,8870.7,31.584265654340875
19175,28069.5,13837.5,2350.0,1875,14232.0,50.70272003420082
3639,28067.33,17999.940000000002,2867.0,2521,10067.39,35.86871284158485
15295,28038.46,17244.72,4954.0,5013,10793.739999999998,38.49619415616977
13278,28010.66,21210.48,934.0,1068,6800.18,24.277114498551626
2412,27954.859999999997,18117.64,1314.0,1178,9837.219999999998,35.18965932936169
3320,27935.03,19010.32,3007.0,2863,8924.71,31.94809527679047
27799,27899.89,17827.84,911.0,1024,10072.05,36.10067996683858
21824,27888.84,20555.13,1116.0,1217,7333.709999999999,26.29621741169586
24604,27845.15,19450.8,3485.0,3602,8394.350000000002,30.14654257563706
6358,27837.42,17707.05,2058.0,2071,10130.369999999999,36.39119573581172
16352,27810.64,19860.399999999998,1636.0,1730,7950.240000000002,28.587044383013126
3305,27748.98,12066.75,2402.0,1395,15682.23,56.51461783460149
34752,27671.01,17981.6,1099.0,1235,9689.41,35.01646669203618
1136,27667.16,20259.45,5084.0,5235,7407.709999999999,26.774377999042905
44734,27656.78,17674.56,3122.0,3249,9982.219999999998,36.09321114027012
15193,27541.73,20959.92,627.0,677,6581.810000000001,23.89759103730957
8298,27534.38,19180.2,2562.0,2459,8354.18,30.340904716212968
23197,27532.43,16053.48,2457.0,2347,11478.95,41.692469571338236
27581,27495.42,17622.36,1758.0,1764,9873.059999999998,35.908016680596255
25506,27493.59,18943.38,3441.0,3629,8550.21,31.09892160318096
2946,27437.11,23005.71,289.0,371,4431.4000000000015,16.151117956665264
2464,27434.02,24986.1,1748.0,2251,2447.920000000002,8.922935829309747
938,27410.86,20159.7,914.0,894,7251.16,26.453602696157652
20699,27395.63,17801.48,2237.0,2242,9594.150000000001,35.020731408622474
27276,27383.54,21077.28,3046.0,3444,6306.260000000002,23.02938188415377
598,27382.5,20261.34,1150.0,1137,7121.16,26.006244864420708
45770,27377.54,18153.45,1946.0,1921,9224.09,33.69217979409399
16327,27371.68,17098.11,6432.0,6551,10273.57,37.53357484816423
26558,27331.52,25537.76,1048.0,1544,1793.760000000002,6.562971982531532
12944,27327.24,17414.8,2576.0,2561,9912.440000000002,36.27311063978653
43129,27325.26,16079.820000000002,2074.0,2038,11245.439999999997,41.15400914757992
3939,27320.89,21986.25,911.0,975,5334.639999999999,19.525864640573566
15444,27274.8,16497.27,2520.0,2511,10777.529999999999,39.51460688987636
16484,27231.14,17947.12,1686.0,1706,9284.02,34.09339454756577
2639,27215.23,26185.000000000004,377.0,500,1030.229999999996,3.78549069767184
13147,27183.92,19059.65,1408.0,1465,8124.269999999997,29.88630778783927
16180,27162.14,15574.68,2386.0,2277,11587.46,42.660335304950195
4147,27161.23,19189.59,677.0,667,7971.639999999999,29.349333590562722
18813,27121.38,20932.170000000002,2262.0,2653,6189.209999999999,22.8204095809284
4483,27103.65,19757.41,10885.0,10237,7346.240000000002,27.104246107074143
14852,27089.170000000002,16475.04,1983.0,2019,10614.130000000001,39.18218978285418
15205,27082.260000000002,15273.6,774.0,860,11808.660000000002,43.6029341716681
13792,27072.91,18972.8,3009.0,3080,8100.110000000001,29.919613369970204
11891,27000.79,13349.28,421.0,336,13651.51,50.559668809690386
39599,26973.87,15911.279999999999,3413.0,3528,11062.59,41.01224629613771
27460,26973.0,17728.95,2700.0,2715,9244.05,34.271493715938156
43308,26953.91,12346.880000000001,2209.0,1792,14607.029999999999,54.19261992044938
10415,26937.03,16864.6,1797.0,1961,10072.43,37.39250392489447
39654,26933.04,18528.75,2696.0,2745,8404.29,31.204386879461065
18877,26902.33,17870.5,3367.0,3470,9031.830000000002,33.57266824100367
45240,26874.079999999998,14985.0,1592.0,1500,11889.079999999998,44.23995165601948
12685,26868.4,15477.86,1860.0,1847,11390.54,42.39381578359709
22362,26823.15,17931.0,2685.0,2780,8892.150000000001,33.151028123095166
25509,26806.45,17882.15,3355.0,3355,8924.3,33.29161451814768
17330,26796.38,18475.52,1862.0,2062,8320.86,31.052179436177575
15089,26789.25,19749.420000000002,2675.0,3006,7039.829999999998,26.278563229653678
3998,26783.37,20922.05,1463.0,1535,5861.32,21.884176636472557
8096,26745.6,22434.72,13440.0,14568,4310.879999999997,16.118090452261296
24935,26727.170000000002,17705.19,1783.0,1783,9021.980000000003,33.75583722481655
25587,26718.56,18256.64,3344.0,3356,8461.920000000002,31.670569072584755
16814,26609.49,18419.4,2151.0,2274,8190.09,30.778831161363858
21534,26608.49,18428.22,2551.0,2767,8180.27,30.743082377090918
8367,26607.25,17476.8,1775.0,1760,9130.45,34.315647051085705
16427,26505.12,15511.14,2388.0,2329,10993.98,41.478702982669006
5196,26476.69,18900.75,331.0,319,7575.939999999999,28.61362201997304
7265,26456.27,17430.600000000002,1573.0,1668,9025.669999999998,34.11542897014582
34850,26447.58,18068.600000000002,1942.0,2101,8378.98,31.6814619711898
4498,26359.98,22705.2,702.0,795,3654.779999999999,13.86488153632893
3829,26359.38,24919.5,2162.0,2245,1439.880000000001,5.462495703616705
18368,26327.05,18419.399999999998,3295.0,3411,7907.6500000000015,30.036217502530672
23974,26265.329999999998,17460.0,1567.0,1552,8805.329999999998,33.52453595671555
3592,26245.35,16443.420000000002,2665.0,2303,9801.929999999997,37.34730152198388
14983,26215.12,18725.6,988.0,1052,7489.52,28.569466781002724
2808,26190.789999999997,23161.41,921.0,981,3029.3799999999974,11.566585047644603
36200,26184.73,16042.34,2127.0,1954,10142.39,38.73398732772879
25802,26154.920000000002,16731.98,2108.0,2038,9422.940000000002,36.02740899226609
2990,26138.75,20195.37,1225.0,1263,5943.380000000001,22.737812634498596
30656,26110.309999999998,13898.16,1469.0,1194,12212.149999999998,46.771371155685245
1070,26077.5,25377.56,1850.0,2638,699.9399999999987,2.6840763109960646
17985,26047.329999999998,18598.76,1067.0,1132,7448.57,28.59628990764121
16431,26039.76,10948.68,2624.0,1789,15091.079999999998,57.953990359358144
20725,26028.65,22066.68,1735.0,2238,3961.970000000001,15.22157315112386
45474,25995.22,18117.0,478.0,540,7878.220000000001,30.30641787220882
31233,25978.19,16918.11,2281.0,2277,9060.079999999998,34.87571689944526
22903,25937.94,16783.2,2906.0,3108,9154.739999999998,35.294784396910465
27065,25900.440000000002,19793.64,756.0,843,6106.800000000003,23.57797782585934
14810,25889.53,18454.46,2047.0,2131,7435.07,28.718443324386346
25656,25884.53,18670.5,2547.0,2766,7214.029999999999,27.870044385584748
35960,25881.63,19733.24,837.0,974,6148.389999999999,23.755806724692373
8704,25874.829999999998,19164.58,1517.0,2213,6710.249999999996,25.933503717705577
16175,25859.34,18506.74,3966.0,3946,7352.5999999999985,28.433053589148056
3153,25851.629999999997,17873.73,1437.0,1351,7977.899999999998,30.86033646621122
33267,25851.39,15259.199999999999,1261.0,1122,10592.19,40.9733867308489
15228,25827.54,20700.68,846.0,1001,5126.860000000001,19.850361281020184
46428,25813.72,15822.72,2628.0,2624,9991.000000000002,38.70422395532299
13553,25809.99,16901.78,701.0,667,8908.210000000003,34.514581369461986
11152,25744.04,16027.22,2996.0,3047,9716.820000000002,37.74395937855908
23256,25727.61,4150.38,1839.0,442,21577.23,83.86799240193706
23155,25711.809999999998,16303.68,1319.0,1296,9408.129999999997,36.59069509303311
36573,25680.519999999997,19383.75,1448.0,1723,6296.769999999997,24.519635895223296
37607,25643.13,15606.18,1687.0,1662,10036.95,39.140892706935546
23889,25625.46,15139.62,3154.0,3141,10485.839999999998,40.91961666249112
8535,25608.600000000002,24231.3,6540.0,6549,1377.300000000003,5.378271361964352
31202,25581.41,14240.220000000001,2459.0,2346,11341.189999999999,44.3337173361437
8212,25575.8,18909.1,1120.0,1135,6666.700000000001,26.06643780448706
20855,25538.34,17552.6,1966.0,2041,7985.740000000002,31.269612668638608
10441,25528.14,21659.100000000002,1486.0,1978,3869.0399999999972,15.155980811763008
1920,25521.489999999998,21061.7,851.0,934,4459.789999999997,17.474645876866898
43224,25515.920000000002,17084.4,1808.0,1857,8431.52,33.04415439458973
19557,25475.79,16779.93,1821.0,1787,8695.86,34.133818813862106
16393,25449.13,12992.08,2727.0,2788,12457.050000000001,48.948824576714415
25573,25370.84,19268.87,2116.0,2347,6101.970000000001,24.051115374973794
36344,25370.78,17509.76,1922.0,2008,7861.02,30.984542059802656
16429,25351.34,9169.8,2566.0,1581,16181.54,63.82913092562366
6694,25341.11,16000.77,3089.0,3083,9340.34,36.85844858413858
11353,25316.03,13462.0,397.0,424,11854.029999999999,46.82420584902135
15876,25206.93,16906.8,1707.0,1752,8300.130000000001,32.92796861815382
580,25196.4,18943.2,360.0,360,6253.200000000001,24.81783111873125
35581,25186.260000000002,18920.32,674.0,752,6265.940000000002,24.87840592450011
6530,25180.48,15488.98,3052.0,2906,9691.5,38.488146373698996
15399,25171.12,15957.76,2188.0,2192,9213.359999999999,36.60290046688427
43918,25167.01,15089.230000000001,2099.0,1937,10077.779999999997,40.04361265005258
1025,25147.74,12929.08,2526.0,2458,12218.660000000002,48.58750726705462
6748,25140.03,15731.16,4197.0,4044,9408.869999999999,37.42585032714758
45298,25115.07,16465.68,493.0,504,8649.39,34.43904396842215
38635,25110.53,15693.16,1447.0,1367,9417.369999999999,37.50366877959166
5681,25087.170000000002,18635.4,783.0,783,6451.77,25.717408539903065
23521,24996.34,14035.27,2266.0,1889,10961.07,43.85069974244229
3662,24990.55,12407.5,2145.0,1418,12583.05,50.35123276598554
8458,24975.95,19860.12,705.0,756,5115.830000000002,20.483024669732288
29433,24958.25,17003.07,1175.0,1233,7955.18,31.87394949565775
25578,24927.81,24897.6,1919.0,2912,30.210000000002765,0.12118994809412766
5855,24909.89,19650.45,1311.0,1345,5259.439999999999,21.113862807101913
39598,24880.5,16065.0,3150.0,3375,8815.5,35.431361909929464
5155,24832.920000000002,18064.8,3108.0,3120,6768.120000000003,27.25462813072326
13978,24807.91,21634.2,709.0,909,3173.709999999999,12.79313735014356
25963,24807.359999999997,15325.199999999999,1264.0,1320,9482.159999999998,38.22317247784528
428,24806.86,17635.059999999998,2614.0,2582,7171.800000000003,28.910551355552467
3811,24800.019999999997,2789.6,1398.0,220,22010.42,88.7516219744984
19740,24789.699999999997,11672.7,1030.0,1066,13116.999999999996,52.91310503959304
16655,24776.03,13028.460000000001,2197.0,1802,11747.569999999998,47.41506205796489
28070,24775.2,16317.0,2480.0,2450,8458.2,34.13978494623656
6266,24772.2,15959.24,3180.0,3154,8812.960000000001,35.57600859027458
38541,24770.62,15874.76,1338.0,1324,8895.859999999999,35.91294848493901
19191,24762.95,12935.93,2005.0,1981,11827.02,47.76094932146614
42264,24740.46,17870.49,454.0,547,6869.9699999999975,27.76815790813913
6168,24732.670000000002,17564.64,3383.0,2967,7168.0300000000025,28.98203065014817
3296,24724.35,16597.62,1065.0,1038,8126.73,32.86933731321551
31456,24707.47,15357.24,2953.0,2942,9350.230000000001,37.84373713698732
1156,24706.98,17529.92,1902.0,1889,7177.060000000001,29.0487141690324
23866,24705.77,17340.0,2023.0,2125,7365.77,29.813966534943052
1340,24702.28,7615.1,1372.0,542,17087.18,69.17248124464625
4200,24690.35,12119.039999999999,2165.0,1578,12571.31,50.91588414097006
31458,24681.16,15881.4,2984.0,2941,8799.76,35.6537537133587
32138,24637.510000000002,17112.0,1749.0,1860,7525.510000000002,30.54492925624384
39491,24636.39,14183.1,1761.0,1751,10453.289999999999,42.43028300818423
44041,24624.28,15585.279999999999,2072.0,2048,9039.0,36.70767226493526
44986,24618.51,17038.5,1449.0,1535,7580.009999999998,30.78988127226221
3909,24540.18,23863.84,982.0,1232,676.3400000000001,2.7560515041046973
33965,24499.93,15174.319999999998,1107.0,1106,9325.610000000002,38.06382303949441
18562,24498.82,12040.93,1718.0,1507,12457.89,50.85097976147422
26395,24491.1,10862.58,2990.0,2757,13628.519999999999,55.646826806472546
21151,24432.56,14151.78,2144.0,2154,10280.78,42.078194016509116
27330,24429.33,15148.800000000001,1967.0,1920,9280.53,37.98929401665948
29192,24406.6,19571.1,840.0,890,4835.5,19.812263895831457
25988,24404.22,23701.559999999998,1878.0,2253,702.6600000000035,2.8792561286531733
11441,24380.649999999998,16385.2,1435.0,1495,7995.449999999997,32.79424461611974
4389,24380.25,15134.099999999999,975.0,915,9246.150000000001,37.92475466822531
446,24373.25,17061.0,1575.0,1650,7312.25,30.001128286133365
6782,24328.77,15748.800000000001,1623.0,1632,8579.97,35.266764411024475
23161,24312.769999999997,17317.85,1223.0,1265,6994.919999999998,28.770559668848918
15980,24291.3,17867.28,1870.0,2049,6424.02,26.44576453298095
18575,24234.940000000002,16172.759999999998,606.0,614,8062.180000000004,33.26676278133968
24535,24219.8,21478.5,2320.0,2775,2741.2999999999993,11.3184254205237
5270,24210.34,19199.85,12166.0,12387,5010.490000000002,20.695661440525008
19122,24180.77,8351.199999999999,1723.0,1144,15829.570000000002,65.46346539005997
22938,24174.989999999998,17046.12,1301.0,1338,7128.869999999999,29.4886161276592
5696,24164.04,23533.95,2196.0,2805,630.0900000000001,2.6075523794862123
896,24157.93,18414.0,1007.0,990,5743.93,23.77658185117682
21281,24123.97,17565.35,503.0,545,6558.620000000003,27.187150373673997
9361,24096.44,9748.5,356.0,201,14347.939999999999,59.54381643097486
38542,24047.34,16391.94,2266.0,2283,7655.4000000000015,31.834706042331508
6477,24005.97,21559.2,2403.0,2764,2446.7700000000004,10.192339655510693
17457,23983.63,14710.96,2537.0,2519,9272.670000000002,38.662496044176805
11698,23979.920000000002,15640.8,2008.0,1995,8339.120000000003,34.77542877540877
2792,23932.260000000002,18269.94,24174.0,23423,5662.320000000003,23.65977972828309
24673,23926.8,15330.56,1720.0,1711,8596.24,35.92724476319441
23917,23915.6,16333.74,840.0,881,7581.859999999999,31.702570706986233
8454,23879.870000000003,20856.800000000003,713.0,841,3023.0699999999997,12.659491027379962
11320,23877.63,16168.859999999999,2037.0,2089,7708.770000000002,32.2844855205479
23535,23867.699999999997,11924.34,1380.0,706,11943.359999999997,50.03984464359783
20167,23864.36,18007.78,1764.0,2051,5856.580000000002,24.54111486752631
18638,23853.48,15573.55,952.0,941,8279.93,34.71162279046915
40114,23843.9,14592.06,2210.0,2191,9251.840000000002,38.80170609673754
3265,23838.01,17514.36,48649.0,48651,6323.649999999998,26.52759185854859
19190,23829.5,16392.079999999998,2250.0,2312,7437.420000000002,31.210977989466844
31581,23793.39,17451.98,1461.0,1561,6341.41,26.65198191598591
13731,23793.21,14396.4,1279.0,1240,9396.81,39.493662267512455
8059,23775.96,19339.7,804.0,890,4436.259999999998,18.658594647702966
20523,23771.4,19637.7,2260.0,2931,4133.700000000001,17.389383881471012
9092,23757.38,16242.380000000001,762.0,742,7515.0,31.63227594962071
38179,23710.08,15570.1,3792.0,3770,8139.980000000001,34.33130550381948
17595,23704.309999999998,16556.03,1469.0,1501,7148.279999999999,30.156034915169432
27111,23696.05,17150.76,395.0,426,6545.290000000001,27.62186102747083
8632,23676.829999999998,17013.399999999998,1217.0,1324,6663.43,28.14325228503985
10422,23666.31,14385.9,2369.0,2370,9280.410000000002,39.213590965384974
16540,23657.879999999997,15756.28,1112.0,1156,7901.599999999997,33.399442384524725
24753,23646.78,20496.32,2122.0,2704,3150.459999999999,13.322997888084547
15092,23639.89,17146.920000000002,1011.0,1043,6492.9699999999975,27.46615995252092
1845,23602.85,9387.91,1315.0,833,14214.939999999999,60.22552361261457
3952,23559.809999999998,12512.039999999999,1119.0,762,11047.769999999999,46.8924409831828
8246,23527.71,13867.92,2629.0,2266,9659.789999999999,41.05707695309063
37311,23524.01,14627.470000000001,2199.0,2123,8896.539999999997,37.81897729171174
6227,23504.12,19695.690000000002,988.0,1071,3808.4299999999967,16.203244367370473
7740,23498.77,16810.0,3923.0,4100,6688.77,28.464340899544954
16816,23487.98,16837.72,1902.0,2036,6650.259999999998,28.313460757374614
8623,23486.45,18132.66,7855.0,7749,5353.790000000001,22.795228738272495
45600,23483.95,16448.52,2205.0,2244,7035.43,29.958460991443093
1261,23430.33,17592.76,23667.0,23774,5837.570000000003,24.914587203850747
8581,23395.32,17077.32,468.0,468,6318.0,27.005401080216046
23168,23371.38,15550.38,1462.0,1566,7821.000000000002,33.46400597654055
24146,23348.32,22772.8,1168.0,1720,575.5200000000004,2.4649310956848307
2991,23345.33,18463.94,467.0,506,4881.390000000003,20.909492390983562
8630,23326.6,16464.7,2940.0,3010,6861.899999999998,29.416631656563748
24289,23301.420000000002,22905.78,1558.0,2391,395.64000000000306,1.6979222725482097
1620,23284.05,17970.87,495.0,501,5313.18,22.818968349578363
213,23249.19,16365.830000000002,981.0,961,6883.359999999997,29.60688092789468
162,23245.27,18481.95,973.0,1005,4763.32,20.49156667141315
2037,23245.2,17305.38,23480.0,23706,5939.82,25.552888338237565
23049,23244.86,15404.039999999999,2514.0,2517,7840.8200000000015,33.73141417070269
3601,23235.54,16205.49,646.0,609,7030.050000000001,30.255591219313178
18592,23215.95,12063.6,2405.0,2234,11152.35,48.03744839216142
23235,23188.63,15573.42,2037.0,2169,7615.210000000001,32.84027560058529
2148,23178.94,12861.68,3006.0,2158,10317.259999999998,44.51135384102983
21627,23147.05,16534.7,1495.0,1610,6612.3499999999985,28.566707204589783
33212,23109.78,15675.000000000002,2722.0,2750,7434.779999999997,32.17157411277822
32367,23083.58,12891.68,3242.0,3272,10191.900000000001,44.15216357254811
1663,23038.29,17482.5,23271.0,23625,5555.790000000001,24.115461694422635
2382,23020.43,11820.3,1057.0,615,11200.130000000001,48.65300083447616
44916,23001.739999999998,14991.000000000002,1226.0,1315,8010.739999999996,34.826669634558066
19282,22997.96,14536.76,1124.0,1076,8461.199999999999,36.79108929661587
44082,22986.97,14673.75,1603.0,1625,8313.220000000001,36.16492299768087
14663,22967.76,16322.02,1724.0,1859,6645.739999999998,28.93508117465525
27233,22941.7,15830.1,3830.0,3861,7111.6,30.99857464791188
24094,22934.19,15245.52,3281.0,3336,7688.669999999998,33.524925013702244
4527,22903.68,17255.72,632.0,641,5647.959999999999,24.659618017715925
6157,22901.38,16178.92,3112.0,2692,6722.460000000001,29.353951595930027
4315,22894.36,15180.06,764.0,658,7714.300000000001,33.69519829337881
14690,22869.85,12373.56,2115.0,1809,10496.289999999999,45.8957535794944
43737,22850.97,13218.24,2403.0,2248,9632.730000000001,42.15457812075374
39358,22837.649999999998,13787.500000000002,1235.0,1250,9050.149999999996,39.62820167574158
23067,22829.219999999998,17000.11,1078.0,1231,5829.109999999997,25.533548671395685
20968,22827.8,13432.8,2220.0,2316,9395.0,41.15595896231788
644,22773.829999999998,16545.72,817.0,797,6228.109999999997,27.347661767915177
6115,22768.609999999997,16349.34,1139.0,1162,6419.269999999997,28.193508518965356
38690,22766.14,15387.470000000001,1386.0,1519,7378.669999999998,32.410720482260054
20459,22759.44,16127.720000000001,3256.0,3346,6631.7199999999975,29.138326777811745
12270,22722.66,13890.960000000001,1634.0,1593,8831.699999999999,38.86736852111504
25569,22721.79,19207.1,1421.0,1838,3514.6900000000023,15.468367588997179
8221,22717.16,17725.23,284.0,277,4991.93,21.974269671032822
3571,22672.07,17617.95,11393.0,11985,5054.119999999999,22.2922741505297
2878,22669.510000000002,19992.8,549.0,670,2676.7100000000028,11.807533554982012
5003,22649.22,18459.48,22878.0,23666,4189.740000000002,18.4983853748606
17867,22619.69,12264.98,3831.0,3809,10354.71,45.777417816070866
1535,22615.32,20733.420000000002,5668.0,6603,1881.8999999999978,8.321350305898823
23239,22602.06,15006.24,2294.0,2452,7595.8200000000015,33.606759737829215
4846,22596.019999999997,15326.400000000001,1298.0,1236,7269.619999999995,32.17212588765631
19554,22593.56,15452.09,2544.0,2921,7141.470000000001,31.608431783216105
40965,22551.19,15535.8,881.0,945,7015.389999999999,31.108735281818827
20152,22540.82,14631.6,1618.0,1644,7909.219999999999,35.088430678209576
2096,22497.75,1796.7600000000002,225.0,23,20700.989999999998,92.013601360136
17119,22487.1,14401.66,1390.0,1351,8085.439999999999,35.95590360695687
25141,22478.59,17304.95,1441.0,1685,5173.639999999999,23.015856421599395
18856,22467.58,15080.24,3792.0,3847,7387.340000000002,32.879998646939285
24301,22448.86,15857.53,2514.0,2899,6591.33,29.361535507816434
33963,22419.52,12981.2,2948.0,2822,9438.32,42.09867115799089
45266,22419.38,14228.869999999999,1962.0,2179,8190.510000000002,36.533169070687954
2209,22342.32,21040.5,968.0,975,1301.8199999999997,5.82670018153889
8875,22332.44,15467.970000000001,956.0,1009,6864.4699999999975,30.737662342314582
28156,22329.99,15156.699999999999,1601.0,1703,7173.290000000003,32.1240179686601
29810,22323.71,14635.800000000001,1329.0,1410,7687.909999999998,34.43831692850337
35049,22284.19,14895.2,1681.0,1720,7388.989999999998,33.157992280625855
25650,22242.29,17406.18,2071.0,2682,4836.110000000001,21.742860110177507
31452,22218.56,13678.4,2644.0,2656,8540.160000000002,38.4370544265695
39764,22210.43,15198.99,757.0,831,7011.4400000000005,31.568231682142127
2048,22192.6,22143.37,740.0,997,49.22999999999956,0.2218307003235293
18801,22178.03,14230.02,1897.0,1993,7948.009999999998,35.83731287224338
5188,22169.17,13793.4,683.0,582,8375.769999999999,37.78116185675873
16151,22166.83,14944.5,2017.0,2025,7222.330000000002,32.58169977394152
41070,22166.09,7658.5599999999995,1691.0,1052,14507.53,65.4492064229641
20992,22152.29,15363.1,2071.0,2293,6789.1900000000005,30.64780210082118
1188,22139.129999999997,18317.78,1287.0,1499,3821.3499999999985,17.2606150286845
4272,22136.39,15302.07,761.0,749,6834.32,30.87368807651112
3142,22090.86,17060.7,22314.0,23055,5030.16,22.770322205654285
4297,22072.18,13197.7,3382.0,2435,8874.48,40.20663115288114
37849,22071.62,18555.94,238.0,299,3515.6800000000003,15.928509099014937
14433,22068.56,13084.8,2244.0,2256,8983.760000000002,40.70841051704326
40801,22061.65,15187.759999999998,2035.0,2072,6873.890000000003,31.157642334095602
17910,22060.66,13783.86,2134.0,2098,8276.8,37.51836980398592
3210,22059.18,18443.34,22282.0,23346,3615.84,16.3915431126633
19855,22054.88,19255.829999999998,712.0,989,2799.050000000003,12.691295531873232
31847,22037.32,13765.5,668.0,630,8271.82,37.53550794742736
3386,22008.69,17770.5,22231.0,23694,4238.189999999999,19.256893527056807
26317,22001.769999999997,21435.21,1223.0,1413,566.5599999999977,2.575065551544252
43553,21989.54,14158.44,2446.0,2348,7831.1,35.61284137821892
16469,21983.7,14005.96,2930.0,2924,7977.740000000002,36.28934164858509
7788,21978.44,12449.44,1556.0,1564,9528.999999999998,43.356125366495526
37126,21936.6,14001.2,1140.0,1160,7935.399999999998,36.17424760446012
2029,21930.89,14001.400000000001,311.0,274,7929.489999999998,36.15671776202424
22192,21919.22,14105.730000000001,1878.0,1951,7813.49,35.646752028584956
1065,21914.13,12919.81,1687.0,1283,8994.320000000002,41.04347286431175
5268,21899.64,16734.56,2436.0,2551,5165.079999999998,23.585227885024587
35668,21889.56,13589.82,2044.0,1854,8299.740000000002,37.91643139469227
24594,21863.99,13321.88,1401.0,1507,8542.110000000002,39.06930985606928
43043,21859.52,12438.58,2848.0,2758,9420.94,43.09765264745063
5983,21856.44,15915.060000000001,756.0,743,5941.379999999997,27.183658454899323
34060,21852.62,13801.599999999999,1538.0,1520,8051.02,36.842355744986186
15917,21846.64,14073.2,2936.0,3020,7773.439999999999,35.58185606573825
38322,21843.9,11558.52,1810.0,1746,10285.380000000001,47.085822586626016
22014,21830.32,11707.47,1368.0,1179,10122.85,46.37059832379919
23650,21827.09,17817.7,1791.0,2230,4009.3899999999994,18.368870976387598
19126,21808.34,14550.56,1666.0,1724,7257.780000000001,33.279836979797636
12473,21778.010000000002,15125.07,1799.0,1893,6652.940000000002,30.54888853481104
24787,21769.109999999997,11604.119999999999,1089.0,894,10164.989999999998,46.694559400912574
26318,21749.91,17821.35,1209.0,1535,3928.5600000000013,18.062419568632706
32137,21723.62,12526.26,1438.0,1334,9197.359999999999,42.33806336144712
38644,21718.66,13628.25,2034.0,2019,8090.41,37.250962996796304
22665,21698.98,17459.960000000003,402.0,491,4239.019999999997,19.53557263981992
6460,21678.44,13713.56,2956.0,2881,7964.879999999999,36.74102011030314
28312,21675.989999999998,14528.16,3101.0,3078,7147.829999999998,32.975794877188996
15168,21656.04,13913.9,1396.0,1430,7742.140000000001,35.750488085541036
41065,21644.55,14567.539999999999,1245.0,1303,7077.01,32.69649865670573
22697,21633.52,9079.28,948.0,868,12554.24,58.03142530665375
1722,21599.52,3867.05,48.0,11,17732.47,82.09659288724936
15549,21594.600000000002,2206.4,540.0,80,19388.2,89.78263084289591
453,21591.79,15988.61,721.0,761,5603.18,25.95051174543658
19549,21567.920000000002,14453.54,1608.0,1669,7114.380000000001,32.985934665929776
21353,21566.72,12090.06,2628.0,2634,9476.660000000002,43.94112781173957
15620,21557.6,14967.800000000001,2140.0,2234,6589.799999999997,30.56833784836901
15916,21551.3,13294.130000000001,2870.0,2909,8257.169999999998,38.31402281996909
2942,21542.09,14400.72,591.0,531,7141.370000000001,33.15077599248727
19035,21541.4,12062.4,1760.0,1680,9479.000000000002,44.003639503467745
2156,21519.09,17632.600000000002,591.0,655,3886.489999999998,18.060661487079603
3651,21514.08,16038.820000000002,5392.0,5474,5475.26,25.44965901400385
25984,21481.09,14182.560000000001,2291.0,2412,7298.529999999999,33.97653471029635
1483,21480.16,16949.88,7184.0,7092,4530.279999999999,21.09053191410119
17296,21474.46,14065.800000000001,1954.0,1970,7408.659999999998,34.499866352867535
45831,21459.55,15004.359999999999,1245.0,1307,6455.1900000000005,30.080733286578702
14552,21444.52,16510.28,1148.0,1247,4934.240000000002,23.00932825728905
23218,21428.55,4442.1,2145.0,663,16986.449999999997,79.27017927017927
22509,21426.09,1569.1,1191.0,130,19856.99,92.67668529349032
13445,21411.06,13245.36,1794.0,1832,8165.700000000001,38.13776618252436
5015,21373.25,15764.28,2675.0,2681,5608.969999999999,26.242943866749318
2230,21369.43,21238.35,507.0,565,131.08000000000175,0.6133996086933612
17134,21352.97,13034.0,1303.0,1330,8318.970000000001,38.95931104666002
36268,21345.969999999998,14148.800000000001,1203.0,1195,7197.169999999996,33.71676246148569
13695,21334.32,12794.32,2168.0,2077,8540.0,40.029398640312884
3629,21297.899999999998,14358.48,810.0,696,6939.419999999998,32.58264899356274
43379,21283.95,15241.779999999999,1605.0,1591,6042.170000000002,28.388386554187555
2618,21282.85,16890.4,215.0,215,4392.449999999997,20.638448328113938
18380,21272.48,14100.48,552.0,576,7172.0,33.714921814475794
38771,21260.25,13087.2,1375.0,1148,8173.049999999999,38.44286873390482
23279,21241.5,1413.8400000000001,850.0,86,19827.66,93.34397288327095
15550,21229.77,14131.2,723.0,736,7098.57,33.43686719168413
15911,21219.08,14148.54,2292.0,2394,7070.540000000001,33.32161432069628
19283,21191.0,13931.580000000002,2000.0,2022,7259.419999999998,34.25709027417299
21251,21183.899999999998,14778.919999999998,1210.0,1261,6404.98,30.235131396957126
16918,21182.39,12951.4,2161.0,2233,8230.99,38.85770208177642
33441,21167.86,16823.8,514.0,610,4344.060000000001,20.521961124081514
15466,21158.82,13127.31,2118.0,2177,8031.51,37.958213170677766
23353,21138.78,1456.35,1322.0,133,19682.43,93.11052955752413
46788,21138.74,14791.84,2526.0,2632,6346.9000000000015,30.024968375598547
6368,21132.72,14925.82,3528.0,3614,6206.9000000000015,29.371041683228665
24014,21128.05,15535.88,1495.0,1711,5592.17,26.467989237056898
26818,21100.76,12738.550000000001,1224.0,1219,8362.209999999997,39.62989958655517
13143,21090.97,15322.84,1403.0,1492,5768.130000000001,27.348813259892747
46297,21078.42,14102.279999999999,1758.0,1822,6976.139999999999,33.09612390302499
16428,21059.920000000002,8413.4,2108.0,1357,12646.520000000002,60.05018062746677
29477,21031.23,10682.75,2377.0,2249,10348.48,49.20530087874081
13637,21030.72,14328.960000000001,1728.0,1756,6701.76,31.866526680969553
1148,21018.93,15648.5,3007.0,2975,5370.43,25.55044428998051
6362,21005.71,14595.109999999999,2629.0,2759,6410.6,30.518368576925038
11367,21002.13,13396.49,2187.0,2207,7605.640000000001,36.21366023350966
41868,20975.82,16146.84,418.0,478,4828.98,23.021650643455178
8523,20962.99,13459.6,4201.0,4180,7503.390000000001,35.79351037232762
12945,20952.99,13682.25,2001.0,2027,7270.740000000002,34.70025041772082
525,20918.88,17081.0,512.0,551,3837.880000000001,18.34648891336439
8553,20909.31,17351.28,2969.0,3324,3558.0300000000025,17.016486914202346
26530,20904.43,11979.36,2557.0,2538,8925.07,42.69463458223927
2059,20896.170000000002,19432.559999999998,683.0,807,1463.6100000000042,7.004202205475951
7995,20826.41,18186.3,3209.0,3674,2640.1100000000006,12.676740734480884
13567,20823.95,16374.15,1505.0,1755,4449.800000000001,21.368664446466692
3831,20823.81,16686.86,5219.0,5774,4136.950000000001,19.866441347668847
2310,20807.96,15977.909999999998,704.0,689,4830.050000000001,23.212510981374443
32203,20794.11,13508.56,1589.0,1612,7285.550000000001,35.036604115299966
44838,20780.530000000002,12873.420000000002,547.0,601,7907.110000000001,38.050569451308505
45601,20776.899999999998,13357.330000000002,1210.0,1211,7419.569999999996,35.71066906035066
7017,20770.51,15379.59,649.0,601,5390.919999999998,25.954682865273888
32604,20758.61,12733.5,1863.0,1959,8025.110000000001,38.6591876816415
43662,20747.29,16682.399999999998,671.0,840,4064.890000000003,19.592390138663905
10372,20740.75,10329.54,2425.0,1938,10411.21,50.19688294782011
15314,20739.57,15572.48,1543.0,1738,5167.09,24.914161672590126
184,20719.28,13170.4,1072.0,1010,7548.879999999999,36.434084582089724
46422,20716.05,12877.2,2095.0,1960,7838.8499999999985,37.83950125627231
4391,20711.34,14009.4,766.0,774,6701.9400000000005,32.35879474722543
25876,20708.52,19976.36,1648.0,2026,732.1599999999999,3.535549619190555
13154,20705.2,8857.23,1480.0,1137,11847.970000000001,57.22219539052992
44217,20678.4,14694.900000000001,1260.0,1342,5983.5,28.93599117920148
15332,20670.95,14081.85,1655.0,1647,6589.1,31.876135349367107
23870,20654.77,13545.84,2223.0,2199,7108.93,34.41786086216405
14381,20643.09,14128.359999999999,1291.0,1343,6514.730000000001,31.558889681728857
22297,20629.35,14181.75,2065.0,2101,6447.5999999999985,31.254499051109214
33028,20626.13,12190.4,387.0,401,8435.730000000001,40.89826836153947
2043,20591.45,16818.03,655.0,729,3773.420000000002,18.32517865424728
10414,20565.3,11582.52,1470.0,1468,8982.779999999999,43.67930445945355
8242,20555.16,10866.4,1484.0,1360,9688.76,47.135415146367144
15079,20522.89,14620.859999999999,1811.0,1889,5902.030000000001,28.758279170233823
753,20509.739999999998,17044.44,1026.0,1236,3465.2999999999993,16.895874838003795
3510,20503.05,6997.85,2095.0,809,13505.199999999999,65.86922433491603
19394,20501.25,13274.099999999999,675.0,686,7227.1500000000015,35.25224071702945
8077,20499.48,14028.84,2052.0,2051,6470.639999999999,31.564898231564896
6296,20487.7,13787.88,2630.0,2582,6699.8200000000015,32.70166978235722
19329,20472.530000000002,20162.16,447.0,683,310.3700000000026,1.516031482186142
16971,20447.39,9926.48,1361.0,1336,10520.91,51.45355959856002
15392,20423.7,12900.960000000001,2530.0,2601,7522.74,36.83338474419424
16329,20377.08,11940.199999999999,1292.0,1315,8436.880000000003,41.40377325897529
5490,20366.28,17109.12,20572.0,22512,3257.16,15.992905920963473
2189,20347.129999999997,14694.03,787.0,741,5653.099999999997,27.783279509198582
13581,20345.93,16124.57,407.0,487,4221.360000000001,20.747933370457876
43685,20320.420000000002,14484.96,1458.0,1512,5835.460000000003,28.717221396014462
38180,20317.71,12604.75,3229.0,3175,7712.959999999999,37.961758485577356
40136,20299.77,15843.34,423.0,482,4456.43,21.953105872628115
39923,20291.98,13348.9,2002.0,2038,6943.08,34.21588233380873
14194,20286.66,15453.0,534.0,606,4833.66,23.82679061018423
100,20268.760000000002,18043.5,124.0,150,2225.260000000002,10.978767324690814
23153,20259.68,12431.3,1432.0,2065,7828.380000000001,38.64019569904362
13636,20242.489999999998,15100.25,1051.0,1445,5142.239999999998,25.403198914758008
40667,20217.84,16262.6,1616.0,1891,3955.24,19.563118513154716
5359,20213.26,13623.12,1074.0,954,6590.139999999998,32.603053639046834
8231,20209.1,13349.6,1490.0,1480,6859.499999999998,33.9426298053847
18758,20190.87,12399.26,1813.0,1873,7791.609999999999,38.58976854390128
2219,20158.7,17334.0,10130.0,11556,2824.7000000000007,14.012312301884549
41927,20154.56,12585.78,1344.0,1377,7568.780000000001,37.55368512138196
6879,20146.5,7648.64,20350.0,10336,12497.86,62.03489439853076
19668,20145.2,13066.53,1984.0,2001,7078.67,35.13824633163235
2920,20111.010000000002,9414.6,399.0,204,10696.410000000002,53.186836464205435
13766,20068.85,13940.58,1615.0,1698,6128.269999999999,30.536229031558854
23479,20047.04,7923.6,1996.0,1278,12123.44,60.474962887289095
18860,20033.19,12927.14,3381.0,3349,7106.049999999999,35.471385236200526
11153,20029.719999999998,13657.199999999999,2228.0,2280,6372.519999999999,31.815322430867727
555,20027.48,12907.619999999999,652.0,594,7119.860000000001,35.55045367664829
46453,20022.78,18185.73,1922.0,2481,1837.0499999999993,9.174799902910582
46628,19984.26,13606.5,1374.0,1410,6377.759999999998,31.91391625209039
18787,19948.06,12215.970000000001,1794.0,1773,7732.09,38.76111260944673
26606,19934.72,19035.170000000002,3328.0,4609,899.5499999999993,4.512478730576598
35605,19925.24,12034.62,1776.0,1807,7890.620000000001,39.601129020277796
5629,19921.84,1607.58,2216.0,229,18314.260000000002,91.93056464663908
3268,19878.63,11750.2,1987.0,1540,8128.43,40.8902927415018
19452,19851.07,15034.9,1993.0,2510,4816.17,24.261513359229504
38651,19843.88,13691.48,1212.0,1276,6152.4000000000015,31.004017359508328
20400,19842.03,13102.439999999999,1397.0,1443,6739.59,33.96623228570868
25753,19839.17,15611.57,2483.0,2929,4227.5999999999985,21.309359212104127
15255,19802.370000000003,13576.88,4963.0,5066,6225.490000000003,31.438105640890473
2535,19798.9,14202.62,110.0,101,5596.280000000001,28.265610715746835
1240,19790.38,15493.8,562.0,620,4296.580000000002,21.710447197072526
7127,19785.81,10232.24,419.0,332,9553.570000000002,48.28495775507801
12116,19779.2,14295.779999999999,1796.0,1847,5483.420000000002,27.723163727552187
34947,19764.86,11498.68,1814.0,1831,8266.18,41.82260840704159
33960,19738.41,12073.6,1259.0,1232,7664.8099999999995,38.8319525230249
37601,19711.97,12153.2,1303.0,1321,7558.77,38.34609123289047
45876,19671.64,12263.24,1236.0,1186,7408.4,37.66030691899608
44828,19646.14,11919.6,1386.0,1386,7726.539999999999,39.3285398556663
6314,19627.63,12918.06,1637.0,1669,6709.5700000000015,34.18431058665769
12113,19623.44,12992.24,2456.0,2456,6631.199999999999,33.79224030037547
23389,19611.28,11234.76,1672.0,1492,8376.519999999999,42.712765306497076
17308,19610.92,13546.81,908.0,893,6064.109999999999,30.922108702702367
24018,19604.7,12470.01,530.0,499,7134.6900000000005,36.39275275826715
18332,19595.37,12002.76,1463.0,1386,7592.609999999999,38.74695910309425
2940,19545.8,14178.24,220.0,216,5367.5599999999995,27.46144951856665
28122,19517.46,12223.68,854.0,856,7293.779999999999,37.37053899431586
5633,19516.98,13897.52,1302.0,1196,5619.459999999999,28.792671817053662
2050,19502.42,10566.93,258.0,213,8935.489999999998,45.817339591701945
19120,19497.44,12149.55,1456.0,1421,7347.889999999999,37.686434731944296
6566,19490.49,10260.88,1951.0,1757,9229.610000000002,47.35442772346925
2868,19488.16,12400.5,184.0,175,7087.66,36.36905690429471
10702,19482.18,13089.3,1582.0,1626,6392.880000000001,32.813986935753604
21883,19474.14,12815.6,2786.0,2786,6658.539999999999,34.19170243204578
18879,19472.01,13276.71,1299.0,1329,6195.299999999999,31.81643805647183
25515,19463.64,13324.92,2436.0,2436,6138.719999999999,31.53942428035044
13744,19463.35,13079.07,2165.0,2169,6384.279999999999,32.80154752393601
24703,19432.84,9906.06,616.0,642,9526.78,49.02412616992679
8567,19428.2,11940.75,1780.0,1769,7487.450000000001,38.539082364809914
29427,19427.1,13396.96,290.0,296,6030.139999999999,31.039836105234443
37735,19403.08,13052.759999999998,1692.0,1722,6350.320000000003,32.728412190229605
41030,19402.579999999998,12055.79,1142.0,1093,7346.789999999997,37.86501588963941
11227,19401.76,11860.87,1224.0,1219,7540.889999999998,38.86704092824568
15139,19375.47,12420.9,1853.0,1865,6954.5700000000015,35.8936841274044
23438,19365.28,13851.0,1472.0,1620,5514.279999999999,28.475085307312874
13558,19355.44,13982.76,356.0,428,5372.6799999999985,27.757984318620494
2611,19294.850000000002,18875.28,415.0,472,419.57000000000335,2.1745180708842167
13933,19292.54,12860.16,2146.0,2176,6432.380000000001,33.341281137683275
20693,19290.35,2012.48,965.0,152,17277.87,89.5674262001467
35130,19281.55,12513.210000000001,2245.0,2271,6768.339999999998,35.10267587408688
12155,19265.56,11678.1,1744.0,1743,7587.460000000001,39.38354244569066
7909,19236.05,17184.0,395.0,400,2052.0499999999993,10.667730641165933
8470,19234.26,16076.32,6894.0,7729,3157.9399999999987,16.418307748777437
18744,19209.66,16744.22,1134.0,2209,2465.4399999999987,12.834376037889264
21799,19199.88,11034.400000000001,12.0,10,8165.48,42.52880747171336
3162,19177.29,12502.0,19371.0,16450,6675.290000000001,34.808307117429
20791,19175.52,11901.6,2148.0,2204,7273.92,37.933365040426544
485,19147.26,15210.960000000001,1474.0,1464,3936.2999999999975,20.55803284647515
8895,19145.84,12050.109999999999,1016.0,971,7095.730000000001,37.06147131700673
25723,19144.19,14894.72,2181.0,2738,4249.469999999999,22.197178360641008
24497,19121.41,12652.2,1559.0,1562,6469.209999999999,33.832285380628306
2684,19120.8,10559.24,420.0,277,8561.56,44.77615999330572
3321,19118.82,14241.15,2058.0,2055,4877.67,25.512400869928165
13949,19098.35,12255.42,265.0,314,6842.9299999999985,35.82995389654079
4833,19081.81,11491.480000000001,1319.0,1066,7590.33,39.77783030016544
90089,19078.41,2493.44,159.0,32,16584.97,86.93056706507514
22531,19073.77,9474.08,2123.0,1538,9599.69,50.32927418124472
6585,19040.170000000002,11783.199999999999,2383.0,2288,7256.970000000003,38.11399793174117
14684,19036.02,13823.199999999999,398.0,467,5212.8200000000015,27.383980474910203
24294,19030.48,13538.14,952.0,1043,5492.34,28.86075390636495
15264,18987.82,14775.039999999999,1618.0,1552,4212.780000000001,22.186749189743747
2615,18985.600000000002,15229.82,5440.0,5926,3755.7800000000025,19.782256025619425
42386,18975.149999999998,12967.06,2235.0,2291,6008.089999999998,31.66293810589112
6322,18972.02,12288.960000000001,1498.0,1506,6683.0599999999995,35.22587473553159
25754,18936.3,14661.75,2370.0,2825,4274.549999999999,22.57331157617908
45392,18933.03,12776.75,997.0,1043,6156.279999999999,32.5160843245904
8965,18931.58,13947.5,342.0,350,4984.080000000002,26.326804207572753
46485,18924.62,3414.2999999999997,338.0,95,15510.32,81.95842241482259
19244,18912.289999999997,12637.29,1071.0,1047,6274.999999999996,33.17948275962349
21573,18911.62,12518.8,2538.0,2630,6392.82,33.80366145258841
1168,18904.32,9296.28,968.0,651,9608.039999999999,50.82457343083485
31561,18821.7,12621.439999999999,830.0,832,6200.260000000002,32.94208280867298
9304,18801.45,10051.62,855.0,699,8749.83,46.53805956455486
3573,18798.01,17142.51,199.0,231,1655.5,8.806783271207964
19486,18795.05,9631.44,995.0,819,9163.609999999999,48.755443587540334
1740,18790.82,12905.07,318.0,317,5885.75,31.322475549230955
423,18787.96,10058.789999999999,4.0,3,8729.17,46.461510456696736
6721,18759.16,11245.65,1084.0,1027,7513.51,40.05248635866425
2988,18757.789999999997,13105.08,721.0,708,5652.709999999997,30.135266467958104
2080,18753.32,18014.32,268.0,332,739.0,3.940635578126966
5094,18751.77,13767.16,5373.0,5137,4984.610000000001,26.582077318567798
2636,18747.219999999998,2197.35,278.0,45,16549.87,88.27906217561858
44292,18732.98,11480.6,1402.0,1370,7252.379999999999,38.71450244435215
5641,18722.510000000002,14629.8,1249.0,1318,4092.7100000000028,21.859836101035608
17297,18719.7,9984.24,1930.0,1698,8735.460000000001,46.66452988028655
60,18716.25,12084.199999999999,1775.0,1633,6632.050000000001,35.4347158218126
17611,18664.58,9150.66,1442.0,1753,9513.920000000002,50.97312663879927
23947,18640.23,12461.4,777.0,805,6178.83,33.14782060092607
15252,18633.3,12204.36,4670.0,4676,6428.939999999999,34.502423081257746
6659,18625.58,11727.45,2042.0,1971,6898.130000000001,37.03578626813233
21957,18621.61,12715.16,2539.0,2638,5906.450000000001,31.71825636988424
29489,18604.989999999998,13287.199999999999,901.0,977,5317.789999999999,28.58260068938494
24429,18596.49,3037.5,1551.0,375,15558.990000000002,83.66627250626328
25708,18592.940000000002,12257.85,506.0,561,6335.090000000002,34.072556572548514
3670,18587.81,10048.72,1219.0,836,8539.090000000002,45.939193482179995
43124,18580.98,12701.800000000001,3102.0,3098,5879.1799999999985,31.64084994440551
36511,18574.93,11258.92,1507.0,1418,7316.01,39.38647413476121
878,18561.420000000002,13666.72,1858.0,1832,4894.700000000003,26.37028848008397
2803,18556.86,14792.58,714.0,723,3764.2800000000007,20.285112890866237
24606,18554.57,9584.15,2143.0,1861,8970.42,48.34614868466367
9256,18548.11,10606.050000000001,589.0,481,7942.0599999999995,42.8187022828741
24458,18536.41,11164.92,459.0,421,7371.49,39.76762490687247
4141,18518.94,16986.75,18706.0,23925,1532.1899999999987,8.273637692006124
10062,18518.71,12952.44,2029.0,2148,5566.269999999999,30.057547204961892
2898,18507.21,11112.49,2479.0,1849,7394.719999999999,39.95588746223769
13795,18490.91,10803.75,1709.0,1675,7687.16,41.572642990528855
15900,18418.59,10378.050000000001,1641.0,1609,8040.539999999999,43.65448169485286
18875,18416.95,12040.699999999999,2305.0,2338,6376.250000000002,34.62163930509667
18449,18394.44,11048.67,2156.0,2439,7345.769999999999,39.93473027719246
13836,18379.149999999998,10172.039999999999,985.0,948,8207.109999999999,44.65445899293493
22030,18375.96,15726.56,1204.0,1732,2649.3999999999996,14.417750147475287
45332,18373.53,11640.58,2447.0,2482,6732.949999999999,36.64483634881267
27176,18362.75,11546.0,1225.0,1255,6816.75,37.12270765544376
33987,18346.51,10624.31,1717.0,1627,7722.199999999999,42.090839075115646
42172,18334.43,11635.02,1757.0,1747,6699.41,36.54005060424567
35606,18326.52,10167.25,1748.0,1675,8159.27,44.52165495686033
11337,18311.6,11824.32,640.0,678,6487.279999999999,35.4271609253151
11199,18305.57,12338.199999999999,1143.0,1259,5967.370000000001,32.59865713004294
32074,18302.91,12564.6,1409.0,1461,5738.3099999999995,31.35189977987107
37310,18300.77,11326.5,1723.0,1678,6974.27,38.10916152708329
9160,18284.31,15226.56,18469.0,21148,3057.750000000002,16.72335461387387
15290,18226.4,11004.42,2760.0,2758,7221.980000000001,39.623732607646055
253,18192.18,14361.2,3142.0,3122,3830.9799999999996,21.058388824209082
3292,18188.93,13055.04,107.0,96,5133.889999999999,28.225354652527663
24003,18187.93,9692.9,2207.0,2135,8495.03,46.70696445389883
35646,18186.42,11540.34,958.0,994,6646.079999999998,36.5441906653426
32055,18182.71,13594.470000000001,1629.0,1723,4588.239999999998,25.23408226826473
25520,18168.33,15450.51,1567.0,2137,2717.8200000000015,14.95910741383496
1019,18167.239999999998,13142.8,676.0,638,5024.439999999999,27.656595057917432
26995,18140.760000000002,15723.5,324.0,410,2417.260000000002,13.325020561431836
17235,18135.66,12058.92,1634.0,1634,6076.74,33.507134562513855
27303,18131.59,11902.74,2041.0,2014,6228.85,34.353578478225025
756,18125.07,13969.44,2593.0,2616,4155.629999999999,22.927525245419737
18835,18104.9,12150.24,1510.0,1489,5954.660000000002,32.889770172715686
24253,18073.739999999998,14409.6,1026.0,1185,3664.1399999999976,20.27328046104458
34219,18060.52,13963.82,1048.0,1249,4096.700000000001,22.68317855742803
13123,18055.83,11972.56,1317.0,1373,6083.270000000002,33.69144481311577
6361,18049.41,12209.4,2259.0,2261,5840.01,32.35568364838519
19531,18033.27,11452.86,773.0,762,6580.41,36.49038693481548
3904,17986.32,14936.98,18168.0,21038,3049.34,16.953662561324386
42735,17952.6,12465.900000000001,1540.0,1539,5486.699999999997,30.562146987065926
36843,17951.17,12566.25,1083.0,1117,5384.919999999998,29.99759904229083
15161,17948.25,12550.72,175.0,182,5397.530000000001,30.0727368963548
26739,17940.58,12576.48,442.0,456,5364.100000000002,29.899256322816775
23764,17932.94,7372.68,2206.0,1572,10560.259999999998,58.88749976300595
44921,17920.34,11614.050000000001,1166.0,1229,6306.289999999999,35.19068276606359
12140,17887.49,10762.11,1851.0,1821,7125.380000000001,39.83443177326724
165,17875.84,12003.44,616.0,596,5872.4,32.85104364326376
19451,17868.24,11183.4,1576.0,1635,6684.840000000002,37.41185477696741
4274,17864.84,10438.699999999999,516.0,470,7426.140000000001,41.56846632827387
24603,17844.05,12480.6,595.0,620,5363.449999999999,30.057358054925864
32650,17843.84,10135.08,1716.0,1692,7708.76,43.20123919515082
2299,17839.8,17278.09,18020.0,21871,561.7099999999991,3.1486339532954357
41899,17838.51,13686.07,1449.0,1667,4152.439999999999,23.27795314743215
17349,17795.28,13220.5,1272.0,1370,4574.779999999999,25.707828143193023
18768,17791.21,13142.52,1379.0,1548,4648.689999999999,26.129139052374732
25729,17754.079999999998,13951.349999999999,592.0,721,3802.7299999999996,21.418907653902654
13341,17737.53,8010.2,847.0,605,9727.329999999998,54.84038645741543
895,17728.61,13209.59,739.0,727,4519.02,25.48998483242623
13895,17722.28,11512.67,1072.0,1121,6209.609999999999,35.0384374922414
39631,17710.59,9830.08,1941.0,1807,7880.51,44.4960331643384
13552,17706.15,11197.16,385.0,353,6508.990000000002,36.76118184924448
40786,17703.19,11711.0,1181.0,1195,5992.189999999999,33.84808048718902
32900,17702.41,11058.16,159.0,188,6644.25,37.53302516437028
3047,17696.829999999998,15319.47,717.0,739,2377.3599999999988,13.433818373121056
20251,17683.7,16104.61,830.0,1037,1579.0900000000001,8.929635766270634
45845,17680.11,8954.4,989.0,840,8725.710000000001,49.35325628630139
23660,17679.39,11268.9,1361.0,1318,6410.49,36.2596786427586
23415,17671.69,7702.45,2231.0,2611,9969.239999999998,56.41361975000693
21813,17660.73,11901.89,3687.0,3731,5758.84,32.608165121147316
24593,17647.579999999998,12054.7,942.0,1190,5592.879999999997,31.69205069476947
8676,17622.649999999998,10628.15,235.0,197,6994.499999999998,39.69039843610353
33055,17601.99,11833.36,1901.0,1921,5768.630000000001,32.77260127974167
20063,17599.92,10198.650000000001,8.0,7,7401.269999999997,42.05286160391637
3565,17597.670000000002,5299.92,533.0,204,12297.750000000002,69.88283107934176
8787,17597.53,8736.800000000001,1247.0,1304,8860.729999999998,50.35212328093771
41062,17574.28,11540.789999999999,972.0,969,6033.49,34.33136378844539
42642,17537.03,10467.75,1397.0,1275,7069.279999999999,40.31058850900067
7413,17527.56,10520.13,2044.0,2027,7007.430000000002,39.97949514935337
19799,17526.77,10557.69,323.0,321,6969.08,39.762489038196996
5643,17508.32,13034.070000000002,1168.0,1217,4474.249999999998,25.55499328319335
998,17507.239999999998,13493.79,676.0,729,4013.449999999997,22.92451580032031
26947,17467.8,11030.88,820.0,804,6436.92,36.850204376051934
27331,17464.79,11053.890000000001,1421.0,1401,6410.9,36.70756991638605
26374,17448.23,12814.8,277.0,295,4633.43,26.55530102480309
40658,17413.969999999998,11851.58,603.0,577,5562.389999999998,31.942113142494204
4959,17399.25,10718.16,17575.0,15096,6681.09,38.398724082934606
15837,17389.05,9468.0,1795.0,1800,7921.049999999999,45.55194217050385
13487,17381.26,11679.36,974.0,948,5701.899999999998,32.804871453507964
8443,17376.649999999998,11951.1,985.0,813,5425.549999999997,31.223221967410282
19895,17372.57,9874.95,1643.0,1531,7497.619999999999,43.15780566720985
25503,17368.05,12541.44,695.0,768,4826.609999999999,27.790166426282738
25901,17352.63,14035.2,1737.0,2176,3317.4300000000003,19.117736043470067
689,17345.39,11911.25,1461.0,1625,5434.139999999999,31.329015951788918
26098,17344.15,17055.719999999998,1185.0,1314,288.43000000000393,1.6629814663734106
8907,17328.21,11551.85,2479.0,2495,5776.359999999999,33.33500690492555
72,17325.31,11932.27,469.0,457,5393.040000000001,31.128101026763737
25710,17312.78,17229.34,2272.0,2273,83.43999999999869,0.48195610410343515
17981,17293.059999999998,9963.039999999999,894.0,853,7330.019999999999,42.387061630503794
20921,17287.42,10360.16,858.0,887,6927.259999999998,40.07110372745036
6563,17275.77,10137.82,2223.0,2233,7137.950000000001,41.31769524600061
16891,17203.76,11888.08,1424.0,1448,5315.6799999999985,30.89836175347714
860,17188.36,14020.050000000001,1564.0,1595,3168.3099999999995,18.43288132201094
20405,17170.99,12001.2,1101.0,1095,5169.790000000001,30.107699090151474
1076,17135.91,13208.8,17309.0,17380,3927.1100000000006,22.917428954750584
35670,17100.15,11031.65,1585.0,1505,6068.500000000002,35.48799279538484
18369,17058.65,11829.519999999999,2135.0,2207,5229.130000000003,30.653832513123852
28736,17053.53,11418.5,2847.0,2785,5635.029999999999,33.043188125860155
8351,17023.510000000002,12356.960000000001,1549.0,1496,4666.550000000001,27.412384402511584
32969,17023.14,10355.67,1586.0,1503,6667.469999999999,39.16709843189917
10715,17018.14,11260.480000000001,1186.0,1232,5757.659999999998,33.83248698153851
34647,16993.57,10140.35,1893.0,1969,6853.219999999999,40.32831241463683
46310,16992.21,10516.16,2279.0,2228,6476.049999999999,38.11187597140101
24398,16990.0,11844.6,1000.0,1039,5145.4,30.28487345497351
27932,16979.85,11162.69,915.0,931,5817.159999999998,34.25919545814597
13498,16978.73,9926.720000000001,2127.0,2144,7052.009999999998,41.53437860193311
44780,16976.629999999997,9907.2,737.0,768,7069.429999999997,41.642128031299485
14632,16964.16,10944.36,284.0,303,6019.799999999999,35.48539980759436
3137,16946.82,10636.960000000001,17118.0,13996,6309.859999999999,37.233298046477145
25502,16943.219999999998,13379.0,678.0,787,3564.2199999999975,21.036261112114452
13709,16939.61,11164.5,1639.0,1654,5775.110000000001,34.09234333021835
90087,16919.64,4668.75,36.0,15,12250.89,72.4063277942084
24798,16918.53,11229.2,1247.0,1340,5689.329999999998,33.62780336116671
21369,16914.7,11143.800000000001,730.0,755,5770.9,34.1176609694526
17209,16901.54,10996.910000000002,1046.0,997,5904.629999999999,34.93545558570402
24663,16901.43,13895.55,1057.0,1269,3005.880000000001,17.784767324421665
43020,16872.82,13235.57,118.0,137,3637.25,21.556858900883196
1860,16857.43,11352.9,257.0,246,5504.530000000001,32.65343531012735
34014,16851.19,9978.9,281.0,290,6872.289999999999,40.78222368865344
5822,16820.54,14645.279999999999,2246.0,2347,2175.260000000002,12.93216507912351
2859,16814.16,1513.98,784.0,117,15300.18,90.9958035370188
2969,16799.86,7883.19,14.0,9,8916.670000000002,53.075858965491385
9066,16794.75,1929.18,525.0,79,14865.57,88.51319608806322
30713,16782.78,6260.8,822.0,560,10521.98,62.69509580653503
32136,16781.27,7205.450000000001,373.0,245,9575.82,57.06254651763544
20762,16741.079999999998,11004.75,892.0,1005,5736.329999999998,34.26499365632324
29646,16722.11,9274.86,1289.0,1299,7447.25,44.53534870898469
14329,16712.44,10165.2,1156.0,1182,6547.239999999998,39.17584745255629
34971,16667.82,10812.34,618.0,649,5855.48,35.13044897293107
23919,16666.09,10254.67,691.0,733,6411.42,38.469851056846565
20160,16653.34,11204.57,1066.0,1091,5448.77,32.71878193803766
9129,16651.63,13017.6,3337.0,3390,3634.0300000000007,21.823869495058446
8728,16649.73,9601.2,1027.0,1016,7048.529999999999,42.334200014054275
24755,16640.67,4159.86,1233.0,534,12480.809999999998,75.00184788232684
23241,16640.6,10167.4,1790.0,1753,6473.199999999999,38.90003966203142
5990,16638.52,7439.04,412.0,189,9199.48,55.29025418126131
46070,16636.37,10572.8,1263.0,1180,6063.57,36.44767458285671
28984,16614.829999999998,11641.599999999999,817.0,856,4973.23,29.93247598681419
28223,16602.11,10753.68,989.0,1036,5848.43,35.22702837169492
2933,16593.72,7581.6,328.0,195,9012.12,54.31042587195638
585,16584.47,13079.000000000002,553.0,580,3505.4699999999993,21.137063771106337
33210,16580.97,11537.4,1953.0,2010,5043.5700000000015,30.41782235900554
18593,16563.420000000002,11407.91,1658.0,1747,5155.510000000002,31.1258785927061
44138,16546.010000000002,10541.56,1299.0,1249,6004.450000000003,36.289413580675955
7489,16537.95,14911.5,16705.0,19882,1626.4500000000007,9.834653025314507
24647,16499.45,14709.04,55.0,76,1790.4099999999999,10.851331408016629
20748,16496.7,965.4399999999999,330.0,28,15531.26,94.14767802045257
46582,16481.84,10643.039999999999,1316.0,1556,5838.800000000001,35.42565635875607
22416,16461.83,10324.6,1017.0,988,6137.230000000001,37.28157805055696
20552,16454.27,9838.66,1073.0,1027,6615.610000000001,40.2060377032831
1932,16441.920000000002,12667.11,16608.0,17841,3774.8100000000013,22.95845010801659
42401,16439.89,10178.1,1611.0,1578,6261.789999999999,38.08900181205592
18884,16431.53,9437.92,947.0,976,6993.609999999999,42.562135114624134
4897,16424.420000000002,14015.44,3658.0,4273,2408.9800000000014,14.667062824745111
39983,16417.9,10367.460000000001,1310.0,1314,6050.4400000000005,36.85270345172037
3562,16417.170000000002,6640.4800000000005,16583.0,8624,9776.690000000002,59.55161577787159
45333,16413.15,9758.0,1985.0,2050,6655.1500000000015,40.547670617766855
803,16410.0,12896.0,1250.0,1300,3514.0,21.41377209018891
36153,16405.24,12454.0,1276.0,1300,3951.2400000000016,24.08523130414429
19127,16394.82,12099.75,1018.0,1105,4295.07,26.197725867072645
25817,16391.81,10585.08,319.0,324,5806.730000000001,35.424580934015225
4111,16374.6,15465.039999999999,16540.0,19576,909.5600000000013,5.554700572838429
25517,16366.09,14770.28,1491.0,1498,1595.8099999999995,9.750710157404727
44708,16351.84,9359.789999999999,1216.0,1243,6992.050000000001,42.76001966751143
2815,16349.08,10020.789999999999,292.0,247,6328.290000000001,38.70731564100244
41633,16338.37,10044.800000000001,1163.0,1168,6293.57,38.520182857898305
33446,16309.97,10848.32,2593.0,2672,5461.65,33.486572936676154
6717,16299.8,15703.500000000002,820.0,950,596.2999999999975,3.658327096037973
21271,16298.72,10699.6,1128.0,1163,5599.119999999999,34.35312711673063
14920,16273.27,8953.28,1173.0,1142,7319.99,44.98167854401727
6624,16252.050000000001,6324.01,395.0,191,9928.04,61.087924292627704
23820,16243.5,4175.08,650.0,259,12068.42,74.29691876750701
2923,16237.82,9403.68,218.0,176,6834.139999999999,42.08779257314097
26431,16233.81,14522.119999999999,1219.0,1654,1711.6900000000005,10.543981973424604
25125,16224.51,12619.8,1299.0,1476,3604.710000000001,22.217681766660448
16703,16219.7,10232.51,1530.0,1567,5987.1900000000005,36.9130748410883
33684,16215.179999999998,9060.960000000001,882.0,878,7154.2199999999975,44.12050930054429
14130,16198.86,9715.0,1714.0,1675,6483.860000000001,40.02664385024625
26134,16194.9,10106.550000000001,1710.0,1665,6088.3499999999985,37.59424263193968
28239,16169.61,9798.3,1239.0,1146,6371.310000000001,39.40299116676284
14062,16168.890000000001,7781.4,311.0,220,8387.490000000002,51.87424739731671
21526,16160.75,11128.86,1625.0,1671,5031.889999999999,31.1364880961589
32508,16160.679999999998,8311.050000000001,732.0,759,7849.629999999997,48.57239918122256
46785,16159.9,11356.679999999998,1910.0,1938,4803.220000000001,29.723079969554274
46189,16157.489999999998,10480.25,951.0,925,5677.239999999998,35.13689316843148
21311,16155.960000000001,7058.92,404.0,263,9097.04,56.30764126675233
24971,16149.82,9980.199999999999,1318.0,1390,6169.620000000001,38.20240720949212
22919,16141.499999999998,5168.0,850.0,400,10973.499999999998,67.98314902580304
17596,16101.92,9995.4,1308.0,1234,6106.52,37.924173017876136
25557,16100.75,10887.8,1025.0,1111,5212.950000000001,32.37706318028663
2614,16094.11,13187.199999999999,289.0,320,2906.9100000000017,18.06194937154028
18535,16066.259999999998,11041.92,574.0,576,5024.339999999998,31.27261727371522
21510,16064.55,10314.92,1445.0,1379,5749.629999999999,35.79079401539414
17101,16062.4,10892.699999999999,860.0,855,5169.700000000001,32.18510309791812
15979,16055.64,11875.08,1236.0,1407,4180.5599999999995,26.037953018378584
2949,16053.369999999999,11679.76,163.0,166,4373.609999999999,27.24418611170115
15292,16039.95,9520.25,2705.0,2825,6519.700000000001,40.64663543215534
14437,16033.13,13221.76,887.0,1132,2811.369999999999,17.53475459875894
29112,16026.65,11871.439999999999,535.0,602,4155.210000000001,25.92687804375837
4326,16023.679999999998,11458.56,732.0,512,4565.119999999999,28.489835044134676
20674,15993.599999999999,11406.26,640.0,662,4587.339999999998,28.682347939175663
8986,15962.44,11923.84,956.0,992,4038.6000000000004,25.300643260052976
7219,15958.53,1431.6200000000001,347.0,47,14526.91,91.02912360975604
25264,15952.09,4272.32,491.0,208,11679.77,73.21780406203827
21098,15928.97,10496.25,1103.0,1125,5432.719999999999,34.1059089194091
18817,15925.05,4859.0,1195.0,565,11066.05,69.48832185770218
43615,15924.66,10277.12,834.0,868,5647.539999999999,35.464116659319565
2086,15918.009999999998,4823.24,199.0,82,11094.769999999999,69.69947876650411
46694,15902.9,12284.3,610.0,763,3618.6000000000004,22.75434040332267
7383,15872.06,13876.8,794.0,944,1995.2600000000002,12.570895019298064
23275,15844.43,11159.66,1457.0,1574,4684.77,29.567299044522272
1733,15824.759999999998,13050.57,924.0,921,2774.1899999999987,17.53069240860524
3783,15822.49,7843.5,7951.0,5229,7978.99,50.42815637740963
40483,15815.74,10628.4,1026.0,1042,5187.34,32.79859178261656
25581,15790.38,8655.82,1762.0,1426,7134.5599999999995,45.182953165154984
8152,15779.89,5118.679999999999,1511.0,707,10661.21,67.56200455136252
16203,15751.23,14131.39,2017.0,2051,1619.8400000000001,10.283895289447239
16727,15738.75,10589.55,1125.0,1135,5149.200000000001,32.71670240648083
43489,15735.49,9515.1,1251.0,1182,6220.389999999999,39.530958362275335
34998,15712.669999999998,9540.7,933.0,895,6171.9699999999975,39.28021144719515
143,15709.76,12427.8,424.0,420,3281.960000000001,20.89121667040108
1004,15708.97,6922.5,703.0,650,8786.47,55.93282054775074
25647,15708.66,9944.22,834.0,741,5764.4400000000005,36.69593714549809
23886,15702.33,11919.6,1467.0,1848,3782.7299999999996,24.090246479344145
32805,15694.289999999999,8430.76,571.0,523,7263.529999999999,46.28135455633864
5286,15692.67,11532.48,3933.0,3936,4160.1900000000005,26.51040262746875
20800,15615.73,10220.0,1727.0,1750,5395.73,34.55317170570956
23996,15612.189999999999,11210.1,781.0,869,4402.089999999998,28.196492612503427
3757,15596.619999999999,3590.58,538.0,166,12006.039999999999,76.9784735410621
4044,15592.14,5983.64,1286.0,622,9608.5,61.6239977321907
1296,15573.23,11783.199999999999,577.0,572,3790.0300000000007,24.336826721238953
24560,15565.29,14009.4,1371.0,1629,1555.8900000000012,9.995894711887804
6734,15552.62,9962.15,1538.0,1535,5590.470000000001,35.94551914725622
1390,15549.79,12339.36,421.0,456,3210.4300000000003,20.646130912378883
20509,15534.53,10045.36,1247.0,1352,5489.17,35.33528211024086
15651,15500.92,11563.06,1108.0,1207,3937.8600000000006,25.40404053436829
25693,15494.88,13836.41,912.0,1259,1658.4699999999993,10.703342007166235
25126,15494.49,11770.359999999999,1551.0,1778,3724.130000000001,24.03518928341624
25838,15493.279999999999,10516.58,772.0,842,4976.699999999999,32.12166823293711
18534,15478.47,11198.84,553.0,596,4279.629999999999,27.648921372719652
344,15472.259999999998,13158.64,774.0,836,2313.619999999999,14.953342304227043
19336,15469.230000000001,10815.61,3877.0,3991,4653.620000000001,30.083074593887353
37217,15451.210000000001,9015.06,1079.0,1041,6436.1500000000015,41.65466652773473
42884,15448.970000000001,14110.2,103.0,195,1338.7700000000004,8.665755710574881
39449,15441.13,6908.8,1267.0,1270,8532.329999999998,55.2571605834547
1895,15433.92,11042.460000000001,2208.0,2178,4391.459999999999,28.45330285501026
21784,15432.12,10080.24,1188.0,1164,5351.880000000001,34.680134680134685
37817,15423.19,10634.48,1181.0,1228,4788.710000000001,31.048764879379693
3568,15422.22,5496.82,15578.0,6958,9925.4,64.3577902532839
31501,15420.57,11302.53,1431.0,1501,4118.039999999999,26.70484943163579
5536,15403.619999999999,12407.35,10338.0,10789,2996.2699999999986,19.45172628252319
26239,15381.9,10630.1,810.0,845,4751.799999999999,30.892152464910055
17186,15379.94,9628.56,1006.0,1032,5751.380000000001,37.39533444213697
7818,15360.84,9913.12,2616.0,2672,5447.719999999999,35.464987591824396
8412,15346.93,11427.199999999999,307.0,320,3919.7300000000014,25.540808487430393
25715,15336.82,9600.960000000001,518.0,584,5735.859999999999,37.3992783380127
2097,15318.029999999999,12073.67,797.0,997,3244.3599999999988,21.18000813420524
23632,15302.43,8482.16,957.0,916,6820.27,44.56984936379386
29400,15291.73,9217.619999999999,727.0,738,6074.110000000001,39.72153575821703
22170,15273.65,9541.1,735.0,730,5732.549999999999,37.53228599581632
775,15265.83,11199.36,2427.0,2456,4066.4699999999993,26.63772621600004
10750,15262.5,10416.21,550.0,579,4846.290000000001,31.75292383292384
21218,15260.82,9295.52,518.0,533,5965.299999999999,39.088987354545814
36154,15244.119999999999,9995.0,488.0,500,5249.119999999999,34.433735761723206
44106,15242.94,11161.519999999999,1006.0,1132,4081.420000000002,26.77580571726978
18097,15220.23,2592.99,177.0,47,12627.24,82.9635294604615
42678,15215.37,9746.91,2863.0,2927,5468.460000000001,35.940368193478044
2543,15213.39,10748.41,661.0,569,4464.98,29.34901425652008
17394,15199.81,9869.93,19.0,19,5329.879999999999,35.06543831797897
22757,15193.79,6854.04,1921.0,1422,8339.75,54.88920144348447
2153,15174.81,2194.52,1519.0,332,12980.289999999999,85.53840212826388
25995,15163.07,9519.93,1493.0,1449,5643.139999999999,37.216342073208125
5838,15159.74,8300.25,676.0,465,6859.49,45.24807153684694
19340,15158.789999999999,10533.66,1021.0,1257,4625.129999999999,30.511208348423587
29691,15150.86,10020.28,1214.0,1262,5130.58,33.863292248756835
13576,15145.87,10471.880000000001,2263.0,2692,4673.99,30.859831756115693
39716,15124.01,9520.199999999999,1799.0,1763,5603.810000000001,37.05240871964513
2637,15122.44,6611.28,356.0,169,8511.16,56.281658250917175
23379,15119.39,10554.789999999999,1261.0,1321,4564.6,30.190371436942897
26943,15096.98,4204.97,302.0,127,10892.009999999998,72.14694594548048
21144,15096.05,10004.49,795.0,801,5091.5599999999995,33.72776322282981
25417,15061.929999999998,8176.0,707.0,700,6885.9299999999985,45.717447896783476
23360,15057.86,8950.48,1414.0,1453,6107.380000000001,40.559415481349944
6724,15056.52,8713.66,1948.0,1882,6342.860000000001,42.12699880184797
17458,15053.0,9485.19,1600.0,1573,5567.8099999999995,36.988042250714145
19887,15046.99,870.75,301.0,27,14176.24,94.2131283399537
45035,15043.78,9399.57,422.0,411,5644.210000000001,37.51856248894892
33573,15034.97,10307.34,1003.0,1038,4727.629999999999,31.444226360278734
26990,15034.87,9771.84,3013.0,3016,5263.030000000001,35.005490569589234
6236,15032.07,8501.9,1393.0,1310,6530.17,43.441588550346026
20912,15029.99,8694.0,601.0,552,6335.99,42.15565013682644
19356,14994.98,8979.25,802.0,733,6015.73,40.11829292203124
36570,14982.779999999999,10433.44,222.0,244,4549.339999999998,30.36379096536156
11149,14950.23,14805.84,977.0,1259,144.38999999999942,0.9658045394619308
5381,14944.05,9366.63,15095.0,12831,5577.42,37.32201110140825
13981,14932.98,8316.06,1702.0,1581,6616.92,44.31078056757593
2762,14928.2,4195.1900000000005,380.0,103,10733.01,71.89754960410498
6932,14927.08,9735.6,2492.0,2440,5191.48,34.77893868057249
12946,14912.14,9283.41,1486.0,1413,5628.73,37.74595732067966
3900,14894.4,10564.8,560.0,355,4329.6,29.06864324846923
17350,14885.36,11236.050000000001,1064.0,1189,3649.3099999999995,24.51610172679733
26717,14885.1,11888.1,1490.0,1785,2997.0,20.13422818791946
5014,14881.710000000001,7191.360000000001,2129.0,1816,7690.35,51.67652104496055
20406,14858.74,10335.95,726.0,755,4522.789999999999,30.438583621491453
5339,14818.32,14208.1,4608.0,6046,610.2199999999993,4.118010678673421
2704,14811.39,7618.26,14961.0,9767,7193.129999999999,48.564854480234466
25292,14807.65,9941.75,1235.0,1235,4865.9,32.860717264386984
10469,14806.589999999998,8452.08,841.0,819,6354.509999999998,42.916768817128045
25386,14797.04,7085.54,296.0,214,7711.500000000001,52.11515276028179
38416,14795.66,10418.49,1234.0,1269,4377.17,29.584148324576258
5656,14794.21,6668.839999999999,9929.0,5749,8125.37,54.92263527420525
16370,14789.49,239.36,1851.0,44,14550.13,98.38155338689839
35319,14781.48,10249.26,852.0,1061,4532.219999999999,30.66147638802068
38197,14777.74,10287.9,1226.0,1278,4489.84,30.382453609279903
26379,14762.79,9933.84,321.0,324,4828.950000000001,32.71028037383178
20948,14757.65,11589.28,185.0,226,3168.369999999999,21.46933963063224
6145,14731.710000000001,8848.95,1829.0,1705,5882.76,39.93263511160619
2793,14707.5,9930.04,700.0,578,4777.459999999999,32.483154852966166
13081,14683.34,9821.25,466.0,485,4862.09,33.11297020977516
21338,14652.67,9553.279999999999,733.0,736,5099.390000000001,34.801780153378196
23388,14639.85,7695.0,1215.0,1125,6944.85,47.43798604493898
13956,14631.92,9192.2,1108.0,1180,5439.719999999999,37.17707587247606
1127,14627.8,11834.31,1220.0,1263,2793.49,19.09713012209628
33278,14627.8,9347.84,1720.0,1744,5279.959999999999,36.09538002980626
13433,14624.21,9753.03,779.0,791,4871.1799999999985,33.30901293129679
10603,14619.44,9330.98,1256.0,1231,5288.460000000001,36.174162621824095
4121,14610.779999999999,11549.199999999999,522.0,520,3061.58,20.954254324546675
8425,14610.269999999999,8373.84,773.0,552,6236.4299999999985,42.68524811656457
10205,14598.63,9650.32,537.0,568,4948.3099999999995,33.89571487187496
41589,14597.08,12908.48,292.0,377,1688.6000000000004,11.56806703806515
42953,14593.65,10253.4,635.0,690,4340.25,29.74067488256879
6481,14568.77,10474.42,923.0,1034,4094.3500000000004,28.103607922974966
23220,14535.01,9543.42,1199.0,1233,4991.59,34.3418408380868
1195,14530.23,10893.54,14677.0,14721,3636.6899999999987,25.028440706031486
18014,14523.109999999999,8799.199999999999,689.0,647,5723.91,39.41242612635999
6783,14503.35,8581.12,1065.0,1024,5922.23,40.833531563397415
90011,14499.0,5117.04,100.0,54,9381.96,64.70763500931098
36579,14471.84,9486.4,2416.0,2420,4985.4400000000005,34.44924764231777
4124,14463.9,12717.36,14610.0,17663,1746.539999999999,12.075166448883074
23074,14452.269999999999,2874.9,723.0,210,11577.369999999999,80.1076232315062
26499,14445.97,10122.48,803.0,827,4323.49,29.928692915740513
15575,14428.95,2487.2400000000002,1605.0,423,11941.710000000001,82.76215525038205
43784,14427.16,11513.76,834.0,996,2913.3999999999996,20.193856587159217
37527,14409.57,8773.96,1343.0,1222,5635.610000000001,39.11018857606439
1399,14404.2,5617.62,380.0,202,8786.580000000002,61.0001249635523
425,14399.82,5581.349999999999,18.0,9,8818.470000000001,61.24014050175628
16264,14398.199999999999,11487.52,180.0,214,2910.6799999999985,20.215582503368466
20180,14395.84,9756.15,1016.0,1011,4639.6900000000005,32.22938015426679
16782,14394.130000000001,8820.0,387.0,360,5574.130000000001,38.725021936025314
21672,14391.999999999998,9324.59,800.0,823,5067.409999999998,35.20990828237909
13363,14389.249999999998,11782.0,825.0,1075,2607.249999999998,18.119429435168605
39774,14383.82,10612.46,518.0,586,3771.3600000000006,26.219460477119434
350,14372.769999999999,10805.7,623.0,597,3567.069999999998,24.81825006592326
5317,14370.72,10826.46,4368.0,4401,3544.26,24.66306489862721
8075,14355.630000000001,9645.75,1437.0,1429,4709.880000000001,32.80859147247457
24498,14354.38,10045.85,562.0,607,4308.529999999999,30.015437796686438
22291,14348.199999999999,8014.200000000001,780.0,703,6333.999999999998,44.14491016294726
6648,14334.22,8487.199999999999,1778.0,1648,5847.02,40.79063946276813
41605,14332.71,8535.12,229.0,212,5797.589999999998,40.450061432904164
22087,14328.6,11542.23,940.0,837,2786.370000000001,19.44621247016457
25005,14320.039999999999,10395.199999999999,796.0,890,3924.84,27.40802399993296
2689,14318.46,1678.08,754.0,114,12640.38,88.28030388742924
25282,14312.419999999998,11553.25,758.0,925,2759.1699999999983,19.278151423728474
24772,14312.4,10694.039999999999,1060.0,1218,3618.3600000000006,25.28129454179593
23895,14310.78,9196.199999999999,1722.0,1703,5114.580000000002,35.7393517334485
45276,14299.92,7350.72,1708.0,1612,6949.2,48.596076061963984
13451,14288.09,9772.699999999999,1191.0,1214,4515.390000000001,31.602474508489248
24098,14266.59,9417.86,2041.0,2021,4848.73,33.986607871958185
19419,14227.1,10155.08,1390.0,1534,4072.0200000000004,28.621574319432636
17145,14218.88,9895.36,812.0,856,4323.519999999999,30.406895620470802
23231,14217.48,4533.5199999999995,252.0,122,9683.96,68.1130551968422
5106,14208.15,8625.119999999999,1185.0,906,5583.030000000001,39.29455981250199
19755,14206.15,7601.490000000001,1385.0,1157,6604.659999999999,46.491554713979504
2349,14188.58,10123.2,142.0,144,4065.379999999999,28.652479670270033
16458,14163.3,9405.0,1070.0,1100,4758.299999999999,33.59598398678274
21836,14156.89,9994.95,611.0,665,4161.939999999999,29.398688553771336
35967,14153.029999999999,12710.25,597.0,807,1442.7799999999988,10.19414217308943
28606,14145.84,9804.22,1416.0,1481,4341.620000000001,30.691850042132536
41981,14143.25,6855.4800000000005,375.0,278,7287.7699999999995,51.52825552825553
2733,14139.21,6307.65,179.0,107,7831.5599999999995,55.388950302032434
13779,14138.98,10611.15,1402.0,1635,3527.83,24.951092653076813
27212,14137.53,8309.68,247.0,241,5827.85,41.22254736152638
24621,14122.12,6603.240000000001,1088.0,1123,7518.88,53.24186453591954
13454,14113.0,10336.0,550.0,608,3777.0,26.76255934245022
23474,14112.27,10348.78,1373.0,1502,3763.49,26.6682114216919
5277,14086.37,11222.75,1763.0,1855,2863.620000000001,20.329013081439722
806,14068.17,11241.980000000001,1083.0,1082,2826.1899999999987,20.089251125057476
46311,14050.82,8867.88,1918.0,1863,5182.9400000000005,36.887099827625725
24291,14050.189999999999,4316.4,781.0,360,9733.789999999999,69.27870726303345
35123,14037.72,8399.36,428.0,386,5638.359999999999,40.16578190760322
32619,14026.939999999999,8749.05,706.0,705,5277.889999999999,37.62680955361611
17188,14002.929999999998,9621.6,807.0,844,4381.329999999998,31.288666014898304
2354,13998.6,10851.4,140.0,140,3147.2000000000007,22.482248224822488
24297,13996.36,11130.14,1264.0,1498,2866.220000000001,20.478324364334735
3517,13984.83,2588.57,1467.0,379,11396.26,81.49015754928733
42886,13973.009999999998,8976.72,699.0,678,4996.289999999999,35.75671956149748
17202,13972.03,7919.28,1397.0,1294,6052.750000000001,43.32047669522611
43638,13948.61,5771.58,139.0,93,8177.030000000001,58.622543751671316
35962,13946.62,10370.08,338.0,376,3576.540000000001,25.64449307430762
25694,13916.07,9450.0,1393.0,1400,4466.07,32.09289691701752
3518,13887.6,5477.5199999999995,740.0,348,8410.080000000002,60.5581958005703
4629,13886.94,10522.199999999999,406.0,390,3364.7400000000016,24.229527887353164
8501,13880.56,7788.4800000000005,1544.0,1596,6092.079999999999,43.889295532745074
16878,13879.08,8461.62,1692.0,1621,5417.459999999999,39.0332788628641
19961,13858.019999999999,8226.449999999999,198.0,181,5631.57,40.637623556611985
25739,13846.81,11675.69,1719.0,2119,2171.119999999999,15.679568073801828
1013,13835.34,3405.9900000000002,866.0,331,10429.35,75.38195664147032
10452,13834.76,9438.85,1424.0,1555,4395.91,31.774385677814433
22901,13833.269999999999,10225.6,773.0,830,3607.6699999999983,26.079661569534885
17485,13829.16,12334.14,1384.0,1638,1495.0200000000004,10.810634919257572
15820,13797.27,5375.88,373.0,218,8421.39,61.03663985701518
6378,13791.98,8665.58,1302.0,1309,5126.4,37.169427449865786
39437,13771.27,8659.199999999999,1873.0,1920,5112.0700000000015,37.12126768264656
10732,13745.23,8722.0,877.0,890,5023.23,36.545259701001726
6021,13741.58,8997.76,642.0,544,4743.82,34.521648893358694
3009,13729.42,13460.94,258.0,306,268.47999999999956,1.9555086813572573
31910,13726.7,8889.75,1330.0,1317,4836.950000000001,35.237529777732455
6357,13724.19,9264.4,981.0,1007,4459.790000000001,32.49583399821775
23647,13693.15,10390.4,685.0,764,3302.75,24.119724095624456
23795,13671.45,4579.2,855.0,424,9092.25,66.50538165300681
818,13666.32,10238.55,1368.0,1393,3427.7700000000004,25.08188012573978
20102,13650.57,9701.6,1443.0,1448,3948.9699999999993,28.928975127045973
3300,13649.130000000001,6628.5599999999995,13787.0,9336,7020.5700000000015,51.43602559284
17489,13631.49,8507.82,951.0,969,5123.67,37.587013598660164
17535,13624.9,7900.8099999999995,1310.0,1319,5724.09,42.01197806956382
12534,13600.44,9597.77,1356.0,1393,4002.67,29.43044489737097
35318,13592.67,9131.039999999999,1183.0,1224,4461.630000000001,32.82379400073717
11310,13565.76,12987.09,224.0,339,578.6700000000001,4.2656659118250655
19972,13529.59,7308.51,41.0,33,6221.08,45.98128989865916
16494,13524.599999999999,9098.72,740.0,779,4425.879999999999,32.72466468509235
13994,13517.0,7325.4,1300.0,1263,6191.6,45.80602204631206
883,13499.73,8593.64,27.0,22,4906.09,36.342134250092414
24766,13446.03,1027.0,897.0,100,12419.03,92.36205779698543
43820,13432.47,8202.6,1453.0,1395,5229.869999999999,38.934536983890524
4899,13407.679999999998,8867.880000000001,632.0,621,4539.799999999997,33.859698322155644
26380,13403.81,9284.19,419.0,447,4119.619999999999,30.734694090710025
46088,13401.12,11994.4,888.0,880,1406.7200000000012,10.49703308380196
45525,13393.59,7913.49,1341.0,1339,5480.1,40.91584108517582
1999,13378.45,4987.84,355.0,143,8390.61,62.717355149512834
41912,13376.76,8546.61,1024.0,1041,4830.15,36.10851955181972
29621,13365.47,7988.33,1053.0,973,5377.139999999999,40.231581829894495
20475,13356.630000000001,9213.75,1337.0,1365,4142.880000000001,31.017404839394374
36123,13342.009999999998,8784.720000000001,699.0,747,4557.289999999997,34.15744704133783
3635,13340.73,12882.29,1027.0,1369,458.4399999999987,3.4363936606167633
3481,13333.259999999998,6353.099999999999,674.0,390,6980.159999999999,52.35148793318363
46763,13320.89,5683.299999999999,1111.0,706,7637.59,57.33543329312081
16990,13316.24,7336.500000000001,1126.0,1095,5979.739999999999,44.905619003562556
10581,13313.74,7593.139999999999,1226.0,1147,5720.6,42.967640948373635
24817,13309.619999999999,11370.8,738.0,868,1938.8199999999997,14.567057511784709
35607,13279.4,5287.46,1260.0,1142,7991.94,60.182990195340146
5056,13275.94,7259.4,1606.0,1308,6016.540000000001,45.31912617863594
25039,13275.57,7321.139999999999,1383.0,1371,5954.43,44.852537405173564
10916,13274.72,8939.28,928.0,952,4335.439999999999,32.65937059312738
17433,13264.4,11373.4,1160.0,1460,1891.0,14.256204577666537
18974,13239.68,8755.560000000001,232.0,268,4484.119999999999,33.86879441194953
23383,13235.21,1044.68,779.0,91,12190.529999999999,92.10681205662775
5276,13231.91,10178.880000000001,2209.0,2208,3053.029999999999,23.0732373481984
2016,13228.619999999999,5148.780000000001,138.0,69,8079.839999999998,61.0784798414347
43801,13222.66,8211.039999999999,1384.0,1406,5011.620000000001,37.90175350496799
45752,13222.11,6791.2,1189.0,1040,6430.910000000001,48.6375472598549
22326,13218.5,11554.619999999999,650.0,861,1663.880000000001,12.587509929265808
13967,13211.91,5435.2,1009.0,632,7776.71,58.86136069652306
23257,13206.56,205.26,944.0,22,13001.3,98.44577240401739
8446,13201.96,10398.24,2204.0,2241,2803.7199999999993,21.237149635357174
2326,13198.9,11326.82,110.0,118,1872.08,14.183606209608376
46783,13186.41,8891.26,1559.0,1549,4295.15,32.57255007238513
6042,13182.81,10566.57,1319.0,1407,2616.24,19.845844702305502
45921,13180.86,6191.91,1414.0,1207,6988.950000000001,53.02347494776517
18881,13176.83,8691.43,1317.0,1331,4485.4,34.04005363960831
3185,13157.2,1165.89,280.0,33,11991.310000000001,91.1387681269571
19908,13144.74,8267.539999999999,926.0,863,4877.200000000001,37.10381490999442
19382,13142.64,8194.1,1236.0,1223,4948.539999999999,37.65255686833086
24208,13136.12,7557.150000000001,1288.0,1245,5578.97,42.4704555074101
10734,13133.609999999999,9821.359999999999,739.0,838,3312.25,25.219646388159845
35048,13081.62,7193.64,1038.0,906,5887.9800000000005,45.0095630357708
29434,13062.98,8565.24,502.0,521,4497.74,34.43119410731701
14624,13058.880000000001,8888.650000000001,2012.0,1945,4170.23,31.93405560048028
29081,13041.32,8176.320000000001,1468.0,1503,4864.999999999999,37.30450598559041
41157,12999.87,9356.56,813.0,872,3643.3100000000013,28.025741795879505
10164,12986.039999999999,9478.15,796.0,907,3507.8899999999994,27.01277679723765
20660,12970.0,9549.72,1100.0,1294,3420.2800000000007,26.370701619121057
18618,12968.94,8549.32,806.0,802,4419.620000000001,34.07849831983185
1259,12959.369999999999,8841.0,463.0,420,4118.369999999999,31.779091113225405
2747,12959.19,1476.84,81.0,12,11482.35,88.60391737446554
24579,12957.38,10475.4,862.0,1020,2481.9799999999996,19.154952621594795
35905,12956.050000000001,8374.4,295.0,320,4581.6500000000015,35.363015733962136
24605,12939.12,7289.62,1488.0,1378,5649.500000000001,43.66216558776795
46062,12921.07,8217.31,1193.0,1159,4703.76,36.40379628002945
1361,12919.32,7350.04,68.0,53,5569.28,43.10815120300449
21750,12917.07,8529.48,1293.0,1247,4387.59,33.967378050904735
21693,12911.310000000001,1784.0900000000001,369.0,77,11127.220000000001,86.18195984760648
12310,12908.199999999999,7650.0,680.0,625,5258.199999999999,40.73534652391503
14382,12903.93,8630.85,807.0,815,4273.08,33.114562772736676
24580,12902.42,11135.25,658.0,909,1767.17,13.69642284160646
41412,12893.0,9449.71,1100.0,1151,3443.290000000001,26.706662530055077
8283,12887.51,9207.1,449.0,490,3680.41,28.557960381796015
3632,12877.48,11955.32,452.0,554,922.1599999999999,7.161028399966453
46199,12876.49,7946.45,1451.0,1543,4930.04,38.2871419152269
27528,12869.289999999999,9199.15,1171.0,1255,3670.1399999999994,28.518589603622264
45823,12866.94,8205.12,1206.0,1232,4661.82,36.23099198410811
4029,12847.41,9213.93,459.0,451,3633.4799999999996,28.28180932966255
2802,12819.869999999999,4713.57,513.0,249,8106.299999999999,63.23231046804687
21849,12815.33,8661.08,767.0,739,4154.25,32.41625459508261
10283,12811.890000000001,8396.19,3211.0,3267,4415.700000000001,34.46564090075703
20253,12792.24,11128.88,476.0,668,1663.3600000000006,13.00288299781743
4131,12791.429999999998,10541.34,457.0,482,2250.0899999999983,17.590605585145667
38473,12788.15,9694.92,785.0,934,3093.2299999999996,24.18825240554732
14386,12771.41,8056.549999999999,1359.0,1345,4714.860000000001,36.91730200502529
31347,12759.39,9053.93,1161.0,1277,3705.459999999999,29.041043498160956
17329,12752.72,10260.0,928.0,1200,2492.7199999999993,19.54657516200465
13268,12736.39,8345.32,1961.0,2162,4391.07,34.47656675086112
20422,12735.449999999999,469.56,455.0,26,12265.89,96.31296891747053
32592,12696.289999999999,2647.24,671.0,229,10049.05,79.14949957822324
3128,12686.82,11252.0,2118.0,2425,1434.8199999999997,11.30953225473365
22508,12685.77,10360.68,423.0,501,2325.09,18.328331666110927
45457,12679.29,7468.41,1471.0,1439,5210.880000000001,41.097569343393836
27097,12673.31,5999.5199999999995,169.0,116,6673.79,52.66019690199325
13427,12670.34,8001.389999999999,466.0,493,4668.950000000001,36.84944523982782
658,12668.630000000001,9215.8,4237.0,4189,3452.8300000000017,27.2549596917741
29371,12665.64,8191.74,436.0,439,4473.9,35.32312619022805
22222,12664.99,7301.84,1001.0,1003,5363.15,42.34626320273446
32835,12655.089999999998,8935.199999999999,691.0,730,3719.8899999999994,29.39441758217444
19074,12637.16,7747.919999999999,584.0,612,4889.240000000001,38.6893890715952
19174,12635.45,8258.22,1055.0,1119,4377.230000000001,34.64245436450622
26359,12628.35,8640.45,3165.0,3165,3987.8999999999996,31.57894736842105
11354,12611.960000000001,7654.05,1204.0,1165,4957.910000000001,39.311177644077524
24323,12609.03,3448.7700000000004,97.0,39,9160.26,72.64841149557103
23289,12599.82,9109.55,18.0,19,3490.2700000000004,27.700951283431035
43513,12599.79,7808.05,21.0,19,4791.740000000001,38.030316378288845
1498,12598.74,10078.72,126.0,127,2520.0200000000004,20.00215894605334
19037,12597.09,7742.0,791.0,790,4855.09,38.541361536672355
36539,12587.9,11070.41,1810.0,2077,1517.4899999999998,12.055148197872558
13595,12569.49,9765.36,251.0,297,2804.129999999999,22.30901969769656
33672,12545.99,8077.5,1101.0,1125,4468.49,35.6168783810604
20030,12534.4,6534.21,1210.0,1259,6000.19,47.86978235894817
16826,12525.95,7672.84,1705.0,1636,4853.110000000001,38.744446529005785
33765,12514.01,8569.0,199.0,220,3945.01,31.524747063491237
22270,12492.93,8187.06,307.0,303,4305.87,34.466454226510514
16830,12490.52,11792.3,948.0,1222,698.2200000000012,5.589999455587127
12951,12457.0,7658.1,1100.0,1143,4798.9,38.52372160231195
21178,12456.57,9445.38,743.0,1046,3011.1900000000005,24.173508437716006
21076,12455.09,7787.81,1291.0,1283,4667.28,37.47287253644895
14719,12446.34,8003.6,566.0,535,4442.74,35.695152149145855
18971,12444.83,8226.64,517.0,526,4218.1900000000005,33.895119499422655
1034,12440.07,9406.89,2493.0,2469,3033.1800000000003,24.3823386845894
2997,12412.61,8788.97,139.0,139,3623.6400000000012,29.193215608965406
33578,12406.99,8183.799999999999,801.0,830,4223.1900000000005,34.038795872326816
11037,12401.03,7176.64,2297.0,2188,5224.39,42.12867802109986
26290,12396.78,8209.3,922.0,935,4187.480000000001,33.77877158423398
33326,12391.34,7732.1,1774.0,1670,4659.24,37.6007760258374
17147,12384.82,7955.43,818.0,881,4429.389999999999,35.764669975017796
82,12374.67,2235.06,33.0,9,10139.61,81.93842744897441
23159,12371.24,8780.0,476.0,500,3591.24,29.028941318736035
5054,12369.84,4647.66,6216.0,3273,7722.18,62.427484914922104
33214,12335.97,8404.08,1453.0,1444,3931.8899999999994,31.873375178441577
4012,12334.429999999998,10397.37,457.0,493,1937.0599999999977,15.704495465132947
44084,12331.53,6844.28,947.0,862,5487.250000000001,44.49772250483112
10576,12328.13,7684.16,1187.0,1184,4643.969999999999,37.66970335322551
25337,12317.75,6149.0,725.0,550,6168.75,50.08016886200808
16568,12314.52,9503.0,948.0,1075,2811.5200000000004,22.830934539064458
22318,12277.19,10581.68,281.0,379,1695.5100000000002,13.81024485244588
31419,12251.92,7756.76,1008.0,1037,4495.16,36.689433166393506
42685,12237.45,7717.0199999999995,255.0,246,4520.430000000001,36.939313337337445
3716,12232.42,10174.5,358.0,475,2057.92,16.823490364130727
17471,12231.34,8489.460000000001,1166.0,1189,3741.879999999999,30.59255976859444
18836,12226.98,7417.349999999999,802.0,795,4809.63,39.33620566975656
8337,12224.54,9448.800000000001,1046.0,762,2775.74,22.706294060962616
3199,12217.4,2366.7,260.0,69,9850.7,80.6284479512826
17001,12199.28,8191.74,872.0,878,4007.540000000001,32.8506272501328
44493,12193.44,11806.599999999999,256.0,380,386.84000000000196,3.1725255547245235
1050,12192.29,3415.36,271.0,104,8776.93,71.9875429472232
22943,12187.56,5841.33,44.0,31,6346.23,52.071374417849015
1575,12186.39,11374.69,861.0,877,811.6999999999989,6.660709201002094
25281,12185.55,11382.52,645.0,881,803.0299999999988,6.590018505524978
7269,12176.76,8410.24,1524.0,1546,3766.5200000000004,30.932037750600326
6646,12172.589999999998,9030.960000000001,641.0,666,3141.6299999999974,25.80905131939873
14191,12169.85,8182.72,1015.0,1124,3987.13,32.76235943746225
35800,12169.85,4234.7,1015.0,530,7935.150000000001,65.20335090407853
8423,12164.56,7133.49,1544.0,1521,5031.07,41.35842151298526
26876,12158.48,1459.35,152.0,27,10699.13,87.99726610563162
20339,12148.439999999999,7240.5,156.0,150,4907.939999999999,40.399755030275486
2782,12147.57,9489.15,243.0,243,2658.42,21.884376875375075
19635,12140.269999999999,5790.01,573.0,443,6350.259999999998,52.307403377354866
28162,12118.75,7317.45,925.0,909,4801.3,39.6187725631769
16692,12105.08,9443.84,692.0,868,2661.24,21.98448915661854
33075,12103.43,7638.02,757.0,754,4465.41,36.893756563222155
23957,12087.36,8212.050000000001,864.0,869,3875.3099999999995,32.06084703359542
41629,12077.49,7254.92,851.0,799,4822.57,39.930233848258204
35941,12068.06,7493.6,1394.0,1360,4574.459999999999,37.9055125678858
4160,12064.359999999999,1255.5,564.0,81,10808.859999999999,89.59331452310774
36844,12064.18,8509.94,882.0,919,3554.24,29.461098889439647
1096,12057.75,9523.8,1725.0,1716,2533.9500000000007,21.015114760216463
31573,12052.99,7969.719999999999,1201.0,1228,4083.2700000000004,33.87765193532891
12078,12040.79,7846.52,1021.0,1049,4194.27,34.83384395874357
5801,12040.38,11936.96,12162.0,16352,103.42000000000007,0.8589429901714072
3395,12027.54,3481.45,1046.0,343,8546.09,71.05434694043836
46947,12018.39,6770.4,961.0,930,5247.99,43.6663313472104
23840,12017.32,2008.96,668.0,172,10008.36,83.28279516564426
23924,11983.67,8322.16,1333.0,1351,3661.51,30.554162456075645
31796,11979.1,8015.28,1090.0,1101,3963.8200000000006,33.08946415006136
22566,11975.44,3025.34,856.0,331,8950.1,74.73712865665061
46599,11970.1,9532.98,1190.0,1266,2437.120000000001,20.36006382569904
2104,11953.34,7200.05,166.0,143,4753.29,39.765371017640256
45063,11938.28,6624.57,1272.0,1383,5313.710000000001,44.50984563940535
23797,11937.81,4490.72,919.0,508,7447.089999999999,62.38238001777545
24841,11927.97,9195.07,1403.0,1681,2732.8999999999996,22.911694110565335
41612,11923.93,8801.52,307.0,364,3122.41,26.186081266830648
25985,11893.09,9224.1,1191.0,1385,2668.99,22.441518562459375
4524,11848.189999999999,8817.99,431.0,401,3030.199999999999,25.57521444203713
19381,11842.52,7568.64,1148.0,1152,4273.88,36.08927829549792
25109,11837.710000000001,9588.0,1129.0,1410,2249.710000000001,19.00460477575478
17866,11831.42,9531.9,958.0,1071,2299.5200000000004,19.435705942312932
10931,11816.62,8278.27,1038.0,1001,3538.3500000000004,29.94384180924833
6240,11812.49,6742.879999999999,1351.0,1258,5069.610000000001,42.917369665498136
24736,11809.99,6638.34,301.0,249,5171.65,43.790468916569786
45424,11788.089999999998,8202.9,691.0,739,3585.1899999999987,30.413663282177172
33265,11785.73,7927.8099999999995,1027.0,1067,3857.92,32.73382302156931
13505,11780.19,5109.799999999999,1181.0,881,6670.390000000001,56.62378959931886
23539,11762.869999999999,9170.99,613.0,739,2591.879999999999,22.034418471002397
14799,11751.31,8088.3,569.0,627,3663.0099999999993,31.171077947905378
1667,11749.53,4615.2,47.0,30,7134.330000000001,60.7201309328969
41974,11743.2,7695.88,1680.0,1684,4047.3200000000006,34.46522242659582
24056,11716.83,8204.56,617.0,644,3512.2700000000004,29.97628198070639
37421,11714.29,1392.8200000000002,71.0,13,10321.470000000001,88.11007752070334
36850,11705.36,8615.6,864.0,905,3089.76,26.396112550147965
3868,11701.47,8385.66,1803.0,1758,3315.8099999999995,28.33669615868775
2638,11699.1,9633.38,90.0,101,2065.720000000001,17.657084733013658
1342,11698.83,9999.0,117.0,132,1699.83,14.529914529914528
2098,11697.619999999999,3795.57,538.0,233,7902.049999999999,67.55263036412535
17351,11691.15,7971.34,685.0,713,3719.8099999999995,31.81731480649893
2985,11687.47,3140.7999999999997,553.0,208,8546.67,73.12677594038745
3815,11671.83,11453.960000000001,417.0,532,217.86999999999898,1.8666310252976523
3884,11660.730000000001,5028.4800000000005,327.0,194,6632.250000000001,56.8767993084481
652,11655.75,9944.46,525.0,606,1711.2900000000009,14.681938099221423
22336,11621.91,6403.860000000001,209.0,177,5218.049999999999,44.89838589354073
4298,11611.710000000001,9708.8,11729.0,13120,1902.9100000000017,16.38785329637066
2863,11592.52,6284.219999999999,248.0,183,5308.300000000001,45.79073402504375
19160,11590.8,7729.1900000000005,720.0,763,3861.6099999999988,33.31616454429374
41759,11585.5,8040.32,1450.0,1478,3545.1800000000003,30.60014673514307
18134,11583.72,7990.2,828.0,828,3593.5199999999995,31.022158684774837
19249,11567.31,6926.84,669.0,628,4640.469999999999,40.11710587854911
33768,11566.609999999999,7596.749999999999,439.0,525,3969.8599999999997,34.32172434274174
10676,11564.310000000001,7193.599999999999,269.0,256,4370.710000000002,37.79481871378406
4290,11563.37,4808.57,1063.0,611,6754.800000000001,58.41549652047803
20395,11538.45,7508.929999999999,1155.0,1157,4029.5200000000013,34.922541589208265
21270,11530.1,6483.27,1190.0,1097,5046.83,43.77091265470378
12477,11507.939999999999,7569.7,606.0,590,3938.239999999999,34.22193720161905
21001,11507.53,6907.68,947.0,936,4599.85,39.972522339720165
40296,11502.519999999999,8424.08,548.0,614,3078.4399999999987,26.763178851243026
1067,11498.41,10796.94,959.0,1197,701.4699999999993,6.100582602290224
46096,11496.12,6718.4,1088.0,988,4777.720000000001,41.55941308893784
17219,11493.07,6591.900000000001,1093.0,1022,4901.169999999999,42.644567552446816
20404,11486.66,7767.900000000001,1034.0,959,3718.7599999999993,32.37459801195473
37083,11478.51,7697.75,999.0,1025,3780.76,32.93772449560091
6990,11475.88,5721.009999999999,712.0,461,5754.87,50.14752681275859
17990,11474.43,7517.43,957.0,909,3957.0,34.48537312964565
3793,11463.66,3693.4,834.0,313,7770.26,67.78166833280122
33307,11448.84,7328.28,716.0,692,4120.56,35.99106983764294
46429,11441.29,6994.799999999999,1171.0,1206,4446.490000000002,38.86353724099294
19164,11439.44,4863.81,1556.0,1219,6575.63,57.48209702572853
9118,11412.76,2753.1,774.0,266,8659.66,75.8770008306492
11080,11411.54,8705.3,1246.0,1315,2706.2400000000016,23.714941191110064
22264,11397.720000000001,6754.44,228.0,204,4643.280000000002,40.738674050599606
1542,11385.599999999999,4657.599999999999,440.0,205,6727.999999999999,59.092186621697586
45294,11368.12,7439.64,988.0,988,3928.4800000000005,34.55698919434348
4845,11353.79,9354.960000000001,1421.0,1464,1998.83,17.604958344306173
14811,11349.74,8667.03,1126.0,1151,2682.709999999999,23.63675291240151
22601,11339.37,3648.2999999999997,63.0,30,7691.0700000000015,67.82625489775887
25831,11332.41,7082.920000000001,959.0,1028,4249.489999999999,37.4985550293362
18613,11329.23,8257.05,777.0,885,3072.1800000000003,27.117288641858277
6987,11326.87,6231.0,1113.0,930,5095.870000000001,44.98921590871971
43618,11323.38,7573.44,862.0,966,3749.9399999999996,33.11679021634883
22389,11287.380000000001,8334.01,2262.0,2473,2953.370000000001,26.16523940896825
29118,11285.27,6038.4,1073.0,888,5246.870000000001,46.49308346189326
18747,11248.74,7537.68,1126.0,1102,3711.0599999999995,32.99089498023778
17882,11248.41,6168.96,459.0,378,5079.45,45.15704886290596
46298,11246.62,8331.36,938.0,1021,2915.26,25.921210105791786
8918,11236.58,9277.97,342.0,377,1958.6100000000006,17.43065950671824
25568,11225.95,7302.33,1405.0,1407,3923.620000000001,34.95134042107795
5135,11224.73,4125.14,427.0,239,7099.589999999999,63.24953918713412
42663,11221.27,6136.4,1073.0,1058,5084.870000000001,45.31456778065228
17146,11211.93,6346.92,707.0,699,4865.01,43.39136972849456
19055,11210.76,6527.25,1024.0,967,4683.51,41.77691788959893
1505,11191.77,3677.4,423.0,180,7514.370000000001,67.14192661214446
9115,11186.84,2049.3,766.0,198,9137.54,81.68115392729315
32809,11184.39,5891.38,861.0,671,5293.009999999999,47.32497704389779
46826,11182.54,8633.9,746.0,835,2548.6400000000012,22.791244207487754
3889,11156.33,3348.5,2197.0,905,7807.83,69.98564940262614
37943,11152.26,7167.08,1524.0,1538,3985.1800000000003,35.73428166129556
19271,11120.59,10396.460000000001,141.0,194,724.1299999999992,6.511614941293575
1009,11117.42,1433.75,258.0,37,9683.67,87.10357259148256
17612,11115.04,7114.5,1096.0,1054,4000.540000000001,35.992133181706954
2410,11097.9,10877.28,210.0,272,220.61999999999898,1.987943665017697
14280,11096.37,6681.12,1313.0,1347,4415.250000000001,39.79003944533213
24020,11084.11,7011.0,989.0,950,4073.1100000000006,36.74728958842884
13618,11081.839999999998,7860.16,616.0,638,3221.6799999999985,29.07170650361311
11240,11080.08,10547.58,792.0,1101,532.5,4.8059219789026795
26390,11075.07,6901.2,1493.0,1278,4173.87,37.687075567016734
22353,11074.62,6681.6900000000005,238.0,219,4392.93,39.66664318956316
24874,11044.97,7415.96,903.0,934,3629.0099999999993,32.856675934837305
22047,11029.35,6924.83,1065.0,1067,4104.52,37.214523067995856
14710,11021.59,7369.8,641.0,710,3651.79,33.13305974909247
541,11004.13,10569.0,1337.0,1355,435.1299999999992,3.9542426343563664
23984,10942.7,8558.48,730.0,868,2384.220000000001,21.788224112878915
24265,10940.35,6185.51,465.0,439,4754.84,43.461498032512665
11745,10931.84,7497.0,1216.0,1225,3434.84,31.420511094198233
3564,10929.800000000001,3788.4,220.0,105,7141.4000000000015,65.33879851415398
5322,10921.619999999999,4668.5599999999995,438.0,268,6253.0599999999995,57.25396049304041
36087,10903.130000000001,8151.84,287.0,324,2751.290000000001,25.233946582311688
90013,10898.91,2921.85,109.0,45,7977.0599999999995,73.19135583283098
35747,10894.48,7715.91,752.0,827,3178.5699999999997,29.175968013158954
2597,10894.369999999999,5651.34,663.0,393,5243.029999999999,48.12605042788155
28983,10893.77,9325.62,723.0,927,1568.1499999999996,14.394924805645793
1121,10884.720000000001,10140.83,2728.0,3199,743.8900000000012,6.834259402171128
42456,10876.6,6985.349999999999,340.0,361,3891.250000000001,35.776345549160595
28919,10860.27,7179.38,1073.0,1042,3680.8900000000003,33.89317208504025
20216,10859.130000000001,289.08,1087.0,44,10570.050000000001,97.33790828547039
16400,10857.34,7309.700000000001,1066.0,1091,3547.6399999999994,32.67503826904195
23991,10852.76,7444.299999999999,724.0,755,3408.460000000001,31.406388789579804
23406,10839.3,8563.289999999999,670.0,719,2276.01,20.997758157814623
4125,10834.56,10371.84,10944.0,14016,462.71999999999935,4.270777954988476
21321,10827.22,6670.7300000000005,1678.0,1639,4156.489999999999,38.38926335661416
24936,10822.78,1015.35,722.0,105,9807.43,90.61839933917163
26497,10817.029999999999,8289.539999999999,597.0,714,2527.49,23.365840715982113
26352,10814.27,8115.65,773.0,841,2698.620000000001,24.954250263771858
45632,10805.64,7725.599999999999,636.0,696,3080.04,28.50400346485724
19458,10802.81,6955.650000000001,1319.0,1305,3847.159999999999,35.612585984572526
39798,10802.36,6734.84,1364.0,1436,4067.5200000000004,37.65399412720924
24299,10800.19,6079.92,1181.0,1034,4720.27,43.70543481179498
22696,10799.34,7732.26,1066.0,1161,3067.08,28.400624482607267
13065,10798.8,6221.2,120.0,103,4577.599999999999,42.3898951735378
29461,10798.35,6826.599999999999,1065.0,1177,3971.750000000001,36.78108229498026
25692,10795.7,10133.1,1080.0,1458,662.6000000000004,6.137628870754099
5417,10786.5,7724.749999999999,1350.0,1325,3061.750000000001,28.385018309924455
16555,10786.369999999999,6842.16,563.0,612,3944.209999999999,36.56661138084452
4257,10784.07,10117.03,10893.0,13139,667.039999999999,6.1854197904872565
25796,10776.92,7964.92,308.0,346,2812.0,26.09279831343278
16647,10768.71,1918.74,829.0,226,8849.97,82.18226695676641
4190,10766.64,5348.4800000000005,536.0,274,5418.159999999999,50.323592132735925
22593,10764.3,8163.66,970.0,1077,2600.6399999999994,24.15986176527967
4696,10761.76,4398.78,724.0,334,6362.9800000000005,59.12583071913888
21729,10760.58,7319.52,842.0,897,3441.0599999999995,31.97838778207122
11926,10757.43,7389.9,857.0,918,3367.5300000000007,31.304224150192013
26450,10755.03,7828.95,897.0,1005,2926.080000000001,27.206618670519756
16778,10751.29,6485.64,671.0,588,4265.650000000001,39.675704031795256
675,10728.96,9526.33,104.0,121,1202.6299999999992,11.209194553805768
2916,10725.37,5269.6,163.0,112,5455.77,50.867895466543345
40561,10689.44,7210.72,956.0,964,3478.7200000000003,32.543519585684564
46554,10674.26,6112.89,674.0,651,4561.37,42.73242360594551
8447,10625.429999999998,5955.84,557.0,352,4669.589999999998,43.94730377970585
10470,10616.039999999999,6121.8,596.0,537,4494.239999999999,42.33442978737833
36081,10610.460000000001,4844.88,54.0,36,5765.580000000001,54.3386431879485
11154,10608.199999999999,7181.7300000000005,1180.0,1191,3426.4699999999984,32.30020173073659
26247,10601.89,7530.719999999999,211.0,232,3071.17,28.968136813341772
4401,10597.35,6538.5599999999995,265.0,224,4058.790000000001,38.300046709790664
22298,10579.03,7455.5,847.0,925,3123.5300000000007,29.525674849206407
44715,10572.359999999999,7059.360000000001,564.0,573,3512.999999999998,33.22815341134807
42212,10563.38,6507.93,1662.0,1599,4055.449999999999,38.39159435710918
17459,10560.9,6355.29,1110.0,1047,4205.61,39.82245831321194
17094,10539.41,6885.62,959.0,959,3653.79,34.66787989080983
23076,10534.47,1253.04,753.0,138,9281.43,88.10533420285977
34123,10525.62,7131.75,2638.0,2775,3393.870000000001,32.24389632154686
12234,10523.5,6207.84,1850.0,1916,4315.66,41.009740105478215
20745,10515.83,6582.26,817.0,829,3933.5699999999997,37.4061771633813
2974,10496.5,7605.5,350.0,350,2891.0,27.542514171390465
35380,10495.92,4386.0,808.0,510,6109.92,58.212333935472074
2162,10495.79,8480.939999999999,321.0,393,2014.8500000000022,19.196744599501343
23245,10488.49,7566.82,851.0,953,2921.67,27.855964013885696
1987,10468.76,6720.719999999999,724.0,492,3748.040000000001,35.80213893527028
14457,10459.87,6826.679999999999,813.0,882,3633.1900000000014,34.734561710614
44529,10456.07,6848.660000000001,993.0,994,3607.409999999999,34.500629777727184
45300,10441.109999999999,6617.700000000001,489.0,513,3823.409999999998,36.61880777043819
18778,10438.5,6401.54,950.0,967,4036.96,38.673755807826794
2922,10428.509999999998,1337.96,149.0,26,9090.55,87.17017100237715
36386,10421.96,8084.0,704.0,940,2337.959999999999,22.433016438366675
1550,10413.9,404.49,2610.0,139,10009.41,96.11586437357762
24290,10407.95,7972.32,805.0,977,2435.630000000001,23.401630484389347
1012,10403.140000000001,7333.05,286.0,285,3070.090000000001,29.511186045751575
17407,10399.869999999999,6274.44,13.0,12,4125.429999999999,39.66809200499621
26779,10399.8,6657.2,1020.0,979,3742.5999999999995,35.98723052366392
38263,10394.58,6326.320000000001,1042.0,1027,4068.2599999999993,39.13828168141473
32827,10390.47,7365.679999999999,353.0,392,3024.79,29.111195162490244
26437,10387.529999999999,9261.7,547.0,707,1125.829999999998,10.838283980888606
25423,10386.53,1664.96,47.0,11,8721.57,83.97000730754158
23373,10385.970000000001,7119.170000000001,2603.0,2627,3266.8,31.453971078291193
41304,10384.439999999999,6780.24,556.0,584,3604.199999999999,34.707697285554154
45526,10375.34,6669.950000000001,1066.0,1121,3705.3899999999994,35.71343204174513
10991,10374.51,9922.5,1469.0,1470,452.0100000000002,4.356928664582715
8606,10360.35,5215.12,10465.0,7144,5145.2300000000005,49.662704445313146
15085,10350.179999999998,7781.51,582.0,649,2568.6699999999983,24.81763602178898
24119,10349.2,3206.25,780.0,375,7142.950000000001,69.0193444903954
685,10347.93,2921.4,207.0,90,7426.530000000001,71.76826669681763
13603,10346.3,6984.0,570.0,600,3362.2999999999993,32.49760784048404
19041,10335.7,5984.48,930.0,904,4351.220000000001,42.098938630184705
22822,10321.5,7208.38,850.0,878,3113.12,30.161507532819844
11249,10321.189999999999,5316.160000000001,481.0,449,5005.029999999998,48.49276100914719
34138,10311.77,5649.28,923.0,776,4662.490000000001,45.21522493228612
13602,10294.35,3744.72,165.0,126,6549.630000000001,63.623541068644464
7371,10294.31,5990.46,869.0,839,4303.849999999999,41.80804735820079
16653,10294.29,3840.8,71.0,40,6453.490000000001,62.68999610463665
12494,10282.23,7018.919999999999,2577.0,2619,3263.3100000000004,31.737376036132247
36510,10281.6,6367.2300000000005,840.0,807,3914.37,38.07160364145658
21410,10273.59,6759.599999999999,541.0,516,3513.9900000000007,34.204109761047505
4760,10272.23,2515.47,577.0,191,7756.76,75.51193849826183
26707,10270.89,6786.52,411.0,421,3484.369999999999,33.924713437686506
13932,10269.76,6864.09,2144.0,2193,3405.67,33.16211868631789
43922,10266.58,6756.719999999999,1142.0,1128,3509.8600000000006,34.18723664550416
15265,10265.43,7325.639999999999,1557.0,1539,2939.790000000001,28.637767731113073
601,10261.32,7639.6,1468.0,1420,2621.7199999999993,25.549539435472234
24439,10247.2,8873.15,680.0,715,1374.050000000001,13.409028807869477
12235,10245.42,6617.2699999999995,458.0,473,3628.1500000000005,35.4124086665066
46829,10237.32,6520.5,868.0,805,3716.8199999999997,36.306572423251396
1494,10232.81,7871.849999999999,119.0,119,2360.96,23.07245028491685
90014,10228.35,1712.76,165.0,42,8515.59,83.25477716347211
2384,10220.52,6091.799999999999,348.0,195,4128.720000000001,40.3963790492069
45647,10207.8,5724.179999999999,920.0,882,4483.62,43.923470287427264
6929,10206.73,6198.450000000001,627.0,465,4008.279999999999,39.27095161721726
18617,10204.69,6343.66,731.0,757,3861.0300000000007,37.83583822732489
15247,10202.8,6831.84,620.0,662,3370.959999999999,33.039557768455715
42124,10199.849999999999,5390.91,515.0,597,4808.939999999999,47.147163928881305
34635,10190.24,6014.73,1176.0,1137,4175.51,40.97558055551194
26376,10161.58,7311.360000000001,242.0,256,2850.2199999999993,28.048984508314646
1026,10140.66,7699.47,534.0,527,2441.1899999999996,24.0732851707877
2177,10124.73,7878.96,10227.0,10943,2245.7699999999995,22.18103593873614
28497,10115.93,7066.56,807.0,866,3049.37,30.144237850598017
19320,10108.94,7017.6,606.0,680,3091.34,30.580258662134703
4752,10094.949999999999,9330.300000000001,505.0,630,764.6499999999978,7.574579368892347
8401,10088.82,7946.12,918.0,962,2142.7,21.238360878675604
5507,10085.59,6510.36,1441.0,1434,3575.2300000000005,35.44889292545107
12443,10072.41,9406.800000000001,1159.0,1404,665.6099999999988,6.608249664181648
3404,10058.93,3732.4,657.0,280,6326.530000000001,62.894661758258586
39600,10054.28,6124.46,1272.0,1349,3929.8200000000006,39.086040969616924
23246,10052.91,7046.26,609.0,661,3006.6499999999996,29.908255420569763
13619,10035.96,7157.51,504.0,593,2878.449999999999,28.6813618228849
21166,10032.56,6752.62,344.0,347,3279.9399999999996,32.69295174910491
2014,10027.82,7723.8,418.0,420,2304.0199999999995,22.976279989070402
21409,10018.33,7345.8,167.0,180,2672.5299999999997,26.67640215485016
44733,10012.67,6077.49,1133.0,1171,3935.1800000000003,39.30200436047528
13837,9999.47,6039.42,1053.0,1054,3960.0499999999993,39.60259893774369
26104,9989.380000000001,2848.77,62.0,27,7140.610000000001,71.48201389876047
36371,9988.460000000001,6190.2,954.0,905,3798.260000000001,38.02648256087526
1919,9986.67,9212.16,333.0,384,774.5100000000002,7.755437998852472
897,9974.51,7414.44,1469.0,1507,2560.0700000000006,25.66612294739291
4575,9971.01,1530.23,399.0,79,8440.78,84.65320965478924
34763,9963.880000000001,5530.900000000001,812.0,710,4432.9800000000005,44.490499684861724
17978,9963.53,6367.08,1247.0,1164,3596.4500000000007,36.096142632179564
24782,9961.77,3679.2000000000003,623.0,336,6282.57,63.06680439319518
45599,9960.349999999999,7383.599999999999,565.0,630,2576.749999999999,25.870074846767427
17957,9959.210000000001,6525.96,679.0,714,3433.250000000001,34.47311583950937
26341,9956.14,8381.25,586.0,745,1574.8899999999994,15.818278971569297
22339,9950.78,6147.16,622.0,677,3803.620000000001,38.2243402024766
18001,9945.949999999999,7059.200000000001,605.0,640,2886.749999999998,29.024376756368152
20410,9945.25,7245.92,271.0,358,2699.33,27.14190191297353
27472,9939.59,6329.6,741.0,736,3609.99,36.31930492102793
26353,9937.35,7544.32,765.0,842,2393.0300000000007,24.081168520782708
19397,9925.48,8472.24,552.0,738,1453.2399999999998,14.641508521502233
6280,9925.18,5491.330000000001,782.0,797,4433.849999999999,44.67274145154042
15263,9910.18,6252.8099999999995,832.0,811,3657.370000000001,36.90518234784838
40456,9890.93,7221.419999999999,707.0,774,2669.510000000001,26.98947419504537
17945,9886.62,4401.22,738.0,674,5485.400000000001,55.48306701380249
15334,9872.880000000001,5924.320000000001,1012.0,976,3948.5600000000004,39.99400377600052
25260,9867.65,6783.33,1235.0,1307,3084.3199999999997,31.256884871271275
4252,9858.42,3303.3,9958.0,4290,6555.12,66.49260226283725
41416,9854.52,6673.139999999999,748.0,786,3181.380000000001,32.28345977277433
1031,9852.960000000001,5236.92,204.0,156,4616.040000000001,46.84927169094364
36080,9849.5,6030.45,50.0,45,3819.05,38.77404944413422
2119,9838.85,2589.6,115.0,39,7249.25,73.67985079557062
2440,9832.57,4293.42,643.0,326,5539.15,56.334712084429604
12154,9821.93,5492.76,607.0,546,4329.17,44.07657150885824
3778,9820.91,857.5,209.0,25,8963.41,91.26862989274925
12024,9813.789999999999,5826.24,521.0,504,3987.5499999999993,40.63211053018252
2087,9812.449999999999,2895.7000000000003,355.0,115,6916.749999999998,70.48953115684665
23287,9799.300000000001,556.26,70.0,6,9243.04,94.32347208474074
41762,9799.02,7065.96,98.0,106,2733.0600000000004,27.891156462585037
39228,9762.880000000001,7864.56,212.0,264,1898.3200000000006,19.44426234881511
22902,9760.21,7203.9,579.0,649,2556.3099999999995,26.191137280857685
90090,9749.85,2689.62,15.0,6,7060.2300000000005,72.41372944199142
36493,9749.32,5701.5,268.0,210,4047.8199999999997,41.51899824808294
19660,9747.029999999999,6169.84,497.0,466,3577.1899999999987,36.700307683468694
4025,9732.23,4379.89,5437.0,3197,5352.339999999999,54.9960286594131
12589,9704.539999999999,5979.15,2026.0,1935,3725.3899999999994,38.388115253273206
323,9698.52,6603.8,648.0,623,3094.7200000000003,31.909198516887116
5308,9697.05,7149.0,9795.0,9532,2548.0499999999993,26.276548022336684
14538,9696.609999999999,5552.2,539.0,460,4144.409999999999,42.74081354205232
15971,9679.12,1941.03,88.0,27,7738.090000000001,79.94621411863889
24666,9675.89,6285.09,1211.0,1211,3390.7999999999993,35.043804755944926
1028,9650.35,9096.03,1015.0,1593,554.3199999999997,5.744040371592737
25043,9643.8,6124.58,1020.0,1067,3519.2199999999993,36.49204670358157
36376,9643.1,6743.32,590.0,641,2899.7800000000007,30.071035248001166
20162,9642.64,4524.87,536.0,609,5117.7699999999995,53.074365526453334
15748,9628.67,3753.6,1033.0,690,5875.07,61.01642282890576
25445,9615.189999999999,8767.99,481.0,649,847.1999999999989,8.811058335820707
6375,9612.99,6621.36,1751.0,1761,2991.63,31.12070229970072
39219,9605.53,5675.0,647.0,625,3930.5300000000007,40.91944952542963
21685,9603.24,3155.04,676.0,336,6448.2,67.14608819523411
23785,9595.199999999999,5537.06,480.0,502,4058.1399999999985,42.29343838585958
18741,9584.619999999999,4909.8,438.0,501,4674.819999999999,48.77418197069888
38952,9577.8,6987.0,620.0,685,2590.7999999999993,27.050053248136308
16860,9575.21,7416.99,479.0,549,2158.2199999999993,22.539662315500124
23240,9570.42,5173.2,958.0,958,4397.22,45.94594594594595
6635,9543.57,6187.14,943.0,929,3356.4299999999994,35.169543472725614
21795,9536.89,6557.76,1991.0,2024,2979.129999999999,31.237961222159417
39652,9536.08,6157.87,1592.0,1583,3378.21,35.42556270501087
23796,9534.66,4163.64,734.0,471,5371.0199999999995,56.33153148617779
46119,9526.32,1979.64,168.0,54,7546.679999999999,79.21925780364295
14625,9520.47,6295.62,953.0,951,3224.8499999999995,33.87280249819599
47027,9518.18,6279.23,1182.0,1187,3238.9500000000007,34.02908959485953
889,9516.27,8501.76,873.0,864,1014.5100000000002,10.660794618059388
2711,9515.24,4463.910000000001,476.0,297,5051.329999999999,53.08673244185117
9136,9515.08,2345.77,642.0,217,7169.3099999999995,75.34681789328098
3079,9492.72,4288.2,728.0,420,5204.5199999999995,54.82643541577124
602,9491.58,7348.5599999999995,1302.0,1371,2143.0200000000004,22.578116604400957
31195,9481.8,6345.860000000001,320.0,362,3135.9399999999987,33.073256132801774
39110,9479.25,6755.76,825.0,853,2723.49,28.73107049608355
4034,9469.54,5838.54,246.0,219,3631.000000000001,38.343995590070904
12416,9461.46,5628.2,1054.0,1070,3833.2599999999993,40.514466054921755
3978,9459.779999999999,3229.16,422.0,164,6230.619999999999,65.86432242610293
1106,9459.62,8399.7,38.0,54,1059.92,11.204678412029235
16460,9456.26,6552.4800000000005,774.0,803,2903.7799999999997,30.707489007281946
12507,9453.63,7460.16,337.0,409,1993.4699999999993,21.08682061811177
36138,9448.83,6058.9800000000005,817.0,821,3389.8499999999995,35.87587034585234
14703,9411.18,5525.82,782.0,729,3885.3600000000006,41.284514800481986
24999,9408.24,5754.82,376.0,334,3653.42,38.83213013273471
26355,9404.76,6611.34,724.0,753,2793.42,29.702193357406248
2103,9399.81,5710.900000000001,519.0,382,3688.909999999999,39.24451664448536
16315,9393.62,4885.650000000001,638.0,517,4507.97,47.9896993917148
15482,9385.73,5840.799999999999,977.0,980,3544.9300000000003,37.769358377025554
3940,9384.81,3198.0,1119.0,520,6186.8099999999995,65.92365748480789
26392,9378.43,4924.99,1257.0,931,4453.4400000000005,47.48598646042036
4302,9376.16,3255.8,634.0,292,6120.36,65.27576321223188
10227,9372.380000000001,5734.96,962.0,931,3637.420000000001,38.80999276597834
22007,9370.14,6814.799999999999,586.0,631,2555.34,27.27109733685943
12684,9359.92,7547.28,608.0,708,1812.6400000000003,19.36597748698707
3930,9351.58,3790.43,642.0,313,5561.15,59.4674910549875
18909,9351.54,6195.3,646.0,642,3156.2400000000007,33.75101854881656
16968,9342.67,6145.2,533.0,569,3197.4700000000003,34.224370549318344
1210,9342.33,7299.78,267.0,267,2042.5500000000002,21.863389539868535
37913,9335.33,5167.950000000001,467.0,393,4167.379999999999,44.64095002533386
24567,9323.51,7518.24,649.0,828,1805.2700000000004,19.362557663369273
23943,9320.44,7091.21,1556.0,1717,2229.2300000000005,23.91764766470253
4355,9319.24,4758.49,376.0,239,4560.75,48.93907657705993
16889,9318.29,6006.09,771.0,771,3312.2000000000007,35.54514830510749
18125,9310.79,6492.64,1021.0,1054,2818.1500000000005,30.267571280202866
15037,9308.6,6627.58,140.0,163,2681.0200000000004,28.801538362374586
13113,9303.18,6336.5,282.0,290,2966.6800000000003,31.888881006279572
15902,9299.0,8799.81,100.0,141,499.1900000000005,5.368211635659754
37827,9292.37,5628.95,1163.0,1093,3663.420000000001,39.42395750492071
27437,9286.55,7474.38,845.0,1041,1812.1699999999992,19.513920670216596
16538,9269.79,5598.6,621.0,651,3671.1900000000005,39.6038097950439
36852,9266.15,6207.839999999999,685.0,648,3058.3100000000004,33.00518554092045
1425,9264.689999999999,5804.4,331.0,280,3460.289999999999,37.349225932006355
24888,9239.78,4450.24,22.0,16,4789.540000000001,51.836082677293184
2248,9239.16,6793.08,84.0,84,2446.08,26.475134103100284
2405,9230.58,7626.150000000001,342.0,269,1604.4299999999994,17.381681324467145
6254,9227.75,7072.709999999999,425.0,431,2155.040000000001,23.35390533987159
38481,9224.66,5797.84,534.0,529,3426.8199999999997,37.14846942868355
778,9222.9,6895.02,710.0,674,2327.879999999999,25.240217285235655
13899,9212.5,5893.8,550.0,564,3318.7,36.02388059701492
25286,9209.119999999999,1449.79,488.0,113,7759.329999999999,84.25701912886356
4421,9198.63,7068.400000000001,837.0,862,2130.2299999999987,23.15812245954016
22842,9196.54,6129.76,846.0,842,3066.7800000000007,33.3471066292323
29182,9190.06,5262.61,694.0,641,3927.45,42.73584720883215
18167,9190.01,6721.12,599.0,706,2468.8900000000003,26.864932682336583
44922,9183.48,8690.61,252.0,381,492.869999999999,5.36691972977563
23366,9177.07,6602.38,593.0,713,2574.6899999999996,28.055686618931748
37158,9157.95,5909.04,705.0,696,3248.9100000000008,35.4763893666159
7629,9154.68,3326.6800000000003,532.0,218,5828.0,63.66142781615524
38953,9153.2,5698.03,680.0,689,3455.170000000001,37.74821920202772
1045,9148.17,5133.15,183.0,153,4015.0200000000004,43.88877775555112
26339,9147.97,6186.5199999999995,703.0,733,2961.45,32.37275592289875
26492,9146.949999999999,6280.56,305.0,312,2866.3899999999985,31.337112370790248
5169,9138.01,1817.8,599.0,149,7320.21,80.10726624286907
12271,9137.04,6001.38,696.0,693,3135.6600000000008,34.318116151401334
20024,9132.470000000001,3928.02,53.0,34,5204.450000000001,56.98841605830624
3282,9124.83,5223.48,9217.0,6612,3901.3500000000004,42.7553170853594
3236,9123.39,2088.2400000000002,961.0,308,7035.15,77.11113960928996
16537,9121.53,5328.36,847.0,779,3793.170000000001,41.58479991843475
21381,9121.48,5995.92,652.0,664,3125.5599999999995,34.26593052881769
15463,9115.97,4714.53,103.0,87,4401.44,48.28273897347183
877,9115.86,6654.96,1014.0,948,2460.9000000000005,26.995807307264485
868,9101.21,6250.94,279.0,254,2850.2699999999995,31.317484158699777
29039,9098.050000000001,7311.63,195.0,251,1786.420000000001,19.63519655310754
27679,9085.74,6148.469999999999,626.0,659,2937.2700000000004,32.32835190089085
18822,9084.58,4372.24,442.0,328,4712.34,51.87185318418683
5065,9077.41,1678.74,459.0,147,7398.67,81.50639885165482
41222,9075.53,6047.52,547.0,586,3028.01,33.36455281399544
24757,9069.84,5660.299999999999,216.0,214,3409.540000000001,37.59206336605718
23249,9045.22,5945.85,878.0,905,3099.369999999999,34.26528044646785
27911,9044.4,5200.38,560.0,501,3844.0199999999995,42.501658484808274
2262,9032.83,2374.4,317.0,112,6658.43,73.71366448831651
6764,9030.98,7139.599999999999,502.0,520,1891.38,20.94324204017726
2582,9023.98,3162.4,602.0,268,5861.58,64.95559608953035
23395,9021.97,380.55,903.0,59,8641.42,95.78196336276889
25375,9020.97,6666.66,903.0,1001,2354.3099999999995,26.09819121447028
90010,9015.02,3704.4,98.0,60,5310.620000000001,58.90857701924123
1889,9012.72,6512.0,1128.0,1184,2500.7199999999993,27.74656263591901
16781,9008.68,3694.33,132.0,83,5314.35,58.99143936736569
3738,9001.75,1086.93,725.0,117,7914.82,87.92534784902935
2075,8999.550000000001,7769.5199999999995,45.0,54,1230.0300000000016,13.667683384169225
18739,8998.49,3429.5099999999998,251.0,147,5568.98,61.887938976428266
1049,8996.13,6415.8,1287.0,1156,2580.329999999999,28.682666880091762
7485,8993.460000000001,6495.150000000001,2254.0,2279,2498.3100000000004,27.77918620864495
35999,8989.08,6549.4400000000005,692.0,776,2439.6399999999994,27.140041027557878
5698,8986.35,6808.259999999999,565.0,466,2178.090000000001,24.23776060358211
23105,8985.86,1859.88,214.0,66,7125.9800000000005,79.3021480414785
4105,8982.15,365.04,1285.0,72,8617.109999999999,95.9359396135669
1061,8982.15,6651.5,1285.0,1255,2330.6499999999996,25.947573799146078
2508,8978.88,3461.4300000000003,4512.0,2177,5517.449999999999,61.44920079118998
24377,8977.01,4081.56,1799.0,1204,4895.450000000001,54.5331908954095
5077,8970.83,2652.21,617.0,209,6318.62,70.43517712407882
2880,8970.27,4650.4400000000005,573.0,422,4319.83,48.1571903632778
40538,8957.4,6458.4,560.0,598,2499.0,27.89872061089155
4138,8956.8,6218.799999999999,320.0,280,2738.0,30.568953197570565
37790,8952.57,7764.8,343.0,460,1187.7699999999995,13.267363449825018
19464,8926.23,6027.44,1277.0,1277,2898.79,32.47496423462089
20409,8916.63,4003.16,637.0,406,4913.469999999999,55.10456304680132
12191,8902.210000000001,5081.58,779.0,763,3820.630000000001,42.91776985714784
11932,8887.39,6090.57,311.0,333,2796.8199999999997,31.46953154975758
6743,8881.82,5119.52,768.0,784,3762.2999999999993,42.35956144123614
2454,8878.52,6822.71,148.0,149,2055.8100000000004,23.154872658956677
15057,8875.27,5426.4,873.0,798,3448.870000000001,38.85932484307521
23452,8864.14,5361.12,986.0,918,3503.0199999999995,39.519005791876026
15504,8862.58,5794.8,342.0,330,3067.7799999999997,34.6149766772204
17341,8856.77,3605.2400000000002,923.0,934,5251.530000000001,59.29396382654174
26434,8851.15,6646.5,385.0,422,2204.6499999999996,24.9080627941002
25592,8851.14,6530.0,886.0,1000,2321.1399999999994,26.224192589881074
2670,8848.82,5679.419999999999,118.0,103,3169.4000000000005,35.81720500586519
17507,8844.43,5354.639999999999,557.0,536,3489.790000000001,39.45748906373843
4511,8839.74,1499.94,26.0,6,7339.799999999999,83.03185387805523
36868,8839.32,5061.69,68.0,81,3777.63,42.73665847599137
5685,8838.45,5017.2,555.0,370,3821.250000000001,43.2343906454186
1158,8835.36,6205.08,1264.0,1162,2630.2800000000007,29.769924485250183
23172,8832.11,3570.0,289.0,175,5262.110000000001,59.5793077758316
38011,8818.28,4766.55,772.0,739,4051.7300000000005,45.94694203404745
41348,8815.099999999999,6213.759999999999,490.0,511,2601.3399999999992,29.51004526324148
272,8801.91,7925.4,1059.0,1071,876.5100000000002,9.958179531488055
24650,8801.22,3011.97,78.0,39,5789.25,65.77781262143203
23156,8799.12,3823.3,88.0,65,4975.820000000001,56.54906399730882
31318,8782.35,6465.74,765.0,853,2316.6100000000006,26.378019550575875
44729,8776.68,5875.2,732.0,720,2901.4800000000005,33.05896990661618
46498,8747.61,5886.0,839.0,872,2861.6100000000006,32.71304962155377
21157,8741.4,5225.04,660.0,708,3516.3599999999997,40.22650833962523
4230,8739.97,3421.44,303.0,132,5318.529999999999,60.8529548728428
15505,8733.97,7188.650000000001,103.0,133,1545.3199999999988,17.693213967989344
36625,8731.08,4906.28,392.0,346,3824.8,43.80672265057702
17326,8721.51,5995.95,349.0,355,2725.5600000000004,31.251010432826433
26491,8716.29,6330.38,671.0,721,2385.9100000000008,27.37299929213003
20182,8714.44,7949.700000000001,856.0,1210,764.7399999999998,8.77554954764735
8011,8701.289999999999,6342.24,871.0,876,2359.0499999999993,27.111497260750987
24752,8693.33,5753.650000000001,967.0,967,2939.6799999999994,33.815350389321466
7284,8687.93,5808.88,907.0,943,2879.05,33.13850364816475
31120,8673.119999999999,6625.02,288.0,327,2048.0999999999985,23.614339476451367
14657,8671.5,5543.969999999999,650.0,653,3127.5300000000007,36.0667704549386
20108,8669.49,1862.88,51.0,16,6806.61,78.51223082326642
31790,8667.51,5242.7,1049.0,1018,3424.8100000000004,39.51319352386095
16557,8667.01,6016.99,299.0,301,2650.0200000000004,30.575942568429028
33767,8666.77,5219.34,723.0,731,3447.4300000000003,39.777564190580804
31346,8660.12,6724.52,788.0,899,1935.6000000000004,22.35072955109167
31045,8658.6,6038.91,140.0,153,2619.6900000000005,30.255353059386046
42275,8655.67,5908.200000000001,433.0,458,2747.4699999999993,31.74185245047465
41575,8645.37,1046.8700000000001,163.0,31,7598.500000000001,87.89097516936812
11437,8634.6,633.0699999999999,540.0,59,8001.530000000001,92.6682185625275
18653,8622.789999999999,5111.46,721.0,778,3511.329999999999,40.72150661212902
36267,8614.88,5857.55,612.0,607,2757.329999999999,32.00659788644762
6186,8612.28,5213.6,672.0,665,3398.6800000000003,39.46318512635446
1111,8604.69,6322.29,1231.0,1247,2282.4000000000005,26.5250694679297
23126,8584.84,6957.900000000001,716.0,859,1626.9399999999996,18.95131417708425
25195,8579.22,6213.54,78.0,87,2365.6799999999994,27.574534747914143
37923,8571.78,4844.36,722.0,652,3727.420000000001,43.48478379053126
10175,8567.64,6212.43,1136.0,1197,2355.209999999999,27.489600403378283
16728,8559.689999999999,4002.96,431.0,312,4556.729999999999,53.234754996968334
3349,8553.6,2891.12,8640.0,4072,5662.4800000000005,66.19996258885148
23281,8549.91,1912.74,9.0,3,6637.17,77.62853644073446
1598,8549.91,8100.73,9.0,11,449.1800000000003,5.253622552752021
23871,8537.560000000001,6304.11,244.0,263,2233.4500000000016,26.160284671498662
1929,8534.79,6798.749999999999,1221.0,1225,1736.0400000000018,20.34074652100405
3903,8534.61,2770.01,589.0,239,5764.6,67.54380106413767
23423,8522.86,4610.4,814.0,678,3912.460000000001,45.9054824319536
669,8517.87,7703.08,213.0,287,814.7900000000009,9.565654324379226
17984,8514.32,5797.679999999999,568.0,588,2716.6400000000003,31.906717154159114
24123,8507.83,5354.6,817.0,820,3153.2299999999996,37.06268225857827
33717,8505.19,3420.79,181.0,107,5084.400000000001,59.77996964206561
4148,8501.02,3886.8,498.0,316,4614.22,54.27842776513877
20932,8498.19,5208.43,681.0,701,3289.76,38.711302053731444
41983,8485.34,5895.6,266.0,289,2589.74,30.520167724569667
8877,8482.22,4885.04,578.0,538,3597.1799999999994,42.4084732534643
18102,8468.37,7930.4,163.0,230,537.9700000000012,6.352698335098738
20064,8459.82,5046.88,18.0,16,3412.9399999999996,40.34293873864928
13061,8459.550000000001,4542.12,45.0,36,3917.430000000001,46.30778232884729
12192,8458.63,6630.96,137.0,168,1827.6699999999992,21.607163334960855
8687,8454.25,5123.88,775.0,774,3330.37,39.39284975012568
20132,8447.34,1440.92,66.0,17,7006.42,82.94232267198906
39472,8434.98,5670.84,302.0,314,2764.1399999999994,32.769965074013214
23365,8434.3,6625.92,370.0,464,1808.3799999999992,21.440783467507668
24706,8419.15,5694.78,385.0,447,2724.37,32.35920490785887
44613,8417.12,5071.6,988.0,818,3345.5200000000004,39.74661166764879
14174,8408.36,5259.87,164.0,161,3148.4900000000007,37.44475736053167
2112,8402.06,1694.95,394.0,109,6707.11,79.8269710047298
25622,8401.61,4770.35,939.0,895,3631.26,43.221001688962
24664,8401.59,5620.38,841.0,849,2781.21,33.103376860808496
13745,8391.6,5531.9400000000005,840.0,842,2859.66,34.07764907764908
2983,8369.07,5510.25,93.0,93,2858.8199999999997,34.159351039004335
15584,8367.65,5380.21,835.0,829,2987.4399999999996,35.702258101139506
16725,8367.03,5565.26,1197.0,1202,2801.7700000000004,33.485836670837806
34388,8358.32,6216.18,568.0,626,2142.1399999999994,25.628834502627317
38822,8343.93,4069.7999999999997,807.0,595,4274.130000000001,51.224423023683094
6698,8340.18,3548.93,182.0,121,4791.25,57.44780088679141
1051,8329.109999999999,970.0600000000001,89.0,13,7359.049999999998,88.35337749171279
25562,8328.81,7091.25,119.0,155,1237.5599999999995,14.858785348687261
35490,8327.06,5245.36,694.0,692,3081.7,37.00825981799098
16205,8326.17,5636.25,483.0,501,2689.92,32.306810934679454
5549,8322.15,3271.44,285.0,129,5050.709999999999,60.6899659342838
12304,8321.06,6192.25,694.0,775,2128.8099999999995,25.58339923038651
25185,8298.96,6548.4,504.0,535,1750.5599999999995,21.0937274068076
2641,8298.34,6427.89,166.0,171,1870.4499999999998,22.540050178710437
8688,8297.380000000001,5104.02,762.0,771,3193.3600000000006,38.48636557563954
26646,8288.7,5531.01,530.0,557,2757.6900000000005,33.27047667306092
17921,8287.72,5197.599999999999,628.0,584,3090.12,37.28552605541694
41409,8271.76,5050.87,474.0,407,3220.8900000000003,38.93838796096599
18583,8268.26,5288.01,174.0,169,2980.25,36.044464010565704
20650,8265.51,5546.97,99.0,99,2718.54,32.89016648700443
16526,8262.92,5161.68,908.0,856,3101.24,37.5320104757156
13620,8262.89,3560.44,591.0,668,4702.449999999999,56.91047563261763
21352,8250.97,7840.380000000001,103.0,149,410.5899999999983,4.976263396909677
45524,8249.77,5046.0,823.0,870,3203.7700000000004,38.83465842078022
26087,8249.12,6783.509999999999,688.0,849,1465.6100000000015,17.76686482921816
982,8248.2,6541.08,1180.0,1198,1707.1200000000008,20.696879319124182
33966,8233.39,2566.41,161.0,77,5666.98,68.82924287565632
44703,8228.9,5454.900000000001,610.0,627,2773.999999999999,33.710459478180546
26391,8214.98,4604.099999999999,1102.0,894,3610.88,43.95482399226779
28690,8211.98,5361.3,802.0,805,2850.6799999999994,34.713674412261106
34525,8210.84,512.74,316.0,31,7698.1,93.75532832207179
28039,8207.869999999999,5297.88,913.0,901,2909.989999999999,35.453656064240775
35885,8202.65,5083.29,835.0,843,3119.3599999999997,38.02868585152359
38165,8200.19,5491.73,781.0,841,2708.460000000001,33.02923468846454
3792,8199.18,4285.2,82.0,60,3913.9800000000005,47.73623703833799
19360,8189.21,4688.33,779.0,631,3500.88,42.74991116359209
3672,8181.6900000000005,2857.96,731.0,346,5323.7300000000005,65.0688305227893
31345,8157.419999999999,6115.24,358.0,391,2042.1799999999994,25.0346310475616
18664,8151.88,6234.93,812.0,949,1916.9499999999998,23.51543447646432
15266,8147.66,5298.179999999999,1234.0,1167,2849.4800000000005,34.97298610889508
2717,8139.63,4251.24,137.0,98,3888.3900000000003,47.77109033211583
12387,8123.72,7657.2,528.0,709,466.52000000000044,5.742689309823583
15076,8123.22,5472.179999999999,678.0,707,2651.040000000001,32.635334263998764
21058,8117.150000000001,6091.39,185.0,199,2025.7600000000002,24.956542628878363
43184,8106.93,5852.0,507.0,560,2254.9300000000003,27.81484483028718
4109,8099.969999999999,4218.74,3.0,2,3881.2299999999996,47.91659722196502
23327,8099.91,5547.87,9.0,9,2552.04,31.507016744630494
18337,8094.19,5079.6,481.0,498,3014.5899999999992,37.2438749275715
12450,8085.28,4290.84,872.0,822,3794.4399999999996,46.93022381414125
21684,8082.38,7682.5,662.0,875,399.8800000000001,4.947552577334895
44912,8072.889999999999,5809.92,511.0,534,2262.9699999999993,28.031720982200913
42117,8070.93,5510.400000000001,557.0,574,2560.5299999999997,31.725340202430196
24952,8068.42,7498.0,858.0,815,570.4200000000001,7.069785658158599
33574,8061.499999999999,5610.4800000000005,450.0,482,2451.0199999999986,30.404019103144563
16000,8060.639999999999,5868.02,336.0,362,2192.619999999999,27.201562158836012
27432,8056.08,5823.84,492.0,528,2232.24,27.708761581314977
6942,8048.0,1521.84,700.0,204,6526.16,81.09045725646124
20781,8047.86,4806.62,514.0,494,3241.24,40.27455745999558
15970,8047.110000000001,4176.900000000001,189.0,195,3870.21,48.09440904871438
2779,8043.469999999999,5703.6,453.0,388,2339.869999999999,29.09030555220569
25186,8040.81,424.34000000000003,619.0,49,7616.47,94.72267097469036
20788,8036.2699999999995,5228.099999999999,473.0,471,2808.17,34.94369900463773
2184,8035.65,3294.4,535.0,290,4741.25,59.002694243776176
18837,8027.82,7300.38,618.0,843,727.4399999999996,9.061488673139154
22230,8026.9800000000005,1272.32,502.0,142,6754.660000000001,84.14945595977566
11200,8012.49,5268.9400000000005,551.0,569,2743.5499999999993,34.24091636931839
6862,8005.139999999999,7006.74,286.0,338,998.3999999999996,12.471986748514077
6270,8004.150000000001,3917.76,8085.0,5088,4086.3900000000003,51.05339105339105
25643,8003.41,4844.46,559.0,614,3158.95,39.47005089080779
2953,7999.92,2238.7799999999997,8.0,3,5761.14,72.0149701497015
4353,7990.389999999999,2519.2000000000003,261.0,94,5471.189999999999,68.47212714273019
23230,7988.29,384.99,571.0,41,7603.3,95.18057056015743
10235,7982.889999999999,5160.610000000001,761.0,749,2822.279999999999,35.35411361048441
15509,7978.929999999999,5513.599999999999,307.0,320,2465.33,30.89800261438564
24205,7974.1900000000005,558.42,731.0,82,7415.77,92.99715707802298
27017,7971.76,7678.47,724.0,1083,293.28999999999996,3.679112266300039
605,7967.74,4738.3,526.0,490,3229.4399999999996,40.531443044075225
18565,7962.7300000000005,4367.3,827.0,734,3595.4300000000003,45.153232622479976
10935,7953.150000000001,6365.76,185.0,228,1587.3900000000003,19.959261424718513
26680,7942.06,6517.12,994.0,1198,1424.9400000000005,17.941692709448184
42118,7940.93,5413.95,757.0,795,2526.9800000000005,31.822217296966482
5495,7931.04,5764.98,496.0,494,2166.0600000000004,27.311172305271448
6432,7928.91,2994.56,8009.0,4679,4934.35,62.23238755390086
31524,7923.33,4860.18,867.0,806,3063.1499999999996,38.6598816406738
22294,7921.83,6892.0,317.0,400,1029.83,12.999900275567638
16539,7910.74,5081.84,526.0,556,2828.8999999999996,35.760244932838134
2716,7908.869999999999,6187.84,113.0,122,1721.0299999999988,21.76075722574779
17915,7901.4800000000005,5382.4,852.0,928,2519.080000000001,31.881115942836036
2714,7899.21,1068.6200000000001,79.0,14,6830.59,86.47181173813584
24109,7898.42,5546.88,158.0,162,2351.54,29.772283570638177
32338,7896.879999999999,6730.639999999999,312.0,404,1166.2399999999998,14.768364214727841
24520,7884.93,7105.28,607.0,793,779.6500000000005,9.887849353133134
33953,7883.68,4386.51,632.0,549,3497.17,44.35961378442555
24101,7878.14,64.32,986.0,12,7813.820000000001,99.1835636330403
21981,7878.03,5219.969999999999,197.0,201,2658.0600000000004,33.74016092855702
35650,7869.9,6201.599999999999,410.0,480,1668.3000000000002,21.198490450958722
17347,7869.52,3405.6,248.0,176,4463.92,56.72417123280709
23801,7867.08,4370.6,492.0,410,3496.4799999999996,44.44444444444444
876,7866.25,5807.52,875.0,872,2058.7299999999996,26.171682822183374
6102,7850.78,2760.96,422.0,192,5089.82,64.832029428923
19465,7849.77,5470.4800000000005,1152.0,1159,2379.29,30.31031482451078
20905,7848.27,5420.450000000001,873.0,911,2427.8199999999997,30.934460715546226
15860,7836.08,2399.04,392.0,392,5437.04,69.38469234617308
26356,7835.87,5877.13,713.0,791,1958.7399999999998,24.99709668486077
44269,7828.82,5076.150000000001,718.0,787,2752.669999999999,35.160726648460425
37419,7824.070000000001,7592.2,193.0,308,231.8700000000008,2.9635471052789764
16325,7823.58,4193.28,902.0,896,3630.3,46.4020307838611
17601,7819.77,2813.76,23.0,12,5006.01,64.01735600919208
3943,7817.4800000000005,2263.24,652.0,236,5554.240000000001,71.0489825365719
25731,7816.599999999999,6724.64,340.0,424,1091.9599999999991,13.969756671698683
16146,7808.089999999999,5311.62,391.0,414,2496.4699999999993,31.972864042294592
16724,7798.05,129.85,195.0,5,7668.2,98.33484012028649
44755,7787.410000000001,1436.64,59.0,16,6350.77,81.5517611118459
21342,7787.13,2766.7599999999998,487.0,263,5020.370000000001,64.47009360316318
31204,7779.65,3987.9900000000002,735.0,657,3791.6599999999994,48.73818230897276
19646,7773.2,4786.009999999999,780.0,799,2987.1900000000005,38.42934698708383
2193,7770.86,2428.68,414.0,148,5342.18,68.74631636652829
35990,7769.3,3601.5,70.0,49,4167.8,53.64447247499775
46165,7768.53,5473.5,1197.0,1230,2295.0299999999997,29.54265478797147
14364,7751.83,3299.8900000000003,17.0,11,4451.94,57.43082601140633
25162,7748.45,1940.51,155.0,59,5807.94,74.95615252082675
23297,7740.48,5579.28,352.0,378,2161.2,27.920749100830953
27579,7739.839999999999,4549.650000000001,116.0,105,3190.1899999999987,41.217777111671545
17325,7736.129999999999,5462.31,387.0,399,2273.819999999999,29.39221548758874
14471,7714.53,3744.73,747.0,577,3969.7999999999997,51.45874084357699
32670,7712.4,4919.81,1060.0,1049,2792.5899999999992,36.20909185208235
20662,7692.3,6331.91,770.0,919,1360.3900000000003,17.685087685087687
23420,7691.18,4341.75,582.0,525,3349.4300000000003,43.54897427962939
39689,7684.339999999999,805.38,466.0,93,6878.959999999999,89.5192039914944
26484,7671.02,5334.74,698.0,718,2336.2800000000007,30.4559237233119
25625,7650.04,7101.13,496.0,701,548.9099999999999,7.175256599965489
2667,7649.44,3194.58,456.0,222,4454.86,58.23772720617457
24024,7636.179999999999,6037.29,382.0,441,1598.8899999999994,20.93834875552959
23267,7631.39,5527.8,161.0,180,2103.59,27.564965229139123
10647,7628.509999999999,5814.0,449.0,510,1814.5099999999993,23.785903144912957
281,7627.64,4948.02,736.0,693,2679.62,35.13039419794327
24153,7625.13,5388.96,587.0,618,2236.17,29.32631968241853
45128,7618.49,2564.34,151.0,79,5054.15,66.34057405076334
23188,7617.25,5746.68,275.0,313,1870.5699999999997,24.55702517312678
25777,7606.64,5447.679999999999,536.0,608,2158.960000000001,28.382571016901036
4784,7604.95,5278.7699999999995,405.0,399,2326.1800000000003,30.58770932090284
23827,7601.81,5421.78,519.0,546,2180.0300000000007,28.67777542453706
42785,7599.24,2191.68,76.0,32,5407.5599999999995,71.15922118527642
18098,7594.6900000000005,2052.5699999999997,31.0,13,5542.120000000001,72.97361709299524
6446,7592.5,4713.8,450.0,481,2878.7,37.91504774448469
1874,7589.3099999999995,592.27,69.0,7,6997.039999999999,92.19599673751631
19418,7583.21,6957.36,79.0,108,625.8500000000004,8.253101259229275
356,7569.41,4131.360000000001,609.0,453,3438.0499999999993,45.420316775019444
823,7557.299999999999,4515.03,270.0,221,3042.2699999999995,40.25604382517566
18175,7550.13,5267.87,687.0,709,2282.26,30.22808878787518
10380,7543.08,6437.72,642.0,908,1105.3599999999997,14.653960981455846
19513,7524.63,4851.0,837.0,825,2673.63,35.53171385171098
25918,7521.83,4251.24,717.0,723,3270.59,43.4813070755388
10606,7521.45,4343.34,655.0,573,3178.1099999999997,42.25395369243962
36070,7517.79,4805.2,21.0,20,2712.59,36.0822794996934
43900,7513.33,5926.7300000000005,167.0,191,1586.5999999999995,21.117134479651494
16896,7509.3099999999995,5927.86,69.0,83,1581.4499999999998,21.059857696645896
2025,7501.599999999999,6251.16,440.0,461,1250.4399999999996,16.668977284845894
27146,7500.62,3889.44,738.0,592,3611.18,48.14508667283505
970,7500.17,2494.66,483.0,206,5005.51,66.7386205912666
26769,7498.5,6059.13,150.0,183,1439.37,19.19543908781756
18891,7492.94,2492.56,106.0,56,5000.379999999999,66.73455279236187
5220,7490.900000000001,2564.9700000000003,910.0,443,4925.93,65.75885407627922
28238,7485.78,4855.200000000001,822.0,816,2630.579999999999,35.1410273879275
23851,7479.37,4862.34,713.0,714,2617.0299999999997,34.989979102517985
10242,7476.599999999999,561.29,340.0,37,6915.3099999999995,92.49271059037531
27221,7471.71,7158.21,129.0,179,313.5,4.195826658154559
22524,7470.5,5006.12,250.0,266,2464.38,32.988153403386654
10731,7452.2300000000005,6003.99,477.0,601,1448.2400000000007,19.433646036152947
38105,7445.79,5119.799999999999,621.0,636,2325.9900000000007,31.238995459178952
16989,7441.25,4752.81,775.0,783,2688.4399999999996,36.12887619687552
3483,7440.09,5707.389999999999,491.0,559,1732.7000000000007,23.288696776517497
45330,7426.08,4287.38,892.0,926,3138.7,42.2659061038933
10792,7425.530000000001,2257.08,47.0,21,5168.450000000001,69.60378585770982
21267,7419.36,692.9,464.0,65,6726.46,90.66091954022988
2200,7419.07,2899.82,493.0,269,4519.25,60.913969001505585
6241,7415.62,5175.900000000001,1238.0,1278,2239.7199999999993,30.202734228560786
18952,7406.01,4957.2,549.0,540,2448.8100000000004,33.065172744838314
18240,7399.17,4084.08,283.0,231,3315.09,44.803538775295074
441,7398.52,5559.1900000000005,148.0,149,1839.33,24.860782967404287
971,7387.38,4122.62,462.0,361,3264.76,44.193746632771024
855,7385.28,5795.5,672.0,670,1589.7799999999997,21.52633346332163
15043,7380.799999999999,4725.0,320.0,300,2655.7999999999993,35.98254931714719
25158,7370.09,1448.64,491.0,144,5921.45,80.34433772179173
36139,7345.98,5838.25,502.0,605,1507.7299999999996,20.524559010506422
18533,7345.1,4816.63,490.0,469,2528.4700000000003,34.4239016487182
14724,7333.719999999999,5234.88,428.0,456,2098.8399999999992,28.619036450805314
23954,7332.66,4744.19,734.0,731,2588.4700000000003,35.30055941500084
3770,7325.17,2012.1399999999999,383.0,142,5313.030000000001,72.53114944772614
24152,7325.07,5507.04,543.0,596,1818.0299999999997,24.81928500341976
23381,7321.929999999999,987.8399999999999,407.0,84,6334.089999999999,86.50847522442852
11003,7315.839999999999,5973.75,416.0,531,1342.0899999999992,18.34498840871314
23107,7309.570000000001,1754.72,43.0,16,5554.85,75.9942103297458
3702,7302.24,3290.14,7376.0,4634,4012.1,54.94341462345801
19406,7296.820000000001,5525.26,218.0,269,1771.5600000000004,24.278521328469118
25181,7295.24,450.94,76.0,7,6844.3,93.81870918571562
20512,7291.13,5331.8,187.0,212,1959.33,26.872789265861396
32679,7290.25,3748.16,975.0,689,3542.09,48.58667398237372
43832,7285.51,3178.3999999999996,749.0,548,4107.110000000001,56.373678712952156
21581,7278.61,5034.63,239.0,257,2243.9799999999996,30.829787555590965
6426,7277.08,4912.28,492.0,541,2364.8,32.496550814337624
13122,7275.26,4464.88,474.0,469,2810.38,38.62927235590205
6344,7275.17,4203.7,683.0,635,3071.4700000000003,42.2185323504468
39981,7275.09,4929.83,591.0,617,2345.26,32.236852052689386
44704,7273.17,4982.04,633.0,659,2291.13,31.501119869327955
3677,7265.47,2181.86,653.0,254,5083.610000000001,69.96945827317434
2911,7259.34,5663.52,66.0,69,1595.8199999999997,21.982990189190748
14666,7258.129999999999,4636.96,387.0,397,2621.169999999999,36.11357195310637
17216,7251.009999999999,5339.04,399.0,454,1911.9699999999993,26.368326619326126
33971,7242.59,4862.85,241.0,255,2379.74,32.857582715575504
17617,7242.49,4642.66,451.0,449,2599.83,35.89690838371886
23933,7233.73,6885.54,227.0,311,348.1899999999996,4.813422674056118
35590,7232.57,4932.15,643.0,655,2300.42,31.80639800236984
4824,7228.999999999999,5976.32,400.0,406,1252.6799999999994,17.328537833725267
34580,7218.509999999999,3952.2,249.0,210,3266.3099999999995,45.24908880087442
19489,7216.58,6177.92,762.0,788,1038.6599999999999,14.392690166256036
16839,7211.49,5366.46,451.0,517,1845.0299999999997,25.584587928430874
43193,7206.62,4369.9800000000005,838.0,842,2836.6399999999994,39.36158698529962
18278,7202.0,4652.9,300.0,289,2549.1000000000004,35.39433490697029
15688,7199.84,3599.88,16.0,12,3599.96,50.00055556790151
19970,7199.82,1315.75,18.0,5,5884.07,81.72523757538383
2843,7199.41,1775.5500000000002,159.0,57,5423.86,75.33756238358421
37152,7198.53,4321.5,347.0,335,2877.0299999999997,39.966909910773445
41170,7197.96,5320.0,1804.0,2000,1877.96,26.09016999260902
16996,7196.4,5874.54,360.0,426,1321.8599999999997,18.368350842087708
18095,7191.57,3695.28,443.0,356,3496.2899999999995,48.61650515812263
44199,7189.64,6706.3099999999995,536.0,653,483.33000000000084,6.722589726328451
33581,7185.27,4866.75,673.0,721,2318.5200000000004,32.267680963972126
15401,7181.65,3842.72,735.0,658,3338.93,46.4925191286125
28266,7171.15,4513.12,885.0,842,2658.0299999999997,37.06560314593894
20944,7167.57,5660.6900000000005,343.0,419,1506.8799999999992,21.02358260888975
6245,7154.49,4980.0599999999995,651.0,657,2174.4300000000003,30.39252273746976
22077,7148.72,3678.42,728.0,606,3470.3,48.54435479358543
19577,7130.22,4602.150000000001,478.0,487,2528.0699999999997,35.45570823901647
37387,7124.73,6560.59,227.0,307,564.1399999999994,7.9180544385541545
41032,7118.8099999999995,4415.92,419.0,382,2702.8899999999994,37.96828402499855
8943,7117.89,1671.84,711.0,216,5446.05,76.51214053602963
13060,7115.16,4526.759999999999,84.0,84,2588.4000000000005,36.37866189938105
26319,7094.91,6262.2699999999995,709.0,959,832.6400000000003,11.735737310268917
12086,7092.93,4882.9,507.0,506,2210.0300000000007,31.15820965383841
6525,7078.2300000000005,1999.2,177.0,68,5079.030000000001,71.75565077710105
11443,7078.18,4605.12,842.0,864,2473.0600000000004,34.9392075364006
2163,7071.5,1308.5800000000002,350.0,91,5762.92,81.49501520186665
36859,7065.1900000000005,4303.0,681.0,650,2762.1900000000005,39.095763878961506
44186,7063.43,1706.65,157.0,55,5356.780000000001,75.83822590441189
1181,7055.389999999999,760.38,361.0,69,6295.009999999999,89.22270774542584
13670,7052.9400000000005,5874.12,706.0,882,1178.8200000000006,16.713881019830033
19039,7052.63,4257.0,637.0,660,2795.63,39.639538725269865
13062,7048.59,2566.41,141.0,77,4482.18,63.589739224440635
33879,7048.04,4547.25,696.0,705,2500.79,35.48206309839331
39574,7040.04,5064.3,196.0,306,1975.7399999999998,28.06432917994784
1021,7039.66,1570.96,634.0,146,5468.7,77.6841495185847
39461,7034.33,414.42,67.0,6,6619.91,94.10860735848333
2961,7019.22,4587.96,78.0,78,2431.26,34.63718190910101
35709,7015.96,4282.36,604.0,604,2733.6000000000004,38.962593857433625
24047,7012.2,4547.2,780.0,784,2465.0,35.153019023986765
1864,6998.25,5383.0,175.0,175,1615.25,23.080770192548137
16440,6997.9400000000005,2772.9,206.0,130,4225.040000000001,60.37548192753869
16592,6997.139999999999,4606.16,386.0,412,2390.9799999999996,34.170818362931136
23800,6995.0,2410.4,500.0,262,4584.6,65.54110078627592
23897,6987.63,4647.76,437.0,436,2339.87,33.48588863463005
21861,6982.32,3548.3199999999997,668.0,536,3434.0,49.181360923016996
11396,6978.23,4236.88,477.0,502,2741.3499999999995,39.28431708327182
17020,6970.87,4341.12,613.0,608,2629.75,37.724846396504304
26160,6970.83,4717.44,317.0,324,2253.3900000000003,32.32599274404914
2530,6969.71,1022.1600000000001,29.0,6,5947.55,85.33425350552606
11366,6964.77,4831.72,723.0,796,2133.05,30.626280551978024
19571,6959.03,5147.099999999999,97.0,114,1811.9300000000003,26.037105746059442
42603,6951.85,3048.91,715.0,509,3902.9400000000005,56.1424656746046
5390,6936.93,2725.8,7007.0,3540,4211.13,60.705960705960706
18637,6936.53,5280.28,347.0,404,1656.25,23.877212381406842
36078,6935.83,4750.65,17.0,17,2185.1800000000003,31.505674158680364
1042,6931.9800000000005,4880.76,1002.0,914,2051.2200000000003,29.590679719214425
25565,6931.320000000001,6792.12,1668.0,1986,139.20000000000073,2.0082754799951625
4219,6925.05,1505.88,495.0,141,5419.17,78.25459743972968
5953,6916.54,3316.83,346.0,209,3599.71,52.044953112394346
22830,6898.85,1430.28,115.0,36,5468.570000000001,79.2678489893243
23075,6897.94,328.15999999999997,406.0,28,6569.78,95.24263765703964
17377,6880.41,1073.78,459.0,106,5806.63,84.39366258696793
31194,6878.25,5370.64,275.0,359,1507.6099999999997,21.91851124922763
43232,6877.75,3777.75,625.0,575,3100.0,45.07287993893352
20324,6866.34,4162.79,516.0,521,2703.55,39.373960508800906
1392,6865.7,1749.0,430.0,165,5116.7,74.52554000320434
25691,6846.77,4566.59,623.0,623,2280.1800000000003,33.30300272975432
34907,6844.7,2737.26,710.0,411,4107.44,60.009058103350036
17024,6843.71,4621.6,529.0,530,2222.1099999999997,32.469376989965966
11449,6808.1,4685.2,490.0,530,2122.9000000000005,31.18197441283178
24022,6805.46,5110.48,454.0,508,1694.9800000000005,24.906178274503127
25285,6804.389999999999,1586.23,361.0,127,5218.16,76.68813809908016
16868,6803.299999999999,3883.5200000000004,370.0,328,2919.779999999999,42.91711375361956
15251,6802.950000000001,4335.24,1705.0,1588,2467.710000000001,36.27411637598396
3597,6796.65,2031.1200000000001,835.0,312,4765.53,70.1158659045265
16560,6785.28,4556.82,472.0,519,2228.46,32.84256508205999
17758,6783.389999999999,5869.5,261.0,350,913.8899999999994,13.472467306169916
17912,6779.85,4293.52,715.0,697,2486.33,36.67234525837592
20252,6775.860000000001,740.0,114.0,25,6035.860000000001,89.07887707243066
21442,6767.79,4797.64,521.0,554,1970.1499999999996,29.110684580934098
269,6755.070000000001,5290.73,1693.0,1669,1464.340000000001,21.677643606950053
20402,6754.05,5846.6,695.0,943,907.4499999999998,13.435642318312713
25690,6746.25,4380.0,375.0,375,2366.25,35.07504168982768
24868,6746.08,5303.32,592.0,709,1442.7600000000002,21.386642316723197
24050,6728.82,5019.6,518.0,564,1709.2199999999993,25.401481983468116
10531,6726.69,4860.98,431.0,493,1865.71,27.735929558222544
8366,6721.79,4274.88,721.0,732,2446.91,36.40265465002626
25105,6719.57,4366.08,143.0,144,2353.49,35.02441376457124
8848,6712.2,6478.01,6780.0,8413,234.1899999999996,3.4890199934447663
33206,6701.009999999999,4317.3,399.0,405,2383.709999999999,35.57239878764544
24292,6692.91,5131.280000000001,609.0,686,1561.6299999999992,23.332601215315897
16310,6681.29,3859.52,271.0,224,2821.77,42.23390991859357
22599,6680.38,3706.3599999999997,362.0,196,2974.0200000000004,44.51872498271057
1788,6678.33,1634.64,167.0,56,5043.69,75.52322212289599
22648,6675.28,5547.78,172.0,222,1127.5,16.89067724499946
21730,6668.85,1036.8,115.0,27,5632.05,84.4530916124969
21789,6666.66,4996.85,334.0,365,1669.8099999999995,25.047175047175042
21364,6654.65,4921.84,435.0,476,1732.8099999999995,26.039085451526372
14300,6650.4,4093.93,560.0,551,2556.47,38.44084566341874
11480,6640.57,4647.72,443.0,462,1992.8499999999995,30.010225025863736
20513,6638.71,1844.3600000000001,229.0,98,4794.35,72.21809658804196
40219,6600.9800000000005,4124.25,602.0,611,2476.7300000000005,37.52064087453682
12139,6599.700000000001,1346.85,30.0,9,5252.85,79.59225419337243
40365,6599.12,4095.2200000000003,88.0,83,2503.8999999999996,37.94293784625828
10621,6592.12,4924.5599999999995,388.0,426,1667.5600000000004,25.29626281074981
25201,6589.53,4306.2699999999995,347.0,347,2283.26,34.64981569246973
15745,6569.69,3055.92,231.0,214,3513.7699999999995,53.48456319856797
3350,6569.400000000001,6113.1,560.0,497,456.3000000000002,6.9458398027217125
8254,6563.97,4298.03,453.0,451,2265.9400000000005,34.52087684739571
7202,6562.06,1690.99,594.0,203,4871.070000000001,74.23080557020204
15981,6549.22,4179.84,478.0,448,2369.38,36.178048683660045
12067,6535.65,4181.55,935.0,915,2354.0999999999995,36.019370682334575
16165,6534.209999999999,3184.65,379.0,337,3349.559999999999,51.261897000555535
39334,6523.92,4618.900000000001,408.0,442,1905.0199999999995,29.20054200542005
22854,6523.72,1769.78,528.0,214,4753.9400000000005,72.87161312870572
29650,6523.13,4271.76,687.0,698,2251.37,34.5136460564177
25958,6511.85,4401.0,815.0,815,2110.8500000000004,32.415519399249064
4868,6501.33,5025.9800000000005,6567.0,6362,1475.3499999999995,22.6930489607511
2133,6499.74,5158.400000000001,26.0,26,1341.3399999999992,20.63682547301891
23116,6499.030000000001,4192.16,197.0,197,2306.870000000001,35.49560472870568
25283,6497.4,899.64,260.0,54,5597.759999999999,86.15384615384615
5680,6491.38,1125.6599999999999,3262.0,771,5365.72,82.65915722080666
16174,6481.150000000001,1171.8,185.0,54,5309.35,81.91987533076691
19552,6476.76,1509.3,324.0,117,4967.46,76.69668167417042
5373,6468.74,1591.11,676.0,213,4877.63,75.40309241057764
17378,6460.8,4176.349999999999,520.0,505,2284.4500000000007,35.358624318969795
41372,6460.6900000000005,4553.64,431.0,468,1907.0500000000002,29.517745008660068
13710,6459.62,5246.1,838.0,870,1213.5199999999995,18.786244392084978
25257,6454.87,5774.06,213.0,278,680.8099999999995,10.547230230817965
7211,6454.17,1715.35,583.0,203,4738.82,73.42260894894308
5925,6452.85,1812.45,415.0,129,4640.400000000001,71.91241079523002
22820,6448.5,1220.56,150.0,44,5227.9400000000005,81.07218733038692
24588,6440.83,5467.2,417.0,536,973.6300000000001,15.116530012436288
18972,6440.14,404.13,586.0,57,6036.01,93.72482585782296
2265,6435.78,5732.49,222.0,267,703.29,10.927812945750166
16948,6435.76,3644.93,1024.0,937,2790.8300000000004,43.364420052954124
1779,6434.009999999999,4629.24,99.0,99,1804.7699999999995,28.05046930296968
37798,6433.15,5438.400000000001,385.0,480,994.7499999999991,15.46287588506407
25427,6424.47,4999.22,153.0,181,1425.25,22.18470940015285
16657,6402.27,3752.3700000000003,573.0,519,2649.9,41.39000698189861
15478,6401.41,5820.34,359.0,466,581.0699999999997,9.077218925205537
20516,6399.36,1486.3200000000002,64.0,22,4913.039999999999,76.77392739273927
45839,6391.219999999999,5334.84,278.0,348,1056.3799999999992,16.528612690534818
1022,6382.4800000000005,1176.6,552.0,111,5205.880000000001,81.565159624472
26560,6380.01,6210.0,399.0,575,170.01000000000022,2.6647293656279567
36483,6379.0,4358.91,100.0,109,2020.0900000000001,31.667816272142975
17500,6362.54,2754.15,646.0,427,3608.39,56.713042275569194
36845,6359.8,4984.4,620.0,680,1375.4000000000005,21.626466241076773
42934,6354.7,4458.03,530.0,543,1896.67,29.846727618927726
2215,6347.33,4906.44,367.0,354,1440.8900000000003,22.70072613209019
861,6347.22,4716.7,978.0,1010,1630.5200000000004,25.68872671815378
42601,6344.47,2849.92,653.0,488,3494.55,55.080250990232436
26754,6344.469999999999,5820.8,253.0,340,523.6699999999992,8.253959747622721
46299,6339.8,4069.2299999999996,620.0,627,2270.5700000000006,35.81453673617465
2851,6337.95,3078.0,705.0,684,3259.95,51.43540103661278
18584,6334.530000000001,5137.12,147.0,194,1197.4100000000008,18.902902030616332
17473,6316.34,2883.06,666.0,513,3433.28,54.355528676417045
11333,6311.35,4186.0,465.0,455,2125.3500000000004,33.675045750909085
4627,6298.74,1530.06,126.0,42,4768.68,75.70847502833901
3928,6294.75,961.52,525.0,101,5333.23,84.72504865165415
19485,6289.63,3282.44,37.0,28,3007.19,47.81187446638355
4583,6276.2699999999995,3094.91,273.0,179,3181.3599999999997,50.688705234159784
3785,6261.92,1298.28,658.0,186,4963.64,79.26706185962134
90012,6248.75,856.0,125.0,25,5392.75,86.30126025205041
24704,6248.46,5613.58,554.0,707,634.8800000000001,10.160583567791106
23045,6247.5,4539.74,250.0,278,1707.7600000000002,27.33509403761505
44716,6247.5,3898.4399999999996,250.0,234,2349.0600000000004,37.60000000000001
4150,6247.3,1829.56,470.0,212,4417.74,70.71438861588206
16155,6239.610000000001,2330.9,39.0,22,3908.7100000000005,62.643498551992835
23258,6237.92,174.15,208.0,9,6063.77,97.20820401672353
26058,6235.84,4319.55,416.0,435,1916.29,30.730262482680757
3294,6230.79,2141.94,421.0,174,4088.85,65.62329977418594
1030,6228.719999999999,4746.0,328.0,350,1482.7199999999993,23.804569799252487
21287,6227.2,1820.74,280.0,118,4406.46,70.76149794450154
4834,6223.16,5135.55,434.0,365,1087.6099999999997,17.476812423270488
17529,6222.59,3133.75,141.0,109,3088.84,49.63913740098577
3648,6222.32,1724.25,768.0,285,4498.07,72.28927473996836
16309,6221.07,4449.26,243.0,269,1771.8099999999995,28.480791889498104
12963,6210.72,3271.5699999999997,728.0,683,2939.1500000000005,47.32382074864107
26281,6207.929999999999,5490.46,207.0,271,717.4699999999993,11.557314596008645
14974,6205.78,3720.2,422.0,418,2485.58,40.05266058416508
20427,6201.349999999999,2086.2000000000003,365.0,183,4115.15,66.35893797318326
3212,6199.38,6135.75,62.0,81,63.63000000000011,1.0263929618768346
15476,6198.76,3774.54,124.0,114,2424.2200000000003,39.10814420948706
25609,6187.91,6095.53,309.0,371,92.38000000000011,1.4929111767947516
1364,6183.81,2029.12,619.0,272,4154.6900000000005,67.1865726793029
21561,6182.25,4888.94,275.0,329,1293.3100000000004,20.91972987181043
16824,6176.91,1222.95,309.0,93,4953.96,80.20126568138438
39681,6168.54,4683.36,1546.0,1774,1485.1800000000003,24.076685893258375
12681,6155.13,3952.8,487.0,488,2202.33,35.780397814505946
34674,6149.16,3860.24,684.0,661,2288.92,37.22329553955337
15059,6143.06,3602.2000000000003,594.0,581,2540.86,41.36147131885412
13693,6142.65,4631.38,535.0,611,1511.2699999999995,24.602899400096042
12428,6134.12,3268.23,88.0,79,2865.89,46.72047498255658
29129,6123.87,3986.1000000000004,613.0,618,2137.7699999999995,34.908807665740774
44238,6114.81,3990.6,719.0,739,2124.2100000000005,34.73877356778053
23192,6110.03,2962.12,97.0,71,3147.91,51.52036896709181
25146,6105.9,4112.07,1140.0,1213,1993.83,32.654154178745145
1048,6104.21,3071.11,679.0,601,3033.1,49.68865750031535
23351,6094.4400000000005,3525.6899999999996,836.0,721,2568.750000000001,42.14907358182213
45203,6089.14,3399.68,746.0,664,2689.4600000000005,44.168141970787346
21041,6072.1900000000005,5196.62,381.0,506,875.5700000000006,14.419344585726082
42602,6058.7300000000005,2975.28,627.0,506,3083.4500000000003,50.892678828731434
22649,6048.79,4797.650000000001,121.0,143,1251.1399999999994,20.684136827365464
40240,6043.04,4194.71,696.0,787,1848.33,30.586095739892507
24049,6041.28,4207.92,672.0,712,1833.3599999999997,30.347211187033206
23114,6038.490000000001,4294.4,151.0,160,1744.090000000001,28.882882972398743
24540,6019.139999999999,896.3499999999999,286.0,65,5122.789999999999,85.10833773595563
978,6018.39,4372.5,861.0,825,1645.8900000000003,27.347679362753162
21382,6015.7,4140.48,430.0,456,1875.2200000000003,31.17209967252357
24392,6010.33,471.58,167.0,19,5538.75,92.1538418023636
26503,6010.33,5127.2,167.0,208,883.1300000000001,14.693535962251659
26105,6010.33,4450.5599999999995,167.0,183,1559.7700000000004,25.951486856794894
25496,6008.66,4100.4,334.0,335,1908.2600000000002,31.758495238539048
38137,6001.0599999999995,2598.7,194.0,130,3402.3599999999997,56.69598370954465
26026,6000.929999999999,5890.66,207.0,313,110.26999999999953,1.837548513313762
1300,5999.97,3100.76,3.0,2,2899.21,48.32040826870801
34906,5998.01,3361.95,719.0,723,2636.0600000000004,43.94890972172438
25633,5997.0,4053.0,300.0,300,1944.0,32.416208104052025
20598,5996.25,4515.2,375.0,415,1481.0500000000002,24.699603919116118
20023,5989.219999999999,2483.19,78.0,51,3506.0299999999993,58.539008418458494
15357,5986.4,4113.33,560.0,597,1873.0699999999997,31.28875451022317
18433,5984.37,440.37,63.0,7,5544.0,92.64133066638594
21731,5983.12,1516.02,88.0,33,4467.1,74.66171495808209
27612,5979.77,5064.599999999999,23.0,30,915.170000000001,15.304434785953323
26944,5978.07,3381.48,193.0,186,2596.5899999999997,43.435255860168915
21000,5976.59,2458.18,141.0,89,3518.4100000000003,58.869857226277865
25190,5974.34,1669.92,166.0,71,4304.42,72.0484605830937
25563,5971.1900000000005,3837.6800000000003,181.0,178,2133.51,35.730063856618195
9028,5971.14,2642.52,386.0,228,3328.6200000000003,55.74513409499694
39107,5948.39,2569.56,61.0,42,3378.8300000000004,56.80242889252386
8409,5943.929999999999,3884.36,717.0,722,2059.5699999999993,34.649970642319126
24288,5934.6,4448.22,540.0,623,1486.38,25.046001415428165
22941,5932.83,2251.5,17.0,10,3681.33,62.05015144543161
15761,5931.349999999999,4061.19,1565.0,1631,1870.1599999999994,31.530090114392163
8579,5914.78,2019.3600000000001,722.0,336,3895.4199999999996,65.8590852068885
18734,5899.66,3931.56,634.0,652,1968.1,33.35954953336294
17292,5897.46,4239.8,454.0,493,1657.6599999999999,28.108032949778377
23122,5896.74,5100.0,226.0,300,796.7399999999998,13.511533491386762
21528,5894.719999999999,4947.88,328.0,431,946.8399999999992,16.0625101786005
319,5891.31,4002.03,169.0,159,1889.2800000000002,32.06892864235628
13767,5889.79,4186.35,421.0,443,1703.4399999999996,28.921914024099326
19293,5884.969999999999,3906.56,203.0,218,1978.4099999999994,33.618013345862416
2339,5871.33,648.62,267.0,41,5222.71,88.95275857429237
217,5865.15,4101.3,285.0,279,1763.8499999999995,30.073399657297763
14704,5864.68,3679.96,932.0,934,2184.7200000000003,37.25216039067775
10400,5863.9800000000005,757.05,102.0,21,5106.93,87.08982636366427
23825,5859.55,3962.7000000000003,445.0,595,1896.85,32.37193982473057
4060,5858.46,1430.55,504.0,153,4427.91,75.58146680185578
24331,5855.04,792.0,96.0,20,5063.04,86.47319232661091
36989,5850.97,3492.1,503.0,470,2358.8700000000003,40.31587924737266
26419,5849.24,4574.18,1676.0,1898,1275.0599999999995,21.798729407581146
19034,5848.7,2161.54,130.0,74,3687.16,63.04238548737327
21583,5843.73,4040.2799999999997,227.0,261,1803.4499999999998,30.861282092088445
25750,5840.6900000000005,4082.9100000000003,731.0,741,1757.7800000000002,30.09541680863049
16757,5836.089999999999,3680.88,291.0,313,2155.209999999999,36.92900554994868
24361,5826.76,3930.8799999999997,124.0,128,1895.8800000000006,32.53746507493016
23259,5825.52,428.4,648.0,70,5397.120000000001,92.64615004325795
39285,5819.639999999999,4881.21,236.0,289,938.4299999999994,16.125224240674672
36101,5813.97,3645.2599999999998,103.0,97,2168.7100000000005,37.30170606315479
18109,5808.55,5515.4,895.0,1265,293.15000000000055,5.046870561499867
13651,5805.85,3612.0,415.0,400,2193.8500000000004,37.786887363607406
5005,5803.71,4330.53,129.0,129,1473.1800000000003,25.383418537452773
24335,5797.83,4090.8799999999997,417.0,512,1706.9500000000003,29.441187478763613
20517,5794.39,821.1600000000001,161.0,36,4973.2300000000005,85.82836157041552
10972,5792.78,1893.3600000000001,322.0,161,3899.4199999999996,67.31517509727625
19935,5792.75,3655.7,725.0,695,2137.05,36.89180441068577
151,5788.38,4795.5,362.0,417,992.8800000000001,17.152985809501107
2484,5786.89,1145.45,111.0,31,4641.4400000000005,80.20612107712434
24330,5779.77,226.87,123.0,7,5552.900000000001,96.07475730003098
1762,5779.629999999999,4389.84,337.0,312,1389.789999999999,24.046348987737957
8100,5758.530000000001,661.71,147.0,23,5096.820000000001,88.50904657959585
39736,5753.82,2783.13,118.0,87,2970.6899999999996,51.629873718677324
4379,5752.89,124.1,5811.0,170,5628.79,97.84282334617905
23944,5747.7,844.27,230.0,49,4903.43,85.31116794543905
3730,5742.99,3199.5899999999997,5801.0,4383,2543.4,44.28703515067936
46725,5742.33,2531.1,267.0,195,3211.23,55.922073444054945
24818,5740.719999999999,5149.32,228.0,249,591.3999999999996,10.30184367117713
5071,5738.360000000001,4717.44,164.0,182,1020.920000000001,17.79114590231357
13711,5737.03,3012.75,597.0,585,2724.2799999999997,47.48589426933448
23514,5733.25,4534.05,425.0,501,1199.1999999999998,20.91658308987049
856,5728.09,847.47,191.0,39,4880.62,85.20501598263994
23386,5725.12,3736.26,288.0,297,1988.8599999999997,34.73918450617629
26811,5719.26,3808.86,1194.0,1194,1910.4,33.40292275574113
202,5711.03,3746.4,197.0,168,1964.6299999999997,34.4006247559547
23123,5708.65,4161.72,435.0,474,1546.9299999999994,27.09800040289735
13887,5707.9400000000005,5418.0,106.0,175,289.9400000000005,5.079590885678555
10267,5706.4800000000005,3771.4500000000003,152.0,153,1935.0300000000002,33.90934516549607
2850,5699.85,1714.26,15.0,6,3985.59,69.92447169662358
25736,5696.87,4540.099999999999,713.0,830,1156.7700000000004,20.305360662960545
19216,5695.04,4495.54,296.0,326,1199.5,21.062187447322582
16553,5685.51,3718.5,549.0,555,1967.0100000000002,34.5968963206467
8543,5684.66,2547.32,334.0,172,3137.3399999999997,55.1895803794774
15404,5676.66,3047.48,234.0,188,2629.18,46.31561516807418
1766,5676.66,4541.33,5734.0,6221,1135.33,19.999964768014994
3061,5672.1,996.16,390.0,88,4675.9400000000005,82.4375451772712
38103,5671.2699999999995,3835.02,473.0,483,1836.2499999999995,32.37810931237624
22828,5669.37,355.20000000000005,63.0,6,5314.17,93.7347535969605
45605,5667.11,2974.3199999999997,589.0,486,2692.79,47.516106092876264
10870,5664.99,3835.15,301.0,367,1829.8399999999997,32.300851369552284
24244,5661.639999999999,694.56,236.0,48,4967.08,87.73217654248593
18901,5655.8,3429.55,620.0,565,2226.25,39.36224760422928
17880,5652.99,3438.52,201.0,188,2214.47,39.173428574966515
36419,5650.96,3160.52,504.0,484,2490.44,44.071095884593056
24322,5648.87,460.46000000000004,113.0,14,5188.41,91.84863521376842
34020,5635.08,4216.0,292.0,310,1419.08,25.182961022736144
44761,5627.25,3812.4799999999996,1025.0,1036,1814.7700000000004,32.24967790661514
21386,5625.32,934.26,268.0,69,4691.0599999999995,83.39187815093186
22883,5622.77,3949.44,523.0,528,1673.3300000000004,29.759887030769537
22942,5615.76,2097.81,24.0,13,3517.9500000000003,62.64423693320228
25689,5609.76,3835.08,624.0,636,1774.6800000000003,31.6355779926414
46402,5604.87,3522.68,413.0,644,2082.19,37.14965735155321
19077,5599.72,1710.4099999999999,28.0,13,3889.3100000000004,69.45543705756717
2046,5599.68,4147.84,32.0,32,1451.8400000000001,25.927195839762273
23769,5599.5,1547.28,50.0,21,4052.2200000000003,72.36753281542995
26381,5595.07,3780.8700000000003,193.0,193,1814.1999999999994,32.42497412900999
23745,5585.860000000001,1628.52,14.0,6,3957.3400000000006,70.84567103364567
29955,5577.24,3813.5,676.0,725,1763.7399999999998,31.623885649532742
25194,5572.719999999999,4132.799999999999,328.0,360,1439.92,25.83872866391996
24416,5572.71,3983.68,429.0,472,1589.0300000000002,28.51449294867309
13594,5570.56,3590.4,444.0,440,1980.1600000000003,35.54687500000001
2294,5564.47,2645.44,53.0,32,2919.03,52.458365307028345
43673,5561.66,3489.86,634.0,638,2071.7999999999997,37.25146808686615
11749,5560.71,3780.0,329.0,350,1780.71,32.02306899658497
1059,5552.73,3043.0,927.0,895,2509.7299999999996,45.198127767782694
604,5550.06,3808.74,794.0,741,1741.3200000000006,31.374795948151924
19969,5543.5599999999995,409.05,44.0,5,5134.509999999999,92.6211676251362
45090,5539.38,3574.2,462.0,444,1965.1800000000003,35.47653347486543
564,5537.84,4164.299999999999,616.0,630,1373.5400000000009,24.802811204368506
8228,5534.59,647.94,41.0,6,4886.65,88.2928997450579
18099,5531.88,2526.0,12.0,8,3005.88,54.337404282088556
35896,5530.71,5150.9800000000005,129.0,166,379.72999999999956,6.865845433949702
21196,5527.889999999999,1507.71,211.0,87,4020.1799999999994,72.7253979366449
41377,5527.41,3428.04,559.0,583,2099.37,37.98107974621025
36826,5526.75,4981.2,125.0,168,545.5500000000002,9.871081557877599
26288,5520.72,3985.2,328.0,369,1535.5200000000004,27.813763422162335
20801,5516.08,4888.5199999999995,192.0,238,627.5600000000004,11.37691984162667
34532,5512.06,2750.8,394.0,299,2761.26,50.09488285686295
19822,5511.48,435.6,52.0,6,5075.879999999999,92.09649676674867
12165,5510.75,1953.9,225.0,130,3556.85,64.54384611894932
21428,5506.91,5046.3,409.0,534,460.6099999999997,8.364218772415015
24312,5499.45,738.21,55.0,11,4761.24,86.57665766576658
38198,5497.9400000000005,3413.6,506.0,502,2084.3400000000006,37.911290410590155
21105,5493.22,2959.6,178.0,151,2533.6200000000003,46.12267486101049
46217,5488.32,2898.08,668.0,614,2590.24,47.19549880473441
24863,5469.719999999999,1604.3799999999999,228.0,97,3865.3399999999992,70.6679683786373
5223,5469.25,2004.9,675.0,326,3464.35,63.34232298761256
26028,5467.19,5045.02,281.0,386,422.16999999999916,7.721882722202798
25187,5462.1900000000005,594.87,481.0,79,4867.320000000001,89.10931329741368
18232,5457.2699999999995,1169.18,273.0,106,4288.089999999999,78.5757347538238
693,5455.8,3796.1,420.0,406,1659.7000000000003,30.420836540928924
42640,5436.62,3012.3999999999996,538.0,443,2424.2200000000003,44.59057281914131
23401,5436.6,1198.8,340.0,111,4237.8,77.94945370268182
42167,5433.21,3741.0,379.0,435,1692.21,31.1456763128979
6547,5432.75,3556.3999999999996,525.0,523,1876.3500000000004,34.537757121163324
37314,5432.65,4897.320000000001,335.0,444,535.329999999999,9.853938685540188
10021,5424.22,3084.9900000000002,378.0,391,2339.23,43.12564755854298
19967,5417.57,255.39,43.0,3,5162.179999999999,95.28589386016239
29620,5416.83,3670.44,417.0,438,1746.3899999999999,32.24007399161502
929,5416.83,4055.36,417.0,437,1361.4699999999998,25.134072880263915
26478,5412.15,4455.19,285.0,359,956.96,17.68169766174256
875,5411.9800000000005,3273.44,602.0,499,2138.5400000000004,39.51492799308202
7828,5409.650000000001,2543.2200000000003,735.0,398,2866.4300000000003,52.9873466860148
2088,5399.82,4253.53,18.0,19,1146.29,21.228300202599346
86,5399.82,1653.47,18.0,7,3746.3499999999995,69.3791644906682
23130,5389.259999999999,1679.76,74.0,36,3709.499999999999,68.83134233642465
16753,5388.38,2887.7000000000003,462.0,431,2500.68,46.40875365137573
12803,5385.04,3498.75,296.0,311,1886.29,35.02833776536479
2369,5384.19,503.79999999999995,81.0,10,4880.389999999999,90.64297508074566
20343,5382.29,3774.52,371.0,394,1607.77,29.871485928851843
16684,5368.68,3485.4800000000005,332.0,316,1883.1999999999998,35.07752371160136
25621,5368.34,2910.48,566.0,543,2457.86,45.78435792069802
24929,5367.76,1030.08,224.0,87,4337.68,80.8098722744683
24558,5366.85,3128.0299999999997,575.0,421,2238.8200000000006,41.715717786038375
779,5364.87,4278.4,413.0,448,1086.4700000000003,20.251562479612744
25740,5356.469999999999,4206.99,333.0,339,1149.4799999999996,21.459655332709783
17294,5351.88,3486.08,412.0,416,1865.8000000000002,34.86251560199407
17837,5350.84,3389.88,516.0,492,1960.96,36.647703911909154
3239,5349.4,2925.0,560.0,375,2424.3999999999996,45.32097057613937
16541,5344.38,3867.5,162.0,170,1476.88,27.63426253372702
21983,5343.03,864.3199999999999,297.0,74,4478.71,83.82341106076515
25484,5343.03,3608.99,297.0,301,1734.04,32.45424412739588
1062,5333.37,3436.6400000000003,763.0,752,1896.7299999999996,35.56344300132936
4605,5329.59,198.46,41.0,2,5131.13,96.27626140097081
41003,5321.58,3969.84,242.0,278,1351.7399999999998,25.401102680031112
34694,5314.59,3597.2400000000002,341.0,372,1717.35,32.313875576479084
2467,5310.15,1167.4,185.0,65,4142.75,78.01568693916369
25255,5301.33,4139.82,267.0,327,1161.5100000000002,21.90978490303377
31873,5300.879999999999,3249.95,312.0,311,2050.9299999999994,38.69036839166326
26844,5298.21,4896.679999999999,279.0,379,401.53000000000065,7.578597299842789
22345,5297.88,3588.86,212.0,242,1709.02,32.25856380287964
39456,5291.32,2996.2,68.0,71,2295.12,43.37518804381516
25789,5290.75,578.76,525.0,84,4711.99,89.06090818882011
32803,5287.099999999999,3475.08,190.0,197,1812.0199999999995,34.27247451343836
8958,5284.7300000000005,1134.58,527.0,142,4150.150000000001,78.53097509238883
25339,5283.49,621.54,151.0,27,4661.95,88.23618479452028
25256,5266.9,3762.9,310.0,339,1503.9999999999995,28.555696899504447
21734,5257.37,3655.23,263.0,267,1602.1399999999999,30.474172447440452
17084,5253.8099999999995,4735.22,219.0,298,518.5899999999992,9.870741423842874
24670,5249.25,3999.2400000000002,75.0,84,1250.0099999999998,23.813116159451344
11703,5247.5,4199.2,250.0,290,1048.3000000000002,19.977131967603622
44818,5232.97,2814.43,503.0,431,2418.5400000000004,46.217348847786255
16795,5219.82,2464.02,18.0,13,2755.7999999999997,52.79492396289527
11187,5209.08,979.16,92.0,26,4229.92,81.20282276332865
41985,5206.01,3045.2,99.0,92,2160.8100000000004,41.506067026379135
27287,5199.349999999999,3641.22,65.0,66,1558.1299999999997,29.96778443459278
25204,5197.92,408.0,208.0,24,4789.92,92.15070643642072
19990,5191.67,1894.5,433.0,450,3297.17,63.50885167971
41485,5179.6900000000005,3253.3199999999997,131.0,126,1926.3700000000008,37.190835744996335
8010,5169.06,824.88,94.0,21,4344.18,84.04197281517337
46816,5164.83,3617.6,517.0,532,1547.23,29.957036340015065
8268,5159.599999999999,3026.97,940.0,999,2132.6299999999997,41.33324288704551
22645,5144.39,4628.5199999999995,161.0,207,515.8700000000008,10.027816709075339
24118,5129.64,3207.39,336.0,323,1922.2500000000005,37.47338994549326
702,5128.389999999999,4039.1,311.0,338,1089.2899999999995,21.24038928396631
21783,5126.2,3549.6000000000004,380.0,408,1576.5999999999995,30.75572548866606
25415,5124.79,1589.0,321.0,175,3535.79,68.99385145537671
37910,5119.36,4773.6900000000005,64.0,93,345.66999999999916,6.752211213901722
22008,5118.06,3740.2799999999997,394.0,426,1377.7800000000007,26.919965768279397
1591,5118.0599999999995,3769.6,394.0,380,1348.4599999999996,26.347092452999764
12924,5115.0,3914.32,400.0,452,1200.6799999999998,23.473704789833818
35075,5112.09,2925.8799999999997,391.0,386,2186.2100000000005,42.76548339328925
25737,5109.16,4284.85,284.0,355,824.3099999999995,16.13396331295163
39209,5108.89,3629.46,467.0,482,1479.4300000000003,28.957953684655575
23900,5107.74,3337.4700000000003,426.0,423,1770.2699999999995,34.65857698316672
36209,5104.1900000000005,3594.7,681.0,698,1509.4900000000007,29.57354643929792
2660,5099.83,916.0,17.0,4,4183.83,82.03861697350696
17410,5099.83,2170.96,17.0,11,2928.87,57.430737887341344
21632,5097.83,4974.12,517.0,674,123.71000000000004,2.4267188195761733
26378,5091.17,3965.7599999999998,283.0,324,1125.4100000000003,22.105134968975705
43652,5085.53,2772.7799999999997,247.0,222,2312.75,45.47706925335216
39718,5075.23,2877.63,77.0,71,2197.5999999999995,43.300500666964844
14306,5074.92,1399.86,108.0,63,3675.0600000000004,72.41611690430588
33035,5071.53,3098.76,547.0,527,1972.7699999999995,38.89891216260181
12079,5063.55,3343.5,445.0,450,1720.0500000000002,33.96925082205173
36065,5059.8,2093.7599999999998,20.0,12,2966.0400000000004,58.61970828886518
22000,5055.4,3371.7999999999997,460.0,460,1683.6,33.30300272975432
8525,5046.29,2892.96,471.0,492,2153.33,42.67154681954465
22107,5045.13,1079.73,87.0,27,3965.4,78.59856931337745
18629,5043.509999999999,2096.08,249.0,152,2947.4299999999994,58.440054644483695
43134,5039.28,598.65,72.0,13,4440.63,88.12032671334
4287,5039.16,711.04,84.0,16,4328.12,85.88971177735972
41144,5028.64,3353.7599999999998,536.0,548,1674.8800000000006,33.30681854338351
19845,5026.2,4792.88,380.0,362,233.3199999999997,4.642075524252909
23385,5021.46,3669.12,254.0,288,1352.3400000000001,26.93121124135212
24311,5015.429999999999,2063.12,57.0,34,2952.3099999999995,58.864544017163034
915,5013.54,3777.12,346.0,344,1236.42,24.66161634294331
6483,5013.11,3404.52,539.0,579,1608.5899999999997,32.087666139382534
1905,5012.049999999999,3831.0,295.0,300,1181.0499999999993,23.56421025328956
23898,5012.049999999999,1144.08,295.0,126,3867.9699999999993,77.17341207689469
19827,5005.11,2683.2,289.0,240,2321.91,46.39078861403645
15552,5003.86,3083.1499999999996,414.0,383,1920.71,38.38456711418785
35972,5001.15,3456.44,385.0,391,1544.7099999999996,30.88709596792737
19315,5000.33,3168.2,67.0,70,1832.13,36.640181748004636
31621,4982.58,2787.02,442.0,421,2195.56,44.06472148967001
23756,4979.85,2691.84,15.0,12,2288.01,45.94535979999398
15291,4978.6,3125.55,840.0,933,1853.0500000000002,37.22030289639658
21367,4978.34,3672.0,166.0,180,1306.3400000000001,26.240473732207924
28146,4978.0,2289.2799999999997,400.0,292,2688.7200000000003,54.01205303334673
18589,4977.509999999999,3445.3,249.0,262,1532.2099999999991,30.782660406508462
24967,4975.85,1692.9,415.0,209,3282.9500000000003,65.97767215651598
10722,4971.59,3292.8,741.0,840,1678.79,33.767667888944985
25418,4967.55,3422.8700000000003,845.0,841,1544.6799999999998,31.095409205745284
17937,4959.52,2264.04,448.0,331,2695.4800000000005,54.34961447882054
15064,4951.14,3888.92,286.0,301,1062.2200000000003,21.454048966500647
20959,4949.01,3153.2799999999997,99.0,104,1795.7300000000005,36.28463066350645
41820,4945.34,3530.56,266.0,272,1414.7800000000002,28.60834644331836
26240,4939.88,3385.8,412.0,418,1554.08,31.459873519194797
6592,4935.51,2906.46,549.0,482,2029.0500000000002,41.111252940425615
24048,4935.06,3437.1000000000004,494.0,513,1497.96,30.35343035343035
19865,4918.41,546.42,259.0,42,4371.99,88.89031211306093
5431,4917.58,4093.44,242.0,256,824.1399999999999,16.75905628378186
18540,4911.24,2361.18,176.0,174,2550.06,51.92293595914678
26632,4906.1900000000005,2711.94,581.0,587,2194.2500000000005,44.724113823557595
13605,4903.349999999999,3144.24,265.0,264,1759.1099999999997,35.87567683318547
7404,4901.49,3431.12,4951.0,4456,1470.37,29.99842904912588
22768,4893.96,3357.9,204.0,210,1536.06,31.386852364955985
16961,4883.26,3715.2,74.0,96,1168.0600000000004,23.919676609478103
26242,4871.25,3403.4,375.0,385,1467.85,30.13292276109828
42115,4867.48,4289.04,252.0,444,578.4399999999996,11.883767370384668
18276,4859.18,780.56,82.0,22,4078.6200000000003,83.93638432821999
11397,4859.17,2372.69,383.0,289,2486.48,51.170878977273894
15235,4854.599999999999,3522.12,540.0,588,1332.4799999999996,27.44778148560128
910,4850.889999999999,3648.19,211.0,211,1202.6999999999994,24.793388429752056
33216,4839.3,3504.2799999999997,570.0,598,1335.0200000000004,27.58704771351229
39974,4834.65,3120.62,335.0,337,1714.0299999999997,35.45303176031357
21027,4829.58,2061.8,42.0,26,2767.7799999999997,57.3089171315104
6762,4827.889999999999,2886.4,611.0,640,1941.4899999999993,40.21404795883915
20002,4822.09,2967.72,91.0,84,1854.3700000000003,38.45573185071204
22813,4817.59,3738.24,241.0,288,1079.3500000000004,22.404355704823374
17487,4817.5,3597.2000000000003,750.0,782,1220.2999999999997,25.330565646081986
9140,4815.8099999999995,847.0799999999999,219.0,52,3968.7299999999996,82.41043562765142
24451,4800.04,2010.96,196.0,133,2789.08,58.105349122090644
9291,4799.9400000000005,1240.3,6.0,2,3559.6400000000003,74.16009366783751
11321,4799.6,3426.72,40.0,44,1372.8800000000006,28.604050337528136
2727,4798.11,232.44,189.0,12,4565.67,95.15559251455261
831,4795.2,3468.8999999999996,480.0,465,1326.3000000000002,27.658908908908913
23861,4790.71,2856.0,429.0,480,1934.71,40.384619398794754
11207,4789.85,3494.92,315.0,338,1294.9300000000003,27.034875831184696
5831,4781.16,21.36,684.0,4,4759.8,99.553246492483
8322,4780.18,1541.28,582.0,247,3238.9000000000005,67.75686271228281
24885,4770.65,3298.05,335.0,349,1472.5999999999995,30.867911081299187
23762,4769.91,3605.3999999999996,9.0,10,1164.5100000000002,24.41366818241854
5335,4768.41,22.21,159.0,1,4746.2,99.5342262934605
36076,4759.72,1837.76,28.0,16,2921.96,61.38932542250384
36907,4758.81,882.98,119.0,34,3875.8300000000004,81.44536134033508
6465,4755.96,4080.96,4804.0,5668,675.0,14.192718189387632
18609,4749.05,3284.34,95.0,134,1464.71,30.84216843368674
19364,4748.16,4535.639999999999,334.0,387,212.52000000000044,4.475839061868186
23469,4746.22,2749.1,378.0,370,1997.1200000000003,42.07811690145
15675,4742.05,2395.12,395.0,329,2346.9300000000003,49.491886420429985
8717,4739.04,3571.3,296.0,355,1167.7399999999998,24.640855531922075
26677,4738.42,4052.0,158.0,200,686.4200000000001,14.486263353607324
27095,4738.42,4386.0,158.0,215,352.4200000000001,7.437500263801016
25015,4738.42,244.8,158.0,12,4493.62,94.83372094495634
254,4736.6900000000005,3709.38,431.0,422,1027.3100000000004,21.688351992636214
22809,4736.05,3872.96,395.0,494,863.0900000000001,18.223836319295618
16468,4734.16,3077.05,384.0,395,1657.1099999999997,35.003252953005386
5325,4731.5599999999995,1177.54,244.0,91,3554.0199999999995,75.11307053064951
19618,4730.43,1980.98,57.0,37,2749.4500000000003,58.12262310191674
12415,4728.74,2974.3199999999997,526.0,486,1754.42,37.101215122844565
18601,4728.509999999999,2866.7099999999996,249.0,231,1861.7999999999997,39.37392540144781
26354,4728.36,3239.8199999999997,364.0,369,1488.54,31.481105499581254
11775,4724.79,2849.8100000000004,21.0,19,1874.9799999999996,39.683880130122176
975,4723.650000000001,3604.4700000000003,135.0,137,1119.1800000000003,23.693118668826017
2743,4719.41,562.41,59.0,9,4157.0,88.08304427883994
19648,4716.7,797.4399999999999,330.0,89,3919.2599999999998,83.09326435855576
38731,4711.53,3166.92,447.0,463,1544.6099999999997,32.78361806037529
13805,4699.11,3374.18,189.0,226,1324.9299999999998,28.195339117407336
10032,4697.65,3359.1600000000003,235.0,252,1338.4899999999993,28.492757016806262
7590,4696.4,53.08,260.0,4,4643.32,98.86977259177242
27798,4695.6,2777.72,440.0,428,1917.8800000000006,40.84419456512481
26850,4691.87,3556.44,313.0,356,1135.4299999999998,24.199945863802704
3230,4688.06,920.4,494.0,130,3767.6600000000003,80.36714547168765
10863,4679.28,3726.38,72.0,86,952.8999999999996,20.364244071737524
23403,4674.8,973.2800000000001,520.0,158,3701.52,79.18028578762727
25811,4672.25,3196.7999999999997,275.0,288,1475.4500000000003,31.579003692011348
40926,4670.64,3086.48,936.0,941,1584.1600000000003,33.91740746450166
26939,4668.87,2437.56,113.0,108,2231.31,47.7912214304532
12913,4664.51,2408.04,49.0,36,2256.4700000000003,48.375284863790625
17340,4661.44,2466.94,456.0,469,2194.4999999999995,47.07772705430081
23148,4659.01,3186.48,399.0,426,1472.5300000000002,31.606070817620058
38632,4657.48,1634.18,202.0,202,3023.2999999999993,64.91278545479528
12224,4649.83,2818.53,417.0,429,1831.2999999999997,39.384235552697625
37422,4647.62,4624.41,38.0,61,23.210000000000036,0.4993953894681587
16232,4646.64,2793.06,536.0,531,1853.5800000000004,39.890759774805026
19850,4641.34,3448.74,430.0,458,1192.6000000000004,25.695165620273464
26833,4637.68,4263.28,232.0,322,374.40000000000055,8.073002018250516
19169,4634.2,378.0,580.0,70,4256.2,91.84325234128869
887,4611.45,3298.75,355.0,325,1312.6999999999998,28.466100684166584
540,4610.43,253.44,4657.0,352,4356.990000000001,94.50289886192829
24975,4605.44,564.48,256.0,48,4040.9599999999996,87.7431906614786
22950,4604.38,1004.94,162.0,54,3599.44,78.17426016097716
17170,4604.01,3441.56,149.0,97,1162.4500000000003,25.248641944739482
43924,4600.53,3437.64,297.0,324,1162.8899999999999,25.277305006162333
932,4599.54,1397.75,46.0,25,3201.79,69.611091543937
24684,4593.04,4565.820000000001,196.0,294,27.219999999999345,0.5926358141884099
22944,4589.82,2152.54,18.0,13,2437.2799999999997,53.10186456113747
2555,4589.49,133.32,51.0,2,4456.17,97.09510207016466
23014,4588.219999999999,4100.74,178.0,238,487.47999999999956,10.62459951789582
22338,4574.24,1436.4,176.0,84,3137.8399999999997,68.59806219175208
26299,4572.6,4212.6,590.0,590,360.0,7.872982548222017
41614,4564.8,3648.54,120.0,146,916.2600000000002,20.072292323869615
8720,4554.3,3474.68,570.0,583,1079.6200000000003,23.705509079331627
24759,4551.969999999999,2051.58,343.0,186,2500.3899999999994,54.92984356223788
23149,4550.42,1921.3899999999999,358.0,271,2629.03,57.77554599355664
22054,4549.860000000001,2954.42,14.0,14,1595.4400000000005,35.065694329056285
23103,4549.650000000001,1519.3799999999999,35.0,18,3030.2700000000004,66.60446407965448
1039,4549.44,350.53999999999996,356.0,34,4198.9,92.29487585285221
19656,4548.94,224.58,506.0,38,4324.36,95.06302567191479
44207,4544.45,2889.2000000000003,455.0,466,1655.2499999999995,36.42354960446258
607,4538.37,2961.8399999999997,463.0,516,1576.5300000000002,34.737802338725146
10624,4538.22,1924.74,78.0,51,2613.4800000000005,57.588217406824704
24033,4536.13,3064.95,947.0,973,1471.1800000000003,32.43249201411776
23662,4534.32,953.47,168.0,53,3580.8499999999995,78.97215017907865
25863,4534.11,3916.4399999999996,189.0,253,617.6700000000001,13.622739633577485
2855,4528.49,647.4,151.0,30,3881.0899999999997,85.7038438861519
25467,4523.19,223.98999999999998,181.0,13,4299.2,95.04796393695601
3722,4519.88,3562.8999999999996,362.0,395,956.9800000000005,21.172686000513295
23189,4507.42,733.0400000000001,158.0,34,3774.38,83.73703803949931
23512,4504.08,3653.13,392.0,493,850.9499999999998,18.892870464112534
17059,4502.16,3209.13,484.0,543,1293.0299999999997,28.72021429713737
24304,4490.79,3192.6000000000004,321.0,340,1298.1899999999996,28.907831361519904
1672,4477.759999999999,1822.86,224.0,114,2654.8999999999996,59.29080611734439
2797,4469.85,2026.5,4515.0,2702,2443.3500000000004,54.66290815128024
41394,4467.13,1921.5,187.0,122,2545.63,56.985805203788566
37568,4463.76,1410.97,24.0,11,3052.79,68.39054967112926
21832,4461.21,3406.7000000000003,279.0,326,1054.5099999999998,23.637309160519226
24937,4459.95,3394.71,255.0,297,1065.2399999999998,23.884572697003325
4978,4459.15,3272.48,435.0,452,1186.6699999999996,26.61202247065023
19588,4454.45,1619.7,55.0,30,2834.75,63.638608582428816
10932,4453.27,3162.87,373.0,339,1290.4000000000005,28.9764599945658
4748,4449.88,616.42,212.0,37,3833.46,86.1474916177515
5434,4446.629999999999,855.3600000000001,387.0,99,3591.269999999999,80.76385937215373
2186,4446.61,1427.8799999999999,139.0,73,3018.7299999999996,67.88834640321502
26243,4442.58,3129.2999999999997,342.0,366,1313.2800000000002,29.561200923787535
38622,4442.58,3113.04,342.0,357,1329.54,29.927204462271924
24313,4439.94,2883.06,6.0,6,1556.8799999999997,35.06533872079352
19977,4437.56,3047.16,394.0,402,1390.4000000000005,31.33253409531365
17281,4419.66,2670.9,34.0,30,1748.7599999999998,39.56774955539566
258,4418.7,3010.7200000000003,130.0,124,1407.9799999999996,31.864122932084086
15171,4416.95,3517.41,305.0,377,899.54,20.36563692140504
2036,4416.84,145.65,116.0,5,4271.1900000000005,96.70239356644117
25653,4408.53,3630.3199999999997,147.0,184,778.21,17.652369383898943
18838,4404.4400000000005,2666.56,406.0,416,1737.8800000000006,39.45745656655558
21467,4402.63,2297.6800000000003,37.0,28,2104.95,47.811194672275434
4041,4399.89,2571.39,11.0,9,1828.5000000000005,41.5578571282464
22028,4399.12,1224.3600000000001,88.0,36,3174.7599999999998,72.16806997763189
21412,4394.5,703.57,550.0,133,3690.93,83.9897599271817
24672,4383.84,2674.35,316.0,315,1709.4900000000002,38.99526442570897
14119,4382.28,3011.04,1332.0,1394,1371.2399999999998,31.290561077795115
22671,4378.87,2678.02,313.0,293,1700.85,38.842212716979496
6738,4378.77,3449.94,4423.0,4423,928.8300000000004,21.212121212121218
18900,4374.21,2387.64,479.0,404,1986.5700000000002,45.415515030142586
25382,4371.57,2472.48,243.0,202,1899.0899999999997,43.44182982315278
24185,4370.53,2277.36,47.0,36,2093.1699999999996,47.89281849112121
25535,4367.7,3760.75,230.0,307,606.9499999999998,13.896329876136178
61,4364.88,3307.2000000000003,312.0,312,1057.6799999999998,24.23159399571122
6863,4361.78,2530.3799999999997,362.0,362,1831.4,41.98744549243658
46475,4361.7,2592.0,430.0,384,1769.6999999999998,40.573629548111974
23878,4360.13,4066.71,387.0,479,293.4200000000001,6.729615860077567
22010,4351.16,3516.1299999999997,484.0,587,835.0300000000002,19.190974360860096
23771,4349.700000000001,2806.2,30.0,30,1543.500000000001,35.485205876267344
31075,4345.5,1965.7,150.0,110,2379.8,54.76469911402601
40213,4341.28,1800.0500000000002,272.0,185,2541.2299999999996,58.53642243762208
20383,4340.92,2257.5,308.0,250,2083.42,47.99489509136312
3070,4340.07,1305.8700000000001,193.0,79,3034.2,69.91131479446184
2392,4339.38,1014.4,62.0,20,3324.98,76.62338859468403
17063,4326.35,3688.36,265.0,346,637.9900000000002,14.746610884463813
41978,4319.1,2742.6,90.0,84,1576.5000000000005,36.500659859692995
45860,4311.360000000001,2889.6,864.0,840,1421.7600000000007,32.97706524159431
11529,4306.05,458.72,735.0,122,3847.33,89.34708143193878
27100,4302.69,3234.69,331.0,381,1067.9999999999995,24.821681320290324
3740,4296.56,831.08,344.0,158,3465.4800000000005,80.65708380658016
46141,4295.03,2686.8599999999997,197.0,207,1608.17,37.44257898082202
28578,4292.42,3013.98,358.0,382,1278.44,29.783665158581872
24858,4290.11,2096.91,289.0,207,2193.2,51.122232297073964
24992,4289.22,3075.3,78.0,85,1213.92,28.301649250912753
24353,4287.23,2307.48,177.0,201,1979.7499999999995,46.17783510565096
261,4286.7,3516.48,330.0,352,770.2199999999998,17.967667436489602
43777,4284.53,2638.72,247.0,217,1645.81,38.41284808368713
24418,4280.94,3259.52,306.0,352,1021.4199999999996,23.859713053675122
11774,4274.81,2516.34,19.0,17,1758.4700000000003,41.13562941978708
37342,4274.429999999999,2979.6,57.0,60,1294.8299999999995,30.29246004730454
14688,4273.85,2998.8,115.0,126,1275.0500000000002,29.833756449103273
13718,4273.03,2358.72,397.0,324,1914.31,44.79982588467668
25462,4271.69,311.55,131.0,15,3960.1399999999994,92.70663367426006
24528,4270.22,1117.24,178.0,68,3152.9800000000005,73.83647680915738
24963,4266.0599999999995,621.97,194.0,41,3644.0899999999992,85.42050510306933
28155,4263.36,2487.12,264.0,241,1776.2399999999998,41.662913758162574
26681,4256.91,2898.84,609.0,609,1358.0699999999997,31.902718168812584
43152,4254.88,3577.15,112.0,145,677.73,15.928298800436206
43097,4246.82,3244.1600000000003,118.0,137,1002.6599999999994,23.609665585073053
2664,4233.58,777.0,292.0,74,3456.58,81.64673869396586
21431,4231.54,1382.76,46.0,23,2848.7799999999997,67.3225350581585
22957,4224.349999999999,1062.0,65.0,25,3162.3499999999995,74.86003763892668
2292,4224.1,689.77,90.0,23,3534.3300000000004,83.67060438910063
106,4216.11,3192.6,939.0,939,1023.5099999999998,24.276169265033403
20375,4199.79,2068.7999999999997,21.0,15,2130.9900000000002,50.74039416256527
2118,4199.79,151.51,21.0,1,4048.2799999999997,96.39243866955252
25527,4199.72,3850.9199999999996,28.0,38,348.80000000000064,8.305315592468084
23337,4199.700000000001,567.54,30.0,6,3632.1600000000008,86.48617758411315
1995,4199.58,3087.84,42.0,42,1111.7399999999998,26.47264726472647
27170,4199.3,3271.7999999999997,70.0,84,927.5000000000005,22.08701450241708
25338,4199.16,486.9,84.0,15,3712.2599999999998,88.40482382190724
44992,4193.66,2634.84,34.0,39,1558.8199999999997,37.17087222140087
21959,4192.01,2771.12,659.0,737,1420.8900000000003,33.8951958606969
6394,4183.01,3043.6200000000003,299.0,333,1139.3899999999999,27.238519630600926
23284,4179.81,142.85,19.0,1,4036.9600000000005,96.58238053882833
21438,4179.62,1213.76,38.0,16,2965.8599999999997,70.96003942942181
5126,4179.24,578.9,76.0,14,3600.3399999999997,86.14819919411184
46583,4175.42,941.0,58.0,20,3234.42,77.46334500481389
21081,4171.93,4033.5,107.0,150,138.4300000000003,3.318128540028243
17323,4170.82,2762.0,118.0,100,1408.8199999999997,33.77801007955269
21006,4166.57,682.88,43.0,11,3483.6899999999996,83.61049976359452
28954,4164.9400000000005,3194.05,106.0,127,970.8900000000003,23.311020086723943
3120,4164.72,2384.92,228.0,218,1779.8000000000002,42.73516586949423
17413,4159.68,339.84,32.0,4,3819.84,91.83014078005999
473,4146.78,2708.1,122.0,102,1438.6799999999998,34.69390707971004
7278,4144.84,692.0,116.0,25,3452.84,83.30454251551328
25807,4139.31,3489.69,69.0,89,649.6200000000003,15.69392000115962
2801,4138.9400000000005,636.64,106.0,23,3502.3000000000006,84.61828390844033
26869,4133.61,3769.89,39.0,53,363.7199999999998,8.799088448111938
3560,4124.32,1380.4,318.0,145,2743.9199999999996,66.53024013655585
2039,4115.16,3265.92,84.0,84,849.2399999999998,20.636864666258415
33706,4111.21,2810.1000000000004,479.0,510,1301.1099999999997,31.647860362277765
26219,4102.63,2413.29,237.0,213,1689.3400000000001,41.17700109441992
17315,4079.49,2270.1,51.0,42,1809.3899999999999,44.353338284932676
25497,4077.96,2647.92,204.0,204,1430.04,35.06753376688344
24125,4074.58,1529.12,242.0,152,2545.46,62.47171487613448
20424,4065.5699999999997,181.92000000000002,43.0,3,3883.6499999999996,95.5253506888333
24454,4065.1499999999996,528.36,185.0,37,3536.7899999999995,87.00269362754142
24876,4046.0199999999995,276.15000000000003,198.0,21,3769.8699999999994,93.17477422256934
16559,4045.17,3377.92,283.0,377,667.25,16.494980433455204
804,4039.75,3433.32,275.0,297,606.4299999999998,15.01157249829816
24595,4034.6099999999997,1095.82,459.0,187,2938.79,72.8395061728395
2491,4027.0,1506.33,100.0,63,2520.67,62.59423888750931
25886,4023.8500000000004,3716.02,115.0,154,307.8300000000004,7.650136063720078
26485,4016.65,2911.04,335.0,352,1105.6100000000001,27.525674380391624
4857,4000.59,2752.5,4041.0,3670,1248.0900000000001,31.19764834686884
23997,3998.0,2383.2,200.0,180,1614.8000000000002,40.390195097548784
12593,3997.5899999999997,2065.71,141.0,111,1931.8799999999997,48.32611648518232
976,3995.29,2883.42,421.0,386,1111.87,27.829519258927384
20096,3993.08,2393.16,392.0,407,1599.92,40.06731645747143
3138,3992.67,631.72,333.0,68,3360.95,84.17800619635481
17361,3989.7499999999995,2642.28,225.0,227,1347.4699999999993,33.77329406604422
23391,3989.43,627.51,57.0,13,3361.92,84.27068528586791
26867,3988.67,3370.84,133.0,163,617.8299999999999,15.489624361002537
23173,3987.15,311.85,285.0,33,3675.3,92.17862382905084
24285,3987.15,821.73,285.0,91,3165.42,79.39054211654941
11340,3983.06,1913.6000000000001,294.0,208,2069.46,51.95653592966212
11156,3982.5699999999997,2761.85,443.0,455,1220.7199999999998,30.651564190962116
21459,3977.7400000000002,2113.65,26.0,21,1864.0900000000001,46.86304283336769
634,3973.16,2623.97,284.0,257,1349.19,33.957605533127285
25353,3973.16,1724.3999999999999,284.0,180,2248.76,56.59877779903151
23534,3968.74,3736.8,226.0,360,231.9399999999996,5.844172205788226
18800,3968.69,2762.18,331.0,334,1206.5100000000002,30.400711569812717
11819,3966.34,2336.84,266.0,226,1629.5,41.08321525638245
19318,3959.76,2171.0,24.0,20,1788.7600000000002,45.17344485524376
2074,3959.58,686.9,42.0,10,3272.68,82.65220048591011
11029,3944.5299999999997,2563.2,147.0,144,1381.33,35.018874238502434
6257,3942.37,2553.74,263.0,259,1388.63,35.223228667020095
23948,3937.9900000000002,25.15,101.0,1,3912.84,99.36134931779918
26078,3934.3599999999997,2723.28,164.0,168,1211.0799999999995,30.782134832603003
956,3928.69,2334.78,131.0,102,1593.9099999999999,40.57103003800249
21463,3919.7200000000003,1047.53,28.0,11,2872.1900000000005,73.27538701744002
25265,3912.09,668.1500000000001,91.0,23,3243.94,82.9208939467139
2584,3911.94,999.5999999999999,206.0,70,2912.34,74.44746085062654
29470,3909.7700000000004,2510.04,23.0,26,1399.7300000000005,35.800827158630824
14105,3909.66,1127.4,34.0,15,2782.2599999999998,71.16373290772088
22022,3908.88,1555.6100000000001,112.0,71,2353.27,60.203178404044124
25007,3904.29,3545.6400000000003,71.0,98,358.64999999999964,9.18604919204259
9090,3898.44,2953.08,156.0,156,945.3600000000001,24.249699879951983
21979,3890.7099999999996,907.9200000000001,229.0,78,2982.7899999999995,76.66441343610806
23250,3886.05,165.48000000000002,655.0,42,3720.57,95.74169143474737
16796,3883.8900000000003,120.64999999999999,111.0,5,3763.2400000000002,96.89357834542173
21700,3880.38,2413.8,562.0,596,1466.58,37.79475206036522
995,3880.12,3229.98,188.0,202,650.1399999999999,16.75566735049431
23777,3869.7000000000003,784.44,30.0,9,3085.26,79.72866113652222
25252,3868.71,3270.15,129.0,169,598.56,15.47182394131377
23025,3867.42,2478.6,258.0,243,1388.8200000000002,35.91076221356874
25258,3867.04,2938.64,316.0,337,928.4000000000001,24.008026811204438
2498,3861.11,993.82,89.0,37,2867.29,74.26076957144447
25157,3858.45,1735.6299999999999,255.0,169,2122.8199999999997,55.01742927859632
27807,3853.66,1941.12,634.0,576,1912.54,49.62918368512012
42801,3853.59,3022.2200000000003,241.0,274,831.3699999999999,21.573909004331025
2301,3839.84,2976.64,16.0,16,863.2000000000003,22.480103337639072
45980,3839.36,1679.58,64.0,42,2159.78,56.25364644107351
18126,3835.51,3034.59,349.0,403,800.9200000000001,20.88170803882665
8114,3835.2,2498.4900000000002,480.0,391,1336.7099999999996,34.85372340425531
18797,3834.43,2958.02,307.0,367,876.4099999999999,22.85633066713957
35392,3830.28,3016.8,272.0,360,813.48,21.238134026755223
120,3819.27,2516.04,273.0,241,1303.23,34.12248937624206
7792,3817.17,3018.12,83.0,84,799.0500000000002,20.93304725752325
21615,3809.55,2840.47,545.0,593,969.0800000000004,25.43817511254611
3432,3807.01,3325.2,299.0,255,481.8100000000004,12.655863788117195
36000,3806.07,2911.8,293.0,345,894.27,23.49588946078238
25596,3798.1,2599.35,190.0,195,1198.75,31.561833548353125
23393,3795.89,163.51999999999998,211.0,14,3632.37,95.69218286093644
865,3795.25,2425.5,475.0,441,1369.75,36.09116658981622
35801,3793.78,2619.36,422.0,428,1174.42,30.95646031135174
17914,3791.94,2455.2000000000003,406.0,396,1336.7399999999998,35.25214006550736
7241,3788.77,641.08,123.0,31,3147.69,83.07946906251897
833,3786.21,3227.96,379.0,404,558.25,14.744295746934268
2058,3783.14,893.16,86.0,27,2889.98,76.3910402469906
2089,3782.2799999999997,545.49,172.0,33,3236.79,85.577746755925
20772,3782.03,363.86,97.0,14,3418.17,90.37924077810064
20061,3779.9300000000003,2589.02,7.0,7,1190.9100000000003,31.50613900257413
19000,3777.67,2024.64,333.0,304,1753.03,46.40505920315962
22337,3772.98,1233.0,102.0,50,2539.98,67.3202614379085
35910,3764.0399999999995,2673.44,196.0,217,1090.5999999999995,28.974187309380333
18748,3763.66,1355.2,454.0,242,2408.46,63.992496665479884
23983,3761.43,3433.4300000000003,57.0,77,327.99999999999955,8.720087838933585
23147,3761.3,719.1,270.0,90,3042.2000000000003,80.88161008162072
24964,3759.06,941.04,94.0,36,2818.02,74.96608194601842
24938,3757.65,3113.46,235.0,294,644.19,17.143427408087504
22840,3755.75,1677.2,25.0,20,2078.55,55.343140517872605
913,3752.91,2930.66,259.0,277,822.25,21.909664766807623
25718,3749.95,1948.04,5.0,4,1801.9099999999999,48.05157402098694
19265,3743.52,704.48,48.0,14,3039.04,81.181348036073
19684,3739.66,455.16,34.0,6,3284.5,87.82884005497826
44102,3739.32,2372.58,68.0,63,1366.7400000000002,36.55049581207279
38106,3737.7599999999998,2457.84,624.0,627,1279.9199999999996,34.242969050982396
26342,3728.13,3368.96,287.0,376,359.1700000000001,9.634052460616987
19062,3722.27,679.8,73.0,20,3042.4700000000003,81.73695083913849
37794,3721.71,2486.01,429.0,479,1235.6999999999998,33.20247950538865
25528,3719.69,3575.7,31.0,45,143.99000000000024,3.87102150985701
27433,3715.72,3068.16,228.0,282,647.56,17.427577966046957
23392,3696.3,198.6,370.0,30,3497.7000000000003,94.62705949192436
23783,3695.78,1714.1999999999998,22.0,15,1981.5800000000004,53.61736899923697
2242,3694.3199999999997,449.4,168.0,28,3244.9199999999996,87.83537971805366
4304,3681.81,316.79,3719.0,401,3365.02,91.39580804006725
780,3676.17,2765.04,283.0,281,911.1300000000001,24.784762402174003
4259,3674.57,688.86,343.0,89,2985.71,81.25331671460879
8402,3673.5299999999997,492.36,147.0,33,3181.1699999999996,86.59708781471772
20177,3656.05,1906.3999999999999,95.0,80,1749.6500000000003,47.85629299380479
14293,3647.84,2342.4,16.0,15,1305.44,35.78665730953112
21517,3645.7200000000003,2403.5,468.0,475,1242.2200000000003,34.073379195330425
21419,3643.4399999999996,2559.96,456.0,468,1083.4799999999996,29.737830182464915
4453,3642.21,365.84,279.0,34,3276.37,89.95554896614966
25259,3637.69,2389.33,331.0,337,1248.3600000000001,34.31738273464754
18774,3636.58,3618.2999999999997,142.0,210,18.2800000000002,0.5026700911295834
41864,3626.7,2111.04,330.0,288,1515.6599999999999,41.791711473240134
18529,3624.58,2606.1,442.0,511,1018.48,28.0992556378946
14348,3611.82,2414.82,318.0,334,1197.0,33.14118643786235
34950,3609.3,2793.6,70.0,80,815.7000000000003,22.59995012883385
16290,3602.08,2264.76,752.0,699,1337.3199999999997,37.12632701106027
17408,3599.96,1824.3,4.0,3,1775.66,49.32443693818821
14328,3599.64,1372.3500000000001,36.0,21,2227.29,61.875354202086875
25206,3599.6,364.79999999999995,40.0,6,3234.8,89.86554061562396
39765,3599.28,2567.28,72.0,76,1032.0,28.672401146896043
39550,3592.35,344.0,265.0,40,3248.35,90.42409564769581
24587,3588.79,446.49,621.0,99,3142.3,87.55875935900401
40366,3587.08,1828.52,92.0,68,1758.56,49.02483356936561
1980,3576.21,2699.73,79.0,81,876.48,24.50862784903571
19583,3574.8900000000003,3095.1200000000003,11.0,14,479.77,13.420552800226018
3701,3572.91,1767.23,3609.0,2237,1805.6799999999998,50.53807680574097
24328,3564.7700000000004,1215.6,23.0,12,2349.1700000000005,65.89962325760148
21034,3563.35,2938.4,65.0,80,624.9499999999998,17.538271570291997
565,3563.27,2684.96,173.0,173,878.31,24.64898814852649
11771,3557.7799999999997,2933.0099999999998,122.0,153,624.77,17.56066985592139
16378,3556.38,1551.78,362.0,233,2004.6000000000001,56.36630506301351
23436,3551.13,1613.3,187.0,130,1937.8300000000002,54.56939058834793
12646,3550.33,2324.92,67.0,68,1225.4099999999999,34.51538307706607
5414,3547.56,1703.55,444.0,277,1844.01,51.97967053411359
8708,3547.56,2527.14,564.0,547,1020.4200000000001,28.763995534959243
16246,3539.5699999999997,2450.56,443.0,448,1089.0099999999998,30.76673155213768
39282,3536.75,287.28,325.0,42,3249.4700000000003,91.87728847105394
5789,3532.98,1572.5,202.0,125,1960.48,55.49083210207814
8550,3522.18,676.08,282.0,72,2846.1,80.80506958758497
18267,3518.8999999999996,691.52,110.0,32,2827.3799999999997,80.34840433089886
21737,3509.87,1087.1999999999998,13.0,9,2422.67,69.0244937846701
90088,3509.7400000000002,554.76,26.0,6,2954.9800000000005,84.19370095790572
1215,3509.4599999999996,152.31,54.0,3,3357.1499999999996,95.66001607084851
8385,3499.99,2713.17,1.0,1,786.8199999999997,22.48063565895902
19610,3499.7200000000003,1379.2,28.0,16,2120.5200000000004,60.591133004926114
25564,3499.65,2348.8500000000004,35.0,35,1150.7999999999997,32.883288328832876
19264,3499.5,1582.02,50.0,33,1917.48,54.79297042434633
11433,3496.5,2397.7200000000003,350.0,348,1098.7799999999997,31.42513942513942
23950,3494.82,346.86,318.0,47,3147.96,90.0750253231926
731,3481.7099999999996,2863.4,129.0,139,618.3099999999995,17.758802427542776
26163,3480.42,2540.16,258.0,288,940.2600000000002,27.01570500112056
16044,3475.65,2309.55,435.0,445,1166.1,33.5505588882655
23021,3469.52,1752.4399999999998,248.0,193,1717.0800000000002,49.49041942401255
12374,3466.53,892.44,347.0,134,2574.09,74.25552353506244
24575,3464.01,46.34,99.0,2,3417.67,98.66224404663959
123,3459.42,2286.25,58.0,59,1173.17,33.912332125038304
23397,3453.12,499.1,288.0,62,2954.02,85.54640441108332
43143,3452.16,1983.87,384.0,329,1468.29,42.532501390433815
10440,3448.85,2600.64,115.0,144,848.21,24.59399509981588
3408,3442.3199999999997,1827.54,168.0,117,1614.7799999999997,46.90964233423969
25597,3438.2799999999997,2537.3599999999997,172.0,184,900.9200000000001,26.202636201821843
46802,3438.11,2073.3599999999997,689.0,636,1364.7500000000005,39.69477416371205
2765,3429.59,1082.52,41.0,18,2347.07,68.43587717482265
25203,3429.36,338.2,264.0,38,3091.1600000000003,90.13810156997224
23663,3429.36,2445.12,264.0,288,984.2400000000002,28.700398908251106
2502,3429.02,80.76,98.0,3,3348.2599999999998,97.64480813760198
20883,3419.62,979.52,38.0,16,2440.1,71.35588164766845
25139,3418.29,489.59999999999997,171.0,36,2928.69,85.67704905084122
39234,3417.3799999999997,2348.5,162.0,175,1068.8799999999997,31.277762496415374
23968,3417.15,2257.71,285.0,273,1159.44,33.93002941047364
17132,3414.5,2374.9199999999996,150.0,162,1039.5800000000004,30.44603895153025
24483,3409.38,2983.02,62.0,83,426.3600000000001,12.505499533639549
42423,3406.8799999999997,612.35,112.0,37,2794.5299999999997,82.02607664490678
10591,3406.8399999999997,1191.04,116.0,64,2215.7999999999997,65.03974357469092
23680,3402.27,2858.46,173.0,213,543.81,15.983740267527265
5795,3399.99,2518.51,1.0,1,881.4799999999996,25.925958605760595
42655,3399.5,2701.8,50.0,60,697.6999999999998,20.523606412707746
25188,3399.37,227.92000000000002,363.0,37,3171.45,93.29522823346679
8767,3388.87,452.64,113.0,23,2936.23,86.6433353890825
23527,3387.56,2425.67,44.0,47,961.8899999999999,28.394773819504298
44025,3381.21,1847.86,79.0,67,1533.3500000000001,45.349150156304994
18212,3378.7,313.92,130.0,18,3064.7799999999997,90.70885251724036
600,3375.27,2271.56,463.0,436,1103.71,32.699902526316414
20728,3366.94,2548.2000000000003,306.0,411,818.7399999999998,24.31703564661086
19061,3365.34,781.77,66.0,23,2583.57,76.76995489311629
25341,3359.88,1297.94,12.0,7,2061.94,61.36945367096443
2239,3358.3999999999996,189.36,160.0,12,3169.0399999999995,94.36160076226774
2837,3357.27,476.98,73.0,14,2880.29,85.79262317299472
18811,3357.2,2626.4,280.0,335,730.7999999999997,21.768140116763963
587,3354.02,3259.89,198.0,261,94.13000000000011,2.80648296670861
8272,3350.23,2046.9199999999998,627.0,701,1303.3100000000002,38.90210522859625
45866,3346.65,2148.7999999999997,335.0,316,1197.8500000000004,35.7925089268373
36208,3342.48,2481.6,152.0,240,860.8800000000001,25.75572628706829
23763,3338.37,465.40000000000003,63.0,13,2872.97,86.05906475315798
26535,3335.29,3286.44,371.0,537,48.84999999999991,1.4646402561696257
23186,3333.5499999999997,322.08,145.0,24,3011.47,90.33822801517901
19866,3330.04,918.4,196.0,80,2411.64,72.42075170268225
24705,3328.63,2869.44,237.0,366,459.19000000000005,13.795164977783653
22819,3325.6499999999996,856.4399999999999,135.0,54,2469.2099999999996,74.24744035000677
21374,3325.56,2400.84,444.0,468,924.7199999999998,27.806444628874534
24106,3324.05,2516.85,95.0,105,807.2000000000003,24.2836299092974
4705,3323.43,118.56,3357.0,156,3204.87,96.43260125833852
38412,3322.48,2110.92,352.0,359,1211.56,36.465531771447836
21384,3320.73,2140.0,127.0,125,1180.73,35.55633851592873
19806,3314.63,2775.36,237.0,354,539.27,16.26938753345019
41415,3314.38,1943.6000000000001,262.0,226,1370.78,41.358564799449674
22565,3311.82,2136.6,18.0,18,1175.2200000000003,35.48562421870754
26357,3306.69,2572.8,331.0,384,733.8899999999999,22.19409742068352
5678,3306.63,900.9,337.0,130,2405.73,72.75473820778254
8565,3302.45,495.81,255.0,63,2806.64,84.98660085693955
2909,3299.42,259.21000000000004,58.0,7,3040.21,92.14377072333926
23069,3298.68,766.3599999999999,132.0,46,2532.3199999999997,76.76767676767676
24424,3294.97,610.45,103.0,29,2684.5199999999995,81.47327593270954
21814,3294.97,1779.96,103.0,84,1515.0099999999998,45.97947781011663
16646,3292.11,2563.08,89.0,106,729.0300000000002,22.144764300099336
38355,3289.23,2346.68,227.0,238,942.5500000000002,28.655642810019373
3125,3289.04,499.13,346.0,71,2789.91,84.82444725512612
20771,3275.2200000000003,945.5400000000001,78.0,34,2329.6800000000003,71.13048894425414
2776,3275.2200000000003,355.3,78.0,11,2919.92,89.15187376725838
370,3273.66,2486.3999999999996,234.0,240,787.2600000000002,24.048312897490888
20770,3266.48,587.53,152.0,41,2678.95,82.013359947099
24939,3266.2799999999997,2784.14,172.0,214,482.1399999999999,14.761134991488786
21447,3254.6499999999996,179.97,35.0,3,3074.68,94.47037315840413
18585,3252.83,1352.47,217.0,139,1900.36,58.42174352794336
9439,3251.0,364.99,100.0,17,2886.01,88.77299292525377
24998,3249.2099999999996,1942.4999999999998,179.0,175,1306.7099999999998,40.21623717765242
26803,3242.5299999999997,2252.64,47.0,48,989.8899999999999,30.528322020150927
20062,3239.94,2189.16,6.0,6,1050.7800000000002,32.432082075593996
13941,3239.28,516.8,72.0,17,2722.4800000000005,84.04583734657085
21453,3233.79,1805.4,21.0,17,1428.3899999999999,44.17077175697865
37156,3222.62,1984.4,538.0,484,1238.2199999999998,38.42277401617317
25084,3221.8399999999997,2823.84,116.0,159,397.99999999999955,12.353189481786792
13985,3214.28,1814.73,272.0,241,1399.5500000000002,43.54163296290305
24314,3211.27,28.38,73.0,1,3182.89,99.11623750105099
25852,3208.19,2249.1,131.0,135,959.0900000000001,29.895049856772825
4042,3203.64,167.76,3236.0,233,3035.88,94.76345656815374
7344,3198.09,363.78000000000003,291.0,47,2834.31,88.62508559796628
26862,3198.0,2365.2000000000003,200.0,216,832.7999999999997,26.04127579737335
22228,3197.2200000000003,1004.55,78.0,37,2192.67,68.58051682399083
23592,3194.72,1803.84,28.0,24,1390.8799999999999,43.53683577903541
26729,3190.3199999999997,2084.8799999999997,168.0,168,1105.44,34.64981569246973
26847,3189.7200000000003,2164.56,228.0,232,1025.1600000000003,32.13949813776759
18346,3189.42,2098.44,58.0,58,1090.98,34.20621931260229
2101,3186.68,432.63,532.0,99,2754.0499999999997,86.42380157405198
21117,3182.05,2187.4700000000003,395.0,397,994.5799999999999,31.25595135211577
2950,3170.11,2491.11,89.0,89,679.0,21.418815119980064
15832,3166.02,2257.2000000000003,198.0,216,908.8199999999997,28.705440900562845
21420,3164.04,2315.52,396.0,432,848.52,26.81761292524747
24997,3159.91,443.61,109.0,27,2716.2999999999997,85.96130902462411
6461,3158.82,399.35,218.0,35,2759.4700000000003,87.35762088374773
44785,3158.4199999999996,2089.8,158.0,162,1068.6199999999994,33.834005610400126
536,3156.57,1864.96,243.0,188,1291.6100000000001,40.91814849662767
3223,3150.0299999999997,2397.93,197.0,201,752.0999999999999,23.875963086065845
21466,3149.9300000000003,2086.0699999999997,7.0,7,1063.8600000000006,33.774083868530425
2421,3149.91,265.14,9.0,1,2884.77,91.58261664618989
11776,3149.86,2157.4,14.0,14,992.46,31.508067025201118
25018,3148.95,20.68,105.0,1,3128.27,99.34327315454358
15349,3140.07,2424.86,393.0,461,715.21,22.776880770173914
22227,3137.74,661.98,226.0,102,2475.7599999999998,78.90264967779356
22398,3134.37,612.1800000000001,63.0,18,2522.1899999999996,80.46880234305458
18740,3134.03,940.8,97.0,48,2193.2300000000005,69.981142490659
23951,3132.15,618.8,285.0,85,2513.3500000000004,80.24360263716618
2832,3119.7,2618.35,30.0,35,501.3499999999999,16.070455492515304
7890,3118.96,1932.27,104.0,87,1186.69,38.047618436914874
20098,3117.9700000000003,1758.1200000000001,303.0,299,1359.8500000000001,43.61331250781759
25585,3115.94,2424.2,106.0,115,691.7400000000002,22.20004236281829
46163,3115.2,1980.1599999999999,480.0,442,1135.04,36.43554185927068
981,3112.2000000000003,2170.39,780.0,751,941.8100000000004,30.261872630293695
44653,3109.7,1556.64,30.0,24,1553.0599999999997,49.942438177316134
18130,3107.1600000000003,322.78999999999996,84.0,13,2784.3700000000003,89.61141363817762
22630,3106.93,2485.3399999999997,107.0,121,621.5900000000001,20.006565967047862
23823,3105.7799999999997,2179.2,222.0,240,926.5799999999999,29.83405134941947
21160,3100.5899999999997,771.68,141.0,53,2328.91,75.11183355425904
12757,3099.02,1755.4,298.0,262,1343.62,43.35628682615794
24182,3097.66,1937.19,34.0,31,1160.4699999999998,37.4627944964909
37765,3092.56,722.16,344.0,118,2370.4,76.64847246294333
5517,3089.3399999999997,394.06000000000006,166.0,34,2695.2799999999997,87.24452472049046
17503,3087.94,2212.7599999999998,206.0,214,875.1800000000003,28.341871927563368
38104,3084.85,2194.58,515.0,557,890.27,28.859425904014785
26861,3079.23,2224.3199999999997,77.0,84,854.9100000000003,27.763759121598593
17293,3078.63,1831.48,237.0,217,1247.15,40.509902131792394
20903,3076.3799999999997,734.28,162.0,58,2342.0999999999995,76.13168724279834
1252,3076.29,415.2,171.0,30,2661.09,86.50322303814009
19786,3074.5899999999997,402.64,41.0,8,2671.95,86.90427016285098
2137,3074.2200000000003,29.99,78.0,1,3044.2300000000005,99.02446799513373
24408,3066.93,2434.3999999999996,307.0,358,632.5300000000002,20.62420726915842
23110,3059.82,658.02,18.0,6,2401.8,78.49481342039728
24280,3059.64,698.52,36.0,12,2361.12,77.16986312115151
19995,3058.2999999999997,1552.32,170.0,126,1505.9799999999998,49.24238956282902
1253,3054.5299999999997,460.53,47.0,9,2594.0,84.92304871780601
15362,3054.09,1555.1999999999998,191.0,144,1498.8900000000003,49.07812146989775
2814,3049.32,899.0,68.0,29,2150.32,70.51801713168838
3219,3042.27,106.56,3073.0,144,2935.71,96.49735230600834
2910,3038.48,926.1,152.0,63,2112.38,69.52094468286776
1033,3038.09,138.42,91.0,6,2899.67,95.44384794393847
27370,3036.18,688.35,182.0,65,2347.83,77.32841926368003
25335,3035.54,1041.84,46.0,24,1993.7,65.67859425341126
11856,3025.4900000000002,2085.81,251.0,277,939.6800000000003,31.05877064541612
19968,3023.7599999999998,257.13,24.0,3,2766.6299999999997,91.49634891658067
27707,3023.52,2699.4,48.0,66,324.1199999999999,10.719955548499758
39471,3023.0099999999998,1290.8999999999999,99.0,65,1732.11,57.29752796054264
551,3022.25,2439.56,275.0,284,582.69,19.28000661758624
19219,3013.68,2139.02,232.0,247,874.6599999999999,29.022988505747122
16678,3007.68,190.53,32.0,3,2817.1499999999996,93.66521704436641
734,2998.8,1635.6,120.0,120,1363.2000000000003,45.45818327330933
42691,2996.69,1623.16,231.0,217,1373.53,45.83490451131081
16248,2996.25,2066.25,375.0,375,930.0,31.038798498122656
18615,2996.17,1664.64,183.0,153,1331.53,44.441069765734255
899,2990.5099999999998,2030.0,149.0,140,960.5099999999998,32.11860184383265
15350,2989.28,2125.44,272.0,288,863.8400000000001,28.89792859819087
26701,2988.7,2506.27,130.0,169,482.42999999999984,16.141800782949105
10623,2988.38,831.22,62.0,26,2157.16,72.18492962742354
19189,2976.2799999999997,556.08,172.0,56,2420.2,81.31627400647788
3402,2974.71,2082.62,229.0,202,892.0900000000001,29.98914179869635
23666,2973.11,2331.6,389.0,435,641.5100000000002,21.57706912963194
15056,2972.34,1730.45,266.0,265,1241.89,41.78155931017314
24282,2969.91,1714.24,9.0,8,1255.6699999999998,42.27973238246277
24329,2969.8500000000004,1898.54,15.0,14,1071.3100000000004,36.072865632944435
24178,2969.73,1122.3,27.0,15,1847.43,62.20868563808831
13082,2969.46,2551.74,54.0,71,417.72000000000025,14.067204138126133
22657,2968.94,705.24,106.0,36,2263.7,76.24606762009336
313,2968.6499999999996,2390.65,135.0,137,577.9999999999995,19.470129520152245
24930,2966.31,2545.2000000000003,69.0,90,421.1099999999997,14.196425862435136
19566,2965.62,593.88,138.0,42,2371.74,79.97450786007647
18597,2963.2200000000003,1924.2600000000002,78.0,78,1038.96,35.06185838378521
22798,2960.37,1535.1699999999998,63.0,49,1425.2,48.14263081979618
366,2958.6699999999996,154.62,133.0,9,2804.0499999999997,94.77400318386302
25253,2958.15,1967.24,185.0,187,990.9100000000001,33.497625204942274
10650,2958.15,1906.2,185.0,180,1051.95,35.56107702449166
16773,2958.11,1288.2,89.0,57,1669.91,56.45192369452117
23998,2957.04,270.0,296.0,40,2687.04,90.86924762600438
15739,2954.56,2204.09,144.0,161,750.4699999999998,25.400398028809697
24585,2953.79,2508.24,121.0,168,445.5500000000002,15.084010711661971
1997,2951.31,402.09000000000003,69.0,13,2549.22,86.3758805411834
26518,2949.78,2916.1000000000004,422.0,605,33.679999999999836,1.141780064953991
906,2948.73,2527.35,227.0,249,421.3800000000001,14.290219857362327
23772,2947.78,1469.65,22.0,17,1478.13,50.14383705703953
22016,2946.86,1500.72,434.0,338,1446.14,49.07392953855969
43237,2944.94,1408.68,106.0,78,1536.26,52.1660882734453
19955,2944.69,64.18,31.0,1,2880.51,97.82048365023144
19621,2943.54,1237.14,46.0,29,1706.3999999999999,57.97101449275361
25054,2939.79,1281.0,21.0,14,1658.79,56.42545896135438
19881,2939.73,425.52000000000004,327.0,72,2514.21,85.52520129399639
2813,2938.5299999999997,710.01,147.0,49,2228.5199999999995,75.83791895947974
42789,2937.1,1710.2,190.0,170,1226.8999999999999,41.77249668039903
23949,2937.06,674.96,294.0,104,2262.1,77.01919606681511
3121,2936.41,180.18,309.0,26,2756.23,93.86393589451065
46164,2933.48,2079.4900000000002,452.0,487,853.9899999999998,29.11183986255232
21470,2929.9,1915.0,10.0,10,1014.9000000000001,34.639407488310184
27198,2924.35,2470.44,65.0,84,453.90999999999985,15.521739873818108
529,2923.29,2215.95,401.0,395,707.3400000000001,24.19670987141201
46371,2922.2799999999997,2070.0,172.0,184,852.2799999999997,29.164898640787325
19158,2916.63,1464.15,237.0,227,1452.48,49.799940342107156
5912,2915.47,1829.52,153.0,168,1085.9499999999998,37.24785369082858
44650,2914.72,1390.2,28.0,21,1524.5199999999998,52.30416643794258
15426,2905.55,1618.95,245.0,251,1286.6000000000001,44.28077300339007
24305,2903.33,458.38,167.0,41,2444.95,84.21192217212649
37008,2902.68,1910.04,132.0,132,992.6399999999999,34.197362437471575
24715,2902.52,473.64,48.0,12,2428.88,83.68176618938027
19369,2899.77,2399.04,123.0,168,500.73,17.26792124892664
22643,2897.54,1071.25,46.0,25,1826.29,63.02898320644409
23877,2897.33,2671.56,267.0,362,225.76999999999998,7.792346746832428
2849,2879.84,129.49,16.0,1,2750.3500000000004,95.50356964275794
20057,2879.84,1328.8,16.0,11,1551.0400000000002,53.85854769709428
1757,2879.82,1634.92,18.0,14,1244.9,43.22839621920815
2943,2879.7599999999998,1007.5999999999999,24.0,11,1872.1599999999999,65.01097313665028
3613,2879.68,135.32,32.0,2,2744.3599999999997,95.30086676297365
18299,2876.3999999999996,1983.6000000000001,360.0,360,892.7999999999995,31.038798498122638
26012,2873.85,2498.35,115.0,145,375.5,13.06609600361884
25541,2863.22,1874.98,478.0,482,988.2399999999998,34.51498662345191
23946,2858.5699999999997,448.8,143.0,33,2409.7699999999995,84.2998422288067
19609,2855.66,1035.54,34.0,18,1820.12,63.73727964813738
5760,2855.65,638.73,1435.0,423,2216.92,77.63276311872953
10625,2855.58,362.08,42.0,8,2493.5,87.32026418450893
24895,2851.38,1876.1200000000001,62.0,62,975.26,34.20308762774516
23520,2848.1,2417.4,190.0,237,430.6999999999998,15.12236227660545
18571,2843.37,409.5,263.0,63,2433.87,85.59807552305891
25017,2841.63,595.6800000000001,237.0,73,2245.95,79.03738347356973
17988,2841.63,1692.9,237.0,209,1148.73,40.42503774242248
26075,2838.58,1905.6399999999999,142.0,142,932.94,32.86643321660831
19809,2837.42,720.59,58.0,23,2116.83,74.60404169985408
20377,2837.34,224.8,66.0,8,2612.54,92.07708628504162
14683,2834.73,1959.0,27.0,30,875.73,30.892889269877553
24883,2830.4599999999996,2084.8799999999997,154.0,168,745.5799999999999,26.341301413904457
26896,2823.87,2171.89,113.0,133,651.98,23.088173322426318
39470,2819.29,1597.1200000000001,491.0,496,1222.1699999999998,43.350276133352715
24527,2818.5899999999997,718.85,141.0,55,2099.74,74.49611330487939
17194,2817.65,446.58,235.0,54,2371.07,84.1506219722109
8909,2816.97,1916.75,403.0,425,900.2199999999998,31.957031846274536
6754,2816.43,1892.72,357.0,401,923.7099999999998,32.79719361035069
20947,2812.41,1662.96,159.0,156,1149.4499999999998,40.87064119385153
2115,2812.19,53.68,431.0,11,2758.51,98.09116738200477
45331,2811.44,2082.08,256.0,286,729.3600000000001,25.942577469197282
6568,2809.37,1774.22,563.0,551,1035.1499999999999,36.846339214841755
5737,2803.35,428.16,165.0,32,2375.19,84.72684466798653
23324,2799.9,1891.8,10.0,10,908.1000000000001,32.4333011893282
22861,2799.6,2167.2,40.0,48,632.4000000000001,22.588941277325336
35266,2798.6,607.95,140.0,45,2190.6499999999996,78.27663831915956
26864,2798.25,2188.92,175.0,204,609.3299999999999,21.77539533637094
10708,2798.0,2033.9199999999998,200.0,224,764.0800000000002,27.308077197998575
994,2796.68,2014.1599999999999,132.0,136,782.52,27.98031952171861
1248,2794.5699999999997,616.72,43.0,13,2177.8499999999995,77.9314885653249
18271,2793.78,1896.58,22.0,23,897.2000000000003,32.11419653659201
14120,2791.4,2205.0,60.0,70,586.4000000000001,21.007379809414633
16242,2787.06,1581.1200000000001,494.0,488,1205.9399999999998,43.26925146929022
18880,2784.01,1069.6399999999999,199.0,121,1714.3700000000003,61.57916099439299
5487,2784.0099999999998,1999.4799999999998,199.0,193,784.53,28.179855675805765
39473,2780.0099999999998,924.5,99.0,50,1855.5099999999998,66.74472393984195
15643,2778.61,1985.05,139.0,145,793.5600000000002,28.55960354277859
41918,2777.3,1956.92,405.0,406,820.3800000000001,29.538760666834698
18788,2773.15,133.51,185.0,13,2639.6400000000003,95.18561924165661
22702,2771.73,204.72,27.0,3,2567.01,92.6139991990562
42018,2769.8,1929.42,220.0,243,840.3800000000001,30.3408188316846
40766,2763.16,1874.87,284.0,313,888.29,32.14761360181821
23336,2759.88,1398.6,12.0,9,1361.2800000000002,49.323883647115096
16661,2759.54,1791.7,46.0,46,967.8399999999999,35.072512085347554
547,2753.88,2123.86,212.0,206,630.02,22.877540052580358
15951,2753.4900000000002,875.52,51.0,24,1877.9700000000003,68.20326204199036
22517,2750.94,1796.64,306.0,304,954.3,34.689960522585004
2915,2748.75,229.73999999999998,125.0,14,2519.01,91.64201909959073
13395,2742.04,1876.8000000000002,196.0,204,865.2399999999998,31.554608977257804
20091,2739.69,1498.72,231.0,272,1240.97,45.296000642408444
17026,2737.37,523.12,163.0,52,2214.25,80.88968608554927
40771,2736.93,1877.8200000000002,107.0,119,859.1099999999997,31.389549604849222
12149,2735.2400000000002,23.99,76.0,1,2711.2500000000005,99.12292888375427
27501,2730.92,1693.44,108.0,108,1037.48,37.990127868996524
20001,2729.2200000000003,23.97,78.0,1,2705.2500000000005,99.12172708685999
38945,2729.17,1965.46,183.0,202,763.71,27.983232997578018
15838,2724.41,1676.5600000000002,159.0,152,1047.8499999999997,38.46153846153845
43019,2719.68,2222.0,32.0,40,497.67999999999984,18.2992116719614
23497,2719.66,602.69,34.0,11,2116.97,77.83950935043352
25009,2719.66,2473.1400000000003,34.0,47,246.51999999999953,9.06436834016015
4703,2717.55,7.7,2745.0,10,2709.8500000000004,99.71665654725764
21323,2716.11,1884.96,289.0,306,831.1500000000001,30.600748865104876
17861,2713.41,1068.1200000000001,59.0,36,1645.2899999999997,60.63551029884904
109,2712.37,2202.75,423.0,445,509.6199999999999,18.788734575297614
32303,2711.87,1517.76,213.0,186,1194.11,44.03271543252442
14929,2708.61,1608.18,339.0,294,1100.43,40.62711132278179
24243,2706.6699999999996,1492.6999999999998,133.0,115,1213.9699999999998,44.85105313909712
44756,2704.77,683.86,123.0,62,2020.9099999999999,74.71651933436114
20407,2704.13,223.92,187.0,24,2480.21,91.71933302023201
21375,2703.89,2137.76,361.0,431,566.1299999999997,20.93761210700138
23902,2702.31,568.08,169.0,54,2134.23,78.97798550129333
27138,2702.31,2203.2,169.0,204,499.1100000000001,18.469753655206105
20554,2700.48,1950.56,152.0,167,749.9200000000001,27.769877947624128
2328,2699.95,2030.05,5.0,5,669.8999999999999,24.811570584640453
19954,2699.94,1541.05,6.0,5,1158.89,42.92280569197835
25056,2699.73,1161.18,27.0,18,1538.55,56.989032236556994
45234,2687.72,1915.5200000000002,28.0,32,772.1999999999996,28.730671349694152
17897,2682.21,2570.4,179.0,272,111.80999999999995,4.168577404453789
25383,2680.52,980.98,148.0,77,1699.54,63.403369495471026
23157,2676.97,2065.2000000000003,103.0,120,611.7699999999995,22.853076425959184
15259,2672.09,1996.62,191.0,214,675.4700000000003,25.2787144145594
15137,2670.33,2414.52,167.0,228,255.80999999999995,9.579714866701867
15209,2670.33,1767.36,167.0,168,902.97,33.81492175124423
847,2667.42,1818.15,58.0,51,849.27,31.838630586859214
15192,2666.91,1778.05,209.0,215,888.8599999999999,33.32920870970524
21445,2665.69,55.48,31.0,1,2610.21,97.91873773769643
2024,2665.55,381.84000000000003,445.0,86,2283.71,85.67500140683912
27165,2660.79,2513.28,121.0,168,147.50999999999976,5.543842242341551
22821,2659.38,2418.3900000000003,262.0,351,240.98999999999978,9.06188660514856
21617,2656.2,172.44,380.0,36,2483.7599999999998,93.50801897447482
2487,2655.22,1093.5,78.0,50,1561.7199999999998,58.81697185167331
24991,2654.55,161.6,45.0,4,2492.9500000000003,93.91233919120002
21411,2654.34,2219.72,166.0,211,434.62000000000035,16.373938530858908
704,2649.62,1856.79,38.0,39,792.8299999999999,29.922403967361355
24727,2649.5,453.18,50.0,13,2196.32,82.89564068692206
23039,2649.4700000000003,728.4200000000001,53.0,22,1921.0500000000002,72.50695422103288
37166,2638.0699999999997,1736.6399999999999,293.0,324,901.4299999999998,34.170056139526245
3355,2636.43,206.69,107.0,11,2429.74,92.16023182864707
2571,2634.69,1647.0,31.0,25,987.69,37.4879018024891
12324,2634.0699999999997,2621.52,93.0,132,12.549999999999727,0.47644899338285346
21380,2631.1499999999996,1634.1000000000001,135.0,130,997.0499999999995,37.894076734507706
25279,2624.79,161.28,21.0,2,2463.5099999999998,93.85550844067525
3467,2620.62,1816.78,138.0,133,803.8399999999999,30.67365737878822
22939,2619.96,885.12,4.0,2,1734.8400000000001,66.2162781111162
920,2617.38,1990.91,262.0,263,626.47,23.93500370599607
22065,2616.81,2124.32,119.0,142,492.4899999999998,18.820242967582658
13124,2616.1,1861.36,190.0,212,754.74,28.849814609533276
4322,2615.62,1976.2,238.0,241,639.4199999999998,24.446211605661368
45334,2615.61,1598.4,239.0,240,1017.21,38.88997212887242
21440,2609.97,1751.67,3.0,3,858.2999999999997,32.88543546477545
2018,2609.13,2417.04,87.0,108,192.09000000000015,7.362224189672424
29696,2607.71,1076.1,129.0,85,1531.6100000000001,58.733908295017464
21060,2607.56,1025.7,44.0,26,1581.86,60.66437589163816
14655,2607.39,1684.74,261.0,258,922.6499999999999,35.385960673316994
2884,2599.8,98.48,20.0,1,2501.32,96.21201630894684
13144,2596.05,1915.2,195.0,224,680.8500000000001,26.22638238862888
838,2593.64,1679.56,236.0,211,914.0799999999999,35.24313320275751
23665,2593.54,2070.81,346.0,399,522.73,20.15507761592264
38128,2588.7599999999998,1749.6,324.0,324,839.1599999999999,32.41551939924906
32296,2588.49,1733.46,151.0,167,855.0299999999997,33.03199935097295
43430,2587.41,1762.1000000000001,259.0,263,825.3099999999997,31.89714811336432
15322,2581.12,2549.61,88.0,133,31.509999999999764,1.2207878750309853
25868,2578.71,2013.34,129.0,146,565.3700000000001,21.92452815555065
36660,2574.16,1737.0,184.0,180,837.1599999999999,32.52167697423625
15717,2573.91,1107.06,9.0,6,1466.85,56.98917211557514
19768,2572.73,2205.84,227.0,303,366.8899999999999,14.260726932091586
10359,2561.45,899.9300000000001,55.0,31,1661.5199999999998,64.866384274532
18193,2559.84,418.28,16.0,4,2141.5600000000004,83.65991624476531
20507,2559.2,433.44,80.0,21,2125.7599999999998,83.06345733041574
23896,2559.03,303.2,197.0,40,2255.8300000000004,88.15176062805048
24465,2558.72,1784.86,128.0,133,773.8599999999999,30.244028264132066
12089,2557.31,2140.3199999999997,69.0,84,416.99000000000024,16.30580570990612
2458,2553.8199999999997,283.20000000000005,118.0,24,2270.62,88.91072980867877
21216,2552.77,223.47,23.0,3,2329.3,91.24597985717476
19558,2549.94,867.33,6.0,3,1682.6100000000001,65.98625850020001
19949,2549.27,1848.6,73.0,90,700.6700000000001,27.485123192129514
25140,2548.98,198.6,102.0,12,2350.38,92.20864816514842
21002,2547.96,1679.58,204.0,217,868.3800000000001,34.08138275326144
23394,2547.45,513.0,255.0,76,2034.4499999999998,79.86221515633281
46923,2542.92,2211.3,208.0,273,331.6199999999999,13.040913595394265
1090,2534.68,1630.8000000000002,132.0,120,903.8799999999997,35.66051730395946
43433,2533.05,1806.7,195.0,203,726.3500000000001,28.674917589467245
23694,2529.8900000000003,1575.3,11.0,10,954.5900000000004,37.73247058172491
22073,2529.8900000000003,156.46,11.0,1,2373.4300000000003,93.81554138717493
17015,2529.81,1251.3,219.0,215,1278.51,50.53778742277088
7780,2529.45,829.92,55.0,24,1699.5299999999997,67.18970527189705
22168,2527.7,586.97,230.0,79,1940.7299999999998,76.77849428334058
17405,2526.8100000000004,86.36,19.0,1,2440.4500000000003,96.58225193029946
23798,2526.42,2335.5,158.0,225,190.92000000000007,7.556938276296106
46590,2520.06,653.64,194.0,78,1866.42,74.06252232089713
14096,2519.3,2137.0,70.0,100,382.3000000000002,15.17485015678959
25623,2519.21,1463.3600000000001,279.0,269,1055.85,41.911948587057054
26335,2519.16,1966.1399999999999,84.0,99,553.02,21.95255561377602
19769,2518.74,39.45,126.0,3,2479.29,98.43374067986375
21179,2507.56,442.86,44.0,11,2064.7,82.33900684330584
23768,2507.4300000000003,59.86,57.0,2,2447.57,97.6126950702512
22937,2504.4,1513.35,160.0,177,991.0500000000002,39.572352659319606
21408,2500.6099999999997,815.3199999999999,139.0,68,1685.2899999999997,67.39515558203799
3539,2500.6099999999997,78.78,139.0,6,2421.8299999999995,96.84956870523591
2191,2498.75,2028.6000000000001,125.0,138,470.14999999999986,18.81540770385192
22922,2496.64,739.2,236.0,60,1757.4399999999998,70.39220712637785
19669,2495.94,1618.02,310.0,267,877.9200000000001,35.173922450058896
2812,2494.44,212.1,56.0,7,2282.34,91.49708952710829
7215,2485.85,1675.34,415.0,422,810.51,32.60494398294346
1029,2484.15,526.0,285.0,100,1958.15,78.82575528852928
23510,2483.7400000000002,2034.9,226.0,285,448.84000000000015,18.07113465982752
23193,2483.54,443.76,46.0,12,2039.78,82.13195680359486
25354,2478.7599999999998,2269.6800000000003,124.0,168,209.07999999999947,8.434862592586596
18466,2478.33,2190.6,67.0,90,287.73,11.609834041471476
14357,2477.52,1781.6,248.0,262,695.9200000000001,28.08937970228293
19430,2476.8199999999997,1776.73,118.0,127,700.0899999999997,28.265679379203974
3615,2476.23,1013.84,177.0,92,1462.3899999999999,59.05711504989439
23022,2476.2200000000003,1265.38,178.0,151,1210.8400000000001,48.89872466905202
11296,2471.17,1235.82,183.0,129,1235.3500000000001,49.990490334537895
15333,2469.94,1722.98,206.0,217,746.96,30.242030170773383
837,2467.53,1704.95,247.0,215,762.5800000000002,30.904588799325644
26871,2464.6299999999997,1811.04,137.0,154,653.5899999999997,26.518787809934953
25333,2463.2599999999998,1728.3999999999999,274.0,298,734.8599999999999,29.832823169295974
26889,2462.81,1051.2,119.0,90,1411.61,57.31704841217958
18199,2459.59,496.44,41.0,12,1963.15,79.81614821982525
24097,2453.85,1577.98,615.0,614,875.8699999999999,35.69370580923854
22597,2451.35,1374.45,65.0,55,1076.8999999999999,43.93089522100067
20730,2450.77,1958.3999999999999,223.0,320,492.3700000000001,20.090420561701023
22935,2449.65,559.92,35.0,12,1889.73,77.14285714285714
12662,2448.25,1952.1999999999998,175.0,215,496.0500000000002,20.261411212090277
37712,2447.85,1058.5,215.0,145,1389.35,56.757971280919996
751,2447.55,1824.93,245.0,243,622.6200000000001,25.438499724214015
2011,2445.3900000000003,1920.8899999999999,61.0,61,524.5000000000005,21.448521503727438
34022,2443.06,603.72,94.0,36,1839.34,75.28836786652803
21533,2441.74,1810.89,326.0,353,630.8499999999997,25.83608410395864
21977,2441.6299999999997,678.0,37.0,15,1763.6299999999997,72.2316649123741
5515,2437.7099999999996,1790.1,249.0,234,647.6099999999997,26.566326593401175
25512,2437.4700000000003,154.35,53.0,5,2283.1200000000003,93.6676143706384
46733,2433.97,1674.84,203.0,204,759.1299999999999,31.18896288779237
18414,2433.9,1897.4399999999998,610.0,708,536.4600000000003,22.04116849500802
24692,2432.69,1112.19,331.0,131,1320.5,54.28147441720893
4574,2431.24,579.37,76.0,23,1851.87,76.16977344893964
1328,2430.48,499.59999999999997,152.0,40,1930.88,79.44438958559627
28943,2430.48,1905.3,152.0,174,525.1800000000001,21.60807741680656
37457,2428.96,1641.12,304.0,312,787.8400000000001,32.435280943284376
8976,2426.17,2038.98,83.0,102,387.19000000000005,15.958898181083766
25448,2419.78,1632.08,22.0,23,787.7000000000003,32.552546099232174
22617,2417.58,1387.1999999999998,242.0,204,1030.38,42.6203062566699
10162,2414.9,1984.8,10.0,12,430.10000000000014,17.810261294463544
25482,2413.39,1598.73,161.0,161,814.6599999999999,33.755837224816545
12429,2409.4,72.64,160.0,8,2336.76,96.98514152901137
25770,2399.88,1578.84,12.0,12,821.0400000000002,34.21171058552928
12076,2399.7,906.61,30.0,17,1493.0899999999997,62.21986081593531
24166,2399.68,201.32,32.0,4,2198.3599999999997,91.6105480730764
21363,2398.7999999999997,322.08,120.0,24,2076.72,86.57328664332167
25137,2392.6699999999996,183.6,133.0,15,2209.0699999999997,92.32656404769567
2929,2391.08,683.9,92.0,35,1707.1799999999998,71.39786205396724
10030,2387.58,1707.51,242.0,329,680.0699999999999,28.483652903777045
226,2384.83,1914.9599999999998,217.0,237,469.8700000000001,19.702452585718905
4415,2384.83,2066.64,217.0,237,318.19000000000005,13.3422508103303
21444,2379.9300000000003,1630.0900000000001,7.0,7,749.8400000000001,31.50680902379482
16127,2377.14,1449.9,186.0,179,927.2399999999998,39.006537267472666
25604,2374.75,2124.66,25.0,34,250.09000000000015,10.531213811980214
28753,2373.3599999999997,1664.28,264.0,276,709.0799999999997,29.876630599656174
21468,2369.7,708.24,30.0,13,1661.4599999999998,70.11267249018863
36370,2369.61,939.89,339.0,203,1429.7200000000003,60.33566705069612
3406,2368.42,10.78,158.0,1,2357.64,99.54484424215299
18851,2358.8199999999997,222.19,118.0,17,2136.6299999999997,90.5804597213861
22970,2356.69,1646.8799999999999,131.0,141,709.8100000000002,30.118938002028273
21284,2356.69,503.58,131.0,42,1853.1100000000001,78.63189473371551
973,2353.43,249.9,157.0,21,2103.5299999999997,89.38145600251546
4556,2353.43,199.07,157.0,17,2154.3599999999997,91.54128229860245
14973,2351.4700000000003,1380.48,53.0,48,970.9900000000002,41.29289338158684
14126,2350.32,263.32,168.0,29,2087.0,88.79641921100105
29469,2350.3199999999997,1690.2,168.0,180,660.1199999999997,28.086388236495445
6258,2350.04,1603.8,196.0,198,746.24,31.754353117393748
24574,2349.53,493.35,47.0,15,1856.1800000000003,79.00218341540649
16792,2349.06,2305.16,94.0,143,43.90000000000009,1.868832639438758
25458,2344.98,1818.63,102.0,121,526.3499999999999,22.445820433436527
22923,2344.48,1370.8799999999999,252.0,112,973.6000000000001,41.527332286903714
21010,2339.64,1699.2,36.0,40,640.4399999999998,27.373442068010455
13702,2329.91,1682.1,359.0,378,647.81,27.80407826911769
840,2329.88,1907.43,212.0,217,422.45000000000005,18.13183511597164
21711,2324.0699999999997,649.74,93.0,39,1674.3299999999997,72.04301075268816
26049,2323.45,1646.3999999999999,155.0,168,677.05,29.13985667864598
17932,2321.73,2036.52,27.0,36,285.21000000000004,12.284374152033184
21366,2320.1,1450.4,190.0,185,869.6999999999998,37.485453213223565
15508,2319.71,628.6800000000001,29.0,13,1691.03,72.89833642998478
21461,2319.6,359.91,40.0,9,1959.6899999999998,84.48396275219865
23195,2319.42,358.53999999999996,58.0,13,1960.88,84.54182511145028
22924,2317.22,1945.6,278.0,160,371.6199999999999,16.037320582422037
15058,2315.7400000000002,1076.95,226.0,181,1238.7900000000002,53.49434737923947
20058,2309.9300000000003,1311.24,7.0,6,998.6900000000003,43.234643474044674
24990,2309.67,1668.6000000000001,33.0,36,641.0699999999999,27.755913182402676
5653,2308.8199999999997,56.2,118.0,4,2252.62,97.56585615162724
11022,2303.84,1589.28,216.0,258,714.5600000000002,31.01604278074867
17346,2303.52,1888.56,48.0,61,414.96000000000004,18.014169618670557
24156,2302.83,1677.0,117.0,130,625.8299999999999,27.176561014056617
23799,2302.6,2132.0,140.0,200,170.5999999999999,7.409015895075129
26329,2300.4100000000003,1564.65,59.0,61,735.7600000000002,31.983863746027886
13696,2297.46,1685.76,354.0,384,611.7,26.62505549606957
41081,2296.7799999999997,1252.48,122.0,103,1044.2999999999997,45.46800303032941
23780,2295.72,385.21,28.0,7,1910.5099999999998,83.22051469691425
28038,2295.15,1513.68,385.0,408,781.47,34.048754983334426
24691,2291.63,1460.3899999999999,37.0,37,831.2400000000002,36.27287127503132
3361,2286.2400000000002,1377.6,176.0,140,908.6400000000003,39.74385891245015
44993,2283.81,1526.07,269.0,273,757.74,33.178767060307116
20426,2280.48,601.4599999999999,152.0,61,1679.02,73.62572791692978
26187,2280.32,2183.02,168.0,217,97.30000000000018,4.266944990176825
21465,2279.97,1551.0,3.0,3,728.9699999999998,31.972789115646254
25063,2279.43,110.32,57.0,4,2169.1099999999997,95.16019355716121
23990,2278.19,381.03999999999996,181.0,44,1897.15,83.27444155228493
22905,2277.77,1706.55,413.0,367,571.22,25.07803685183315
45871,2275.32,1811.2,268.0,320,464.1200000000001,20.39800995024876
41984,2275.24,933.42,76.0,47,1341.8199999999997,58.974877375573556
21771,2274.35,1690.56,65.0,72,583.79,25.66843273902434
22968,2274.35,629.91,65.0,27,1644.44,72.30373513311497
39977,2267.73,1764.72,227.0,258,503.01,22.18121204905346
27488,2260.2599999999998,1485.12,174.0,168,775.1399999999999,34.29428472830559
20181,2257.77,1672.94,323.0,359,584.8299999999999,25.902992776057786
15729,2255.94,911.34,906.0,549,1344.6,59.602649006622514
1107,2253.51,1788.5,49.0,49,465.0100000000002,20.634920634920643
19966,2249.82,251.67,18.0,3,1998.15,88.81377176840813
23921,2249.25,1234.8,75.0,63,1014.45,45.10170056685562
20429,2247.35,2168.64,365.0,288,78.71000000000004,3.502347208934969
23323,2240.73,596.64,27.0,11,1644.0900000000001,73.37296327536116
10766,2230.6,498.15999999999997,140.0,52,1732.44,77.66699542723931
12039,2230.14,1786.32,186.0,216,443.81999999999994,19.900992762786192
16245,2229.21,1500.8,279.0,280,728.4100000000001,32.67570125739612
20743,2225.1,1519.2,90.0,90,705.8999999999999,31.724416880140215
24993,2221.83,167.95999999999998,117.0,13,2053.87,92.44046574220349
11209,2221.29,8.78,171.0,1,2212.5099999999998,99.60473418599102
23060,2219.2599999999998,1759.12,74.0,88,460.1399999999999,20.733938339806958
25130,2219.2599999999998,20.68,74.0,1,2198.58,99.06815785441995
34735,2218.89,1262.4,111.0,96,956.4899999999998,43.10668847937482
23151,2216.7999999999997,786.87,120.0,63,1429.9299999999998,64.50424034644533
23293,2213.73,715.39,27.0,13,1498.3400000000001,67.68395423109413
21115,2213.25,1438.8799999999999,275.0,272,774.3700000000001,34.98791370157009
884,2211.54,1777.08,246.0,251,434.46000000000004,19.645134159906675
18635,2207.04,1296.96,96.0,96,910.0799999999999,41.23531970421922
19316,2204.45,1558.44,155.0,156,646.0099999999998,29.304815260042176
25605,2204.37,1737.3600000000001,63.0,72,467.00999999999976,21.185644878128436
18236,2203.71,1654.08,29.0,32,549.6300000000001,24.941122016962307
24216,2201.4,1466.26,160.0,167,735.1400000000001,33.39420368856183
23286,2199.8900000000003,927.0799999999999,11.0,7,1272.8100000000004,57.85789289464475
36235,2199.7799999999997,891.6600000000001,22.0,22,1308.1199999999997,59.46594659465946
25513,2198.8999999999996,1709.9599999999998,110.0,124,488.9399999999998,22.235663286188544
25892,2198.0,1453.23,200.0,201,744.77,33.88398544131028
5959,2188.54,630.7,146.0,53,1557.84,71.18170104270428
24496,2183.79,1485.54,21.0,21,698.25,31.974228291181845
3424,2174.64,278.16,136.0,24,1896.4799999999998,87.20891733804216
23145,2174.25,38.4,75.0,2,2135.85,98.23387374956882
23747,2172.4700000000003,27.88,53.0,1,2144.59,98.71666812430091
25070,2169.38,520.08,62.0,22,1649.3000000000002,76.02633010353189
25159,2166.14,197.25,186.0,25,1968.8899999999999,90.89394037319842
21992,2160.89,836.3399999999999,311.0,159,1324.55,61.296502829852514
2612,2159.76,1727.76,24.0,24,432.0000000000002,20.00222246916325
25003,2159.55,359.15,45.0,11,1800.4,83.36922043944341
1267,2159.2799999999997,591.03,72.0,27,1568.2499999999998,72.62837612537513
26663,2158.92,1420.2,108.0,108,738.72,34.21710855427714
25179,2155.8900000000003,778.74,11.0,6,1377.1500000000003,63.87849101763078
29902,2155.02,1664.32,98.0,112,490.70000000000005,22.770090300786077
25090,2155.02,475.52000000000004,98.0,32,1679.5,77.9343115145103
25724,2154.23,1538.4,227.0,240,615.8299999999999,28.587012528838606
23032,2149.57,408.08,43.0,8,1741.4900000000002,81.0157380313272
19231,2148.4100000000003,431.46,59.0,18,1716.9500000000003,79.91724112250455
24385,2141.9300000000003,1047.9,7.0,5,1094.0300000000002,51.07683257622798
26836,2133.0299999999997,1899.2400000000002,97.0,133,233.7899999999995,10.960464691073241
7361,2132.5,1444.8,150.0,168,687.7,32.24853458382181
34101,2132.08,1712.8799999999999,92.0,108,419.20000000000005,19.66155116130727
8434,2129.29,224.73,71.0,11,1904.56,89.44577770054806
24124,2127.86,515.95,214.0,85,1611.91,75.7526341018676
24165,2124.75,662.28,25.0,12,1462.47,68.83021531944935
1236,2124.13,108.47999999999999,87.0,8,2015.65,94.89296794452316
19789,2118.94,774.0,106.0,60,1344.94,63.47230218883026
21733,2117.37,860.4399999999999,163.0,98,1256.9299999999998,59.36279441004642
17838,2115.9900000000002,1266.3000000000002,201.0,189,849.69,40.15567181319382
6768,2114.47,1304.68,353.0,338,809.7899999999997,38.2975402819619
17367,2112.0299999999997,1343.86,197.0,203,768.1699999999998,36.37116897013773
12389,2110.08,1388.16,192.0,192,721.9199999999998,34.212920837124656
114,2102.76,1665.86,324.0,326,436.9000000000003,20.777454393273615
21476,2099.9300000000003,1390.69,7.0,7,709.2400000000002,33.7744591486383
23340,2099.86,100.66,14.0,1,1999.2,95.20634708980599
34841,2099.79,1711.12,121.0,146,388.6700000000001,18.509946232718512
2928,2099.79,367.6,21.0,5,1732.19,82.49348744398249
19694,2099.72,147.03,28.0,3,1952.6899999999998,92.99763778027547
24668,2099.65,1365.21,35.0,33,734.44,34.979163193865645
27169,2099.4,1972.32,60.0,84,127.08000000000015,6.053158045155766
21562,2099.2999999999997,1644.75,70.0,85,454.5499999999997,21.652455580431564
23146,2098.95,1015.92,105.0,83,1083.0299999999997,51.59865647109269
19637,2098.95,1875.4399999999998,105.0,136,223.51,10.648657662164416
36075,2096.97,1426.5,3.0,3,670.4699999999998,31.973275726405237
17615,2094.8799999999997,1495.6799999999998,112.0,123,599.1999999999998,28.603070342931336
19763,2090.76,1715.7,524.0,645,375.0600000000002,17.93893129770993
35759,2089.62,928.46,38.0,26,1161.1599999999999,55.56799800920741
14711,2089.13,729.27,187.0,111,1359.8600000000001,65.09216755300054
25086,2087.42,347.48,58.0,14,1739.94,83.35361355165706
24944,2086.8399999999997,1478.4,116.0,120,608.4399999999996,29.156044545820457
6456,2084.52,1587.9,348.0,395,496.6199999999999,23.824189741523224
19217,2084.12,1380.12,88.0,84,704.0,33.7792449571042
21080,2083.25,1352.26,75.0,91,730.99,35.088923556942284
23565,2082.22,1411.1999999999998,278.0,288,671.02,32.22618167148524
22632,2077.29,396.44,171.0,53,1680.85,80.9155197396608
18853,2076.8,1508.22,320.0,342,568.5800000000002,27.37769645608629
15526,2076.69,1799.28,231.0,294,277.4100000000001,13.358276873293562
43380,2076.24,1687.08,176.0,204,389.15999999999985,18.743497861518897
16240,2070.41,1227.96,359.0,379,842.4499999999998,40.69000825923367
25879,2070.02,1457.7,198.0,226,612.3199999999999,29.58039052762775
21286,2067.56,1438.6499999999999,44.0,45,628.9100000000001,30.417980614831013
3739,2065.56,1864.96,144.0,188,200.5999999999999,9.71165204593427
21017,2065.02,913.92,98.0,96,1151.1,55.742801522503406
24075,2064.21,1384.44,249.0,249,679.77,32.93124246079614
18304,2063.59,285.18,241.0,49,1778.41,86.180394361283
22672,2059.64,1751.04,296.0,384,308.5999999999999,14.983200947738437
21407,2056.53,987.12,147.0,108,1069.4100000000003,52.000700208603824
23350,2056.53,2030.96,147.0,212,25.570000000000164,1.2433565277433425
16466,2055.79,1903.44,121.0,168,152.3499999999999,7.410776392530362
43789,2055.13,1495.32,187.0,204,559.8100000000002,27.239639341550177
1878,2052.15,53.25,135.0,5,1998.9,97.40516044148819
23079,2050.92,1207.2,108.0,120,843.72,41.138610964835294
20515,2050.92,203.84,108.0,16,1847.0800000000002,90.06104577457921
47011,2049.93,1764.0,107.0,144,285.92999999999984,13.94828116082012
21008,2049.62,972.95,38.0,29,1076.6699999999998,52.530225114899345
3599,2049.18,1152.1,82.0,82,897.0799999999999,43.77751100440176
2877,2045.6899999999998,1674.5,31.0,34,371.1899999999998,18.144977978090516
764,2043.09,1437.96,141.0,138,605.1299999999999,29.618372171563657
19443,2041.55,300.93,95.0,21,1740.62,85.2597291273787
18386,2041.08,1508.92,292.0,317,532.1599999999999,26.072471436690375
18432,2039.88,339.99,12.0,3,1699.89,83.33284310841815
17916,2039.88,331.14,12.0,3,1708.7400000000002,83.76669215836226
21529,2039.43,244.76,157.0,29,1794.67,87.99860745404354
38107,2038.3,1429.2,170.0,180,609.0999999999999,29.882745425109157
24494,2037.96,1496.0,204.0,220,541.96,26.59325992659326
21690,2037.6,216.45,240.0,39,1821.1499999999999,89.37720848056537
42677,2034.63,1668.48,37.0,44,366.1500000000001,17.995900974624384
13784,2033.1999999999998,1157.31,80.0,77,875.8899999999999,43.079382254574064
25225,2029.8600000000001,1536.32,14.0,16,493.5400000000002,24.31399209797721
15572,2022.16,1456.28,184.0,196,565.8800000000001,27.983937967322074
38102,2018.6299999999999,1435.92,337.0,372,582.7099999999998,28.86660755066554
1214,2017.98,197.58,202.0,37,1820.4,90.2090209020902
6520,2015.64,399.9,36.0,10,1615.7400000000002,80.16014764541288
19824,2015.52,109.08,48.0,4,1906.44,94.58799714217672
23384,2014.8799999999999,255.36,112.0,21,1759.52,87.32629238465815
46882,2014.56,1343.52,144.0,144,671.04,33.30950679056468
10398,2009.4,1783.86,60.0,78,225.5400000000002,11.224246043595112
1037,2005.06,356.5,94.0,23,1648.56,82.21998344189201
24432,2004.77,458.15,223.0,77,1546.62,77.14700439451907
23335,1999.9,399.99,10.0,3,1599.91,79.99949997499876
24159,1999.8,810.72,20.0,12,1189.08,59.45994599459946
11164,1999.75,1377.22,25.0,26,622.53,31.130391298912365
834,1998.0,1497.6,200.0,195,500.4000000000001,25.04504504504505
34507,1997.5,1435.5,250.0,275,562.0,28.1351689612015
278,1997.31,1756.8,69.0,80,240.51,12.041696081229253
14682,1994.81,1409.2,19.0,20,585.6099999999999,29.35668058612098
24052,1993.67,1488.69,133.0,153,504.98,25.329166812963027
24882,1988.3500000000001,1340.54,665.0,691,647.8100000000002,32.58028013176755
25161,1988.1100000000001,394.5,189.0,50,1593.6100000000001,80.15703356454121
4545,1986.58,1480.45,142.0,145,506.1299999999999,25.47745371442378
5167,1984.48,1288.56,52.0,56,695.9200000000001,35.06812867854552
24452,1984.3,371.41999999999996,170.0,49,1612.88,81.28206420400141
23278,1982.63,533.28,37.0,16,1449.3500000000001,73.10239429444728
24578,1982.5700000000002,53.62,43.0,2,1928.9500000000003,97.29542966957031
23899,1982.48,1263.6000000000001,152.0,156,718.8799999999999,36.261652072152046
20055,1979.91,455.16,9.0,3,1524.75,77.01107626104216
10910,1979.67,1489.32,33.0,36,490.35000000000014,24.769279728439596
35756,1979.64,1393.42,36.0,37,586.22,29.612454789759756
13703,1979.45,1389.93,305.0,321,589.52,29.782010154335797
35714,1979.34,197.3,66.0,10,1782.04,90.03203087897987
25069,1979.34,182.34,66.0,9,1797.0,90.78783837036588
38242,1977.37,473.28,63.0,24,1504.09,76.06517748322267
26436,1958.04,1580.26,196.0,242,377.78,19.293783579497862
21313,1957.8,1105.44,320.0,282,852.3599999999999,43.536622739809985
3092,1957.11,963.36,89.0,72,993.7499999999999,50.77639989576467
1262,1957.11,201.48,89.0,12,1755.6299999999999,89.70522862792588
21230,1956.78,1941.7600000000002,122.0,164,15.019999999999754,0.7675875673299888
13669,1956.49,1479.6000000000001,101.0,120,476.8899999999999,24.374773190765087
694,1956.4399999999998,1476.51,236.0,237,479.92999999999984,24.530780397047693
4902,1956.22,510.34999999999997,178.0,59,1445.8700000000001,73.91142100581735
26331,1955.9699999999998,1489.1999999999998,103.0,120,466.77,23.863862942683173
46555,1950.83,1150.48,217.0,197,800.3499999999999,41.02612734067038
22052,1949.94,1937.07,6.0,9,12.870000000000118,0.6600203083171851
17384,1949.48,316.41999999999996,52.0,13,1633.06,83.76900506801813
26913,1949.35,1927.53,65.0,99,21.819999999999936,1.1193474747992889
25319,1948.5,1548.0,150.0,180,400.5,20.554272517321014
23603,1943.1899999999998,125.44,81.0,8,1817.7499999999998,93.54463536761716
21045,1938.79,1229.2,71.0,70,709.5899999999999,36.59963172906813
20963,1936.86,1567.2800000000002,114.0,143,369.5799999999997,19.081399791414956
42410,1934.25,288.49,75.0,17,1645.76,85.08517513248029
2777,1931.58,1509.06,42.0,42,422.52,21.87432050445749
36769,1929.41,710.6999999999999,159.0,138,1218.71,63.164905333754874
12900,1928.78,1428.98,322.0,346,499.79999999999995,25.912753139290118
3530,1927.5,284.13,200.0,41,1643.37,85.25914396887158
22048,1924.65,1329.78,35.0,37,594.8700000000001,30.907957290936018
35755,1924.65,935.25,35.0,25,989.4000000000001,51.4067492790897
24495,1924.45,559.92,55.0,24,1364.5300000000002,70.90493387721169
8070,1919.94,1401.42,6.0,6,518.52,27.007093971686615
24825,1919.76,1567.45,24.0,29,352.30999999999995,18.351773138308953
20602,1919.68,710.79,32.0,19,1208.89,62.97351641940324
26224,1919.68,1690.92,32.0,42,228.76,11.916569428238038
25077,1919.36,117.60000000000001,64.0,6,1801.76,93.87295765255087
15977,1918.8,1279.2,120.0,120,639.5999999999999,33.33333333333333
24337,1918.72,1190.8799999999999,128.0,144,727.8400000000001,37.9336224149433
22475,1918.4,509.02,160.0,62,1409.38,73.4664303586322
23938,1914.1599999999999,1642.3,84.0,110,271.8599999999999,14.20257449742968
20550,1912.26,1827.84,174.0,256,84.42000000000007,4.4146716450691885
30638,1910.68,723.52,132.0,76,1187.16,62.13285322502984
23752,1907.47,282.24,53.0,12,1625.23,85.20343701342617
24646,1907.43,368.28,217.0,62,1539.15,80.69234519746466
16199,1902.8799999999999,1315.2,112.0,120,587.6799999999998,30.88371310855124
22456,1898.1,1008.13,90.0,73,889.9699999999999,46.88741372951899
19392,1896.8799999999999,347.55,112.0,35,1549.33,81.67780776854624
882,1896.54,976.6600000000001,146.0,94,919.8799999999999,48.50306347348329
26493,1896.54,1317.12,146.0,147,579.4200000000001,30.55142522699232
12388,1891.3799999999999,1393.1999999999998,62.0,72,498.18000000000006,26.339498144212172
23325,1889.91,1227.24,9.0,9,662.6700000000001,35.06357445592648
12511,1888.81,1170.0700000000002,119.0,121,718.7399999999998,38.052530429212034
3572,1888.1100000000001,476.15999999999997,189.0,62,1411.9500000000003,74.78113033668589
890,1888.11,1447.24,189.0,194,440.8699999999999,23.34980483128631
15605,1887.92,484.92,8.0,3,1403.0,74.31458960125428
881,1887.9,1187.36,210.0,181,700.5400000000002,37.106838285926166
42751,1887.42,1220.1,498.0,498,667.3200000000002,35.356200527704495
3860,1885.8899999999999,1023.42,111.0,111,862.4699999999999,45.73278399058269
24406,1885.1799999999998,1642.2,82.0,105,242.9799999999998,12.888954900858263
3508,1880.86,1406.1599999999999,314.0,324,474.70000000000005,25.238454749423138
12204,1880.86,1278.3600000000001,314.0,318,602.4999999999998,32.03321884669778
20521,1879.6,525.47,40.0,17,1354.1299999999999,72.0435198978506
12768,1879.29,1264.42,171.0,191,614.8699999999999,32.71820740811689
19488,1877.27,1280.3,273.0,310,596.97,31.79990091995291
22841,1876.82,519.44,18.0,8,1357.3799999999999,72.32339808825566
25154,1874.25,17.0,75.0,1,1857.25,99.09297052154194
25011,1871.52,1121.12,48.0,44,750.4000000000001,40.09575104727708
43747,1870.44,1325.52,156.0,168,544.9200000000001,29.13325206903189
7430,1870.44,1602.27,156.0,171,268.1700000000001,14.337268236350809
20465,1869.66,723.6,34.0,20,1146.06,61.29777606623663
4698,1868.89,519.0,111.0,50,1349.89,72.22950521432509
2071,1865.4599999999998,1278.8999999999999,104.0,98,586.56,31.443182914669844
38852,1861.27,1357.92,373.0,414,503.3499999999999,27.043362865140463
22596,1860.51,1071.42,49.0,42,789.0899999999999,42.41256429688634
18938,1858.3,1200.6499999999999,170.0,185,657.6500000000001,35.38987246408008
5376,1857.57,625.28,143.0,64,1232.29,66.33881899470813
2038,1854.47,1804.4399999999998,53.0,66,50.0300000000002,2.697805842100449
15188,1851.94,1380.3999999999999,206.0,238,471.5400000000002,25.46194801127467
17040,1850.91,1296.75,309.0,325,554.1600000000001,29.939867416568074
25184,1849.26,17.23,74.0,1,1832.03,99.06827595903226
22397,1849.03,1103.0,97.0,100,746.03,40.34710091237027
2750,1848.5700000000002,33.33,43.0,1,1815.2400000000002,98.19698469627875
22940,1847.94,413.4,6.0,2,1434.54,77.62914380337024
1416,1847.34,99.15,66.0,5,1748.1899999999998,94.63282341095845
32065,1845.3600000000001,161.84,264.0,34,1683.5200000000002,91.22989552174103
24181,1841.75,1298.4,25.0,24,543.3499999999999,29.501832496267134
8634,1839.89,1518.9,211.0,249,320.99,17.446151672110833
26882,1839.77,1610.3999999999999,23.0,30,229.37000000000012,12.467319284475783
15507,1839.5900000000001,1216.0,41.0,40,623.5900000000001,33.898314298294736
20954,1838.85,355.3,115.0,34,1483.55,80.67814122957283
21831,1835.49,603.72,51.0,26,1231.77,67.10851053397185
543,1832.4099999999999,249.92,59.0,11,1582.4899999999998,86.36113096959741
26766,1829.3899999999999,1657.32,61.0,84,172.06999999999994,9.405867529613692
6359,1829.3899999999999,1039.74,61.0,62,789.6499999999999,43.16466144452522
6968,1828.78,1274.63,122.0,131,554.1499999999999,30.301621846258154
836,1828.17,1240.1999999999998,183.0,159,587.9700000000003,32.161669866587914
19834,1824.75,496.5,25.0,10,1328.25,72.7907932593506
2650,1824.27,98.4,73.0,5,1725.87,94.60606160272327
1128,1823.4299999999998,1163.04,57.0,48,660.3899999999999,36.216909889603656
22174,1821.1,1793.39,90.0,131,27.70999999999981,1.5216078194497726
16991,1819.74,559.92,26.0,12,1259.8200000000002,69.23076923076924
41141,1819.3,810.24,70.0,48,1009.06,55.46418952344309
42753,1819.1999999999998,1279.2,480.0,492,539.9999999999998,29.683377308707115
2809,1819.09,220.5,91.0,15,1598.59,87.87855466194637
24095,1815.45,1225.8,455.0,454,589.6500000000001,32.47955052466331
22725,1813.2399999999998,987.84,76.0,84,825.3999999999997,45.520725331450876
23661,1812.63,32.66,37.0,1,1779.97,98.1981981981982
12607,1811.37,1028.16,63.0,56,783.2099999999998,43.23854320210668
42949,1806.71,1209.6000000000001,129.0,128,597.1099999999999,33.049576301675415
24812,1805.61,1220.42,139.0,139,585.1899999999998,32.40954580446497
19502,1805.5700000000002,714.0,43.0,25,1091.5700000000002,60.455700969776856
22086,1804.71,1427.49,129.0,153,377.22,20.90197317020463
13045,1800.96,302.57,224.0,79,1498.39,83.19951581378821
22600,1799.95,236.84,5.0,1,1563.1100000000001,86.84185671824218
3004,1799.94,234.37,6.0,1,1565.5700000000002,86.97901041145816
23329,1799.92,1043.0,8.0,7,756.9200000000001,42.05298013245034
25055,1799.9,350.64,10.0,3,1449.2600000000002,80.51891771765098
1185,1799.85,1374.0,15.0,15,425.8499999999999,23.660305025418783
158,1799.82,1116.18,18.0,18,683.6399999999999,37.98379837983798
26848,1799.76,1509.9,24.0,30,289.8599999999999,16.105480730764096
90080,1799.7,322.08,30.0,8,1477.6200000000001,82.10368394732455
27284,1799.7,1470.01,30.0,37,329.69000000000005,18.319164305161976
17086,1799.55,319.92,45.0,12,1479.6299999999999,82.22222222222221
6774,1799.28,979.51,72.0,49,819.77,45.56100217864923
8438,1797.84,378.72,1816.0,526,1419.12,78.93472166599919
42385,1793.31,1281.1499999999999,339.0,351,512.1600000000001,28.55947939843084
44220,1790.48,1137.9099999999999,52.0,53,652.5700000000002,36.44665117733793
15891,1786.51,413.1,149.0,51,1373.4099999999999,76.87670374081308
25104,1785.6200000000001,927.3000000000001,38.0,30,858.32,48.06845801458317
25444,1784.55,645.84,45.0,23,1138.71,63.80936370513576
45521,1784.15,1491.48,85.0,108,292.6700000000001,16.403889807471348
26517,1783.9499999999998,1356.69,105.0,123,427.25999999999976,23.950222820146294
4408,1783.67,81.84,133.0,8,1701.8300000000002,95.41170732254285
23202,1783.29,1410.75,171.0,209,372.53999999999996,20.89060108002624
19951,1781.7299999999998,428.5,27.0,10,1353.2299999999998,75.95034039949937
249,1781.1899999999998,1124.01,81.0,69,657.1799999999998,36.895558587236614
19497,1780.3799999999999,1285.2,162.0,180,495.17999999999984,27.813163481953286
2921,1779.11,313.32,89.0,21,1465.79,82.38894728263007
16583,1779.11,824.11,89.0,61,954.9999999999999,53.678524655586216
23965,1777.9499999999998,838.0999999999999,105.0,85,939.8499999999999,52.86144154785005
364,1769.71,979.4399999999999,229.0,168,790.2700000000001,44.65533901034633
26652,1766.96,1296.8799999999999,104.0,116,470.08000000000015,26.603884638022375
21385,1766.1,575.52,90.0,48,1190.58,67.41294377441821
24732,1763.72,494.04,28.0,12,1269.68,71.98875104891933
16239,1761.92,1068.29,308.0,317,693.6300000000001,39.36784871049765
23292,1759.96,1197.24,4.0,4,562.72,31.97345394213505
1310,1759.89,239.98,11.0,2,1519.91,86.36392047230224
7838,1753.83,1123.8500000000001,117.0,133,629.9799999999998,35.92024312504632
19672,1749.65,1456.84,35.0,44,292.8100000000002,16.73534706941389
21368,1749.5,1158.24,50.0,48,591.26,33.795941697627896
12539,1748.75,181.6,125.0,20,1567.15,89.61543959971408
23328,1747.77,52.41,23.0,1,1695.36,97.00132168420329
21502,1743.04,271.92,96.0,24,1471.12,84.39966954286763
23781,1741.8700000000001,1618.7400000000002,13.0,18,123.12999999999988,7.06883981008915
33213,1740.4099999999999,1176.0,329.0,336,564.4099999999999,32.429714837308445
23061,1739.1299999999999,1610.3999999999999,87.0,120,128.73000000000002,7.401976850494214
12353,1739.1299999999999,784.2,87.0,60,954.9299999999998,54.908488727122176
16690,1735.72,495.96,28.0,12,1239.76,71.42626690940935
36541,1733.83,1212.2,217.0,220,521.6299999999999,30.085417832198075
23530,1729.28,1270.08,72.0,84,459.20000000000005,26.554404145077726
22340,1727.26,628.32,174.0,88,1098.94,63.6233109086067
18174,1725.43,1278.0600000000002,157.0,179,447.3699999999999,25.928029534666713
26396,1725.12,1120.32,288.0,288,604.8,35.058430717863104
24700,1724.74,1544.52,126.0,183,180.22000000000003,10.449111170379306
22661,1722.39,955.42,61.0,31,766.9700000000001,44.52940390968364
1474,1718.35,1190.4,65.0,60,527.9499999999998,30.724241277970137
31522,1715.48,680.96,52.0,32,1034.52,60.30498752535733
14652,1710.93,1143.72,107.0,108,567.21,33.152145324472656
17100,1709.8600000000001,15.57,214.0,3,1694.2900000000002,99.0893991320927
23746,1709.8100000000002,834.4000000000001,19.0,14,875.4100000000001,51.199256057690626
4065,1707.3899999999999,396.91,61.0,19,1310.4799999999998,76.753407247319
13867,1706.78,1247.04,122.0,144,459.74,26.93610189948324
24203,1704.66,81.94,134.0,17,1622.72,95.19317635188249
13229,1699.83,810.72,17.0,12,889.1099999999999,52.30581881717583
14013,1699.32,452.78999999999996,68.0,27,1246.53,73.35463597203588
19849,1692.0900000000001,1341.6000000000001,281.0,390,350.49,20.713437228516213
22889,1691.53,1143.04,47.0,47,548.49,32.4256737982773
6545,1689.8700000000001,379.52,13.0,4,1310.3500000000001,77.54146768686348
21477,1689.8700000000001,890.3,13.0,10,799.5700000000002,47.31547397137059
24531,1689.35,51.300000000000004,65.0,3,1638.05,96.96332909107053
23969,1686.47,892.62,283.0,162,793.85,47.07169413034326
19045,1684.4099999999999,372.2,59.0,20,1312.2099999999998,77.90324208476558
25020,1681.34,210.72,66.0,12,1470.62,87.4671393055539
39841,1681.1299999999999,1185.52,187.0,203,495.6099999999999,29.480765913403477
10938,1679.88,545.4000000000001,12.0,6,1134.48,67.53339524251733
950,1679.79,294.1,21.0,5,1385.69,82.49185910143531
21015,1679.52,1295.04,48.0,57,384.48,22.89225492998
26935,1678.88,1225.0,112.0,125,453.8800000000001,27.034689793195472
13831,1678.6,1240.32,140.0,152,438.28,26.10985344930299
24554,1675.71,268.46,129.0,31,1407.25,83.97932816537468
22420,1674.33,1347.09,67.0,83,327.24,19.544534231603087
26186,1673.67,1409.99,133.0,181,263.68000000000006,15.754599174269721
22433,1671.78,1499.7,22.0,30,172.07999999999993,10.293220399813368
24512,1671.24,1489.32,76.0,108,181.92000000000007,10.885330652689024
516,1670.48,1184.28,152.0,139,486.20000000000005,29.10540682917485
17372,1668.33,269.37,167.0,41,1398.96,83.85391379403356
17069,1666.05,97.63,145.0,13,1568.42,94.14003181177037
36749,1662.96,1629.66,104.0,157,33.299999999999955,2.002453456487225
4921,1659.1699999999998,190.44,83.0,12,1468.7299999999998,88.52197182928813
26017,1658.34,1272.24,166.0,186,386.0999999999999,23.282318463041353
41171,1655.8500000000001,1149.1200000000001,415.0,432,506.73,30.602409638554217
21645,1652.4299999999998,489.32,57.0,26,1163.11,70.38785304067343
19070,1648.35,1390.89,165.0,213,257.4599999999998,15.61925561925561
23272,1642.6299999999999,642.3199999999999,137.0,148,1000.31,60.896854434656625
6366,1641.25,161.04,75.0,12,1480.21,90.18796648895659
21622,1640.4,956.9999999999999,160.0,165,683.4000000000002,41.66057059253841
21455,1639.92,674.3,8.0,5,965.6200000000001,58.88214059222402
24170,1639.5900000000001,623.28,41.0,24,1016.3100000000002,61.98561835580847
25117,1639.1799999999998,1246.08,82.0,96,393.0999999999999,23.981502946595246
3618,1638.3600000000001,182.25,164.0,25,1456.1100000000001,88.87607119314437
19617,1637.87,347.56,13.0,4,1290.31,78.77975663514198
23400,1636.44,128.52,156.0,18,1507.92,92.14636650289654
1790,1635.2099999999998,434.0,79.0,28,1201.2099999999998,73.45906641960359
17289,1633.91,1183.2,109.0,116,450.71000000000004,27.58475069006249
27135,1630.98,1296.0,102.0,120,334.98,20.53857190155612
36060,1629.95,869.32,5.0,4,760.63,46.66584864566398
23101,1628.3700000000001,267.73,163.0,41,1360.64,83.55840503079767
4337,1627.6299999999999,69.82,37.0,2,1557.81,95.71032728568532
23633,1625.04,193.4,96.0,20,1431.6399999999999,88.0987544921971
19971,1624.87,838.9,13.0,10,785.9699999999999,48.37125431572987
21472,1623.8600000000001,239.97,14.0,3,1383.89,85.22224822336901
20682,1623.44,59.58,56.0,3,1563.8600000000001,96.33001527620362
8043,1623.23,1197.96,277.0,268,425.27,26.19899829352587
1604,1619.94,1190.4,6.0,6,429.53999999999996,26.515796881365972
24532,1619.4299999999998,1190.4,57.0,62,429.02999999999975,26.492654822993263
25990,1618.65,1603.8000000000002,135.0,198,14.849999999999909,0.9174311926605447
10701,1618.38,1264.42,162.0,191,353.96000000000004,21.871253970019403
16680,1616.98,1014.9999999999999,102.0,175,601.9800000000001,37.22866083686874
26423,1614.1499999999999,1539.6000000000001,85.0,120,74.54999999999973,4.618529876405522
36088,1614.1499999999999,508.64,85.0,44,1105.5099999999998,68.48867825171142
34803,1613.1499999999999,611.52,85.0,52,1001.6299999999999,62.09155999132132
23493,1609.54,579.12,46.0,24,1030.42,64.01953353131951
21016,1609.54,695.13,46.0,29,914.41,56.81188414081042
26709,1609.21,1447.6000000000001,179.0,235,161.6099999999999,10.042816040168773
23925,1609.21,133.4,179.0,23,1475.81,91.71021805730761
845,1608.39,1056.93,161.0,147,551.46,34.286460373416894
44895,1607.04,895.44,96.0,84,711.5999999999999,44.28016726403823
13993,1605.99,1074.6,201.0,199,531.3900000000001,33.088001793286395
25082,1605.27,133.74,73.0,9,1471.53,91.66869124820124
15425,1605.27,1149.6,73.0,80,455.6700000000001,28.385879011007496
2572,1604.69,327.78,31.0,9,1276.91,79.57362481226905
17938,1604.6,395.3,140.0,59,1209.3,75.36457684158046
6472,1603.98,1197.8200000000002,402.0,442,406.15999999999985,25.32201149640269
3711,1603.93,1579.04,107.0,139,24.8900000000001,1.551813358438342
21172,1599.92,1103.36,8.0,8,496.5600000000002,31.036551827591392
34703,1599.2,1112.1599999999999,80.0,84,487.0400000000002,30.455227613806912
24387,1599.1999999999998,174.45999999999998,80.0,13,1424.7399999999998,89.09079539769884
18275,1597.79,1182.24,121.0,144,415.54999999999995,26.007798271362315
25726,1595.47,1078.41,103.0,103,517.06,32.40800516462233
16947,1594.8600000000001,209.44,114.0,28,1385.42,86.8678128487767
24349,1594.71,532.2,29.0,15,1062.51,66.62716105122561
12199,1594.71,327.78000000000003,29.0,9,1266.93,79.44579265195553
735,1593.9,1167.48,110.0,108,426.4200000000001,26.753246753246756
14964,1591.23,1108.8,177.0,180,482.43000000000006,30.318055843592695
15262,1590.05,1164.24,245.0,264,425.80999999999995,26.779661016949152
46942,1589.47,700.92,53.0,36,888.5500000000001,55.90228189270638
827,1588.41,1339.3999999999999,159.0,181,249.01000000000022,15.67668297228047
24135,1586.31,154.3,69.0,10,1432.01,90.27302355781657
25057,1583.52,172.48000000000002,48.0,8,1411.04,89.10781044761038
13920,1582.56,1041.1200000000001,144.0,144,541.4399999999998,34.21292083712465
18265,1580.79,466.1,21.0,10,1114.69,70.51474262868567
26840,1580.07,1198.8,93.0,108,381.27,24.129943610093225
44705,1578.33,970.92,117.0,108,607.41,38.484347379825515
25707,1577.5900000000001,882.3599999999999,41.0,38,695.2300000000002,44.06911808518057
451,1576.8400000000001,1112.8999999999999,316.0,310,463.9400000000003,29.42213541006064
36059,1574.93,749.95,7.0,5,824.98,52.382010629043826
40424,1574.03,1190.16,197.0,216,383.8699999999999,24.387718150225844
22789,1573.95,82.72,105.0,8,1491.23,94.74443279646748
25761,1573.6299999999999,1182.48,137.0,156,391.14999999999986,24.85654188087415
20161,1569.6,1046.4,240.0,240,523.1999999999998,33.33333333333333
832,1568.43,999.12,157.0,138,569.3100000000001,36.29808152101146
23205,1567.02,1140.62,98.0,107,426.4000000000001,27.210884353741505
10724,1566.33,979.65,327.0,311,586.68,37.45570856716017
15746,1564.26,1182.72,174.0,192,381.53999999999996,24.39108588086379
21458,1563.77,410.67,23.0,9,1153.1,73.73846537534293
23203,1563.51,1339.6,149.0,197,223.91000000000008,14.320982916642688
36766,1562.1,87.6,90.0,8,1474.5,94.39216439408489
41558,1560.77,1120.6799999999998,123.0,132,440.09000000000015,28.19697969591933
21223,1560.12,1080.0,88.0,96,480.1199999999999,30.774555803399732
20067,1559.97,1061.19,3.0,3,498.78,31.973691801765412
20130,1559.74,315.76,26.0,8,1243.98,79.75560029235642
16398,1559.61,567.6,39.0,22,992.0099999999999,63.60628618693135
18396,1559.22,649.0,78.0,50,910.22,58.37662420954067
4214,1552.84,847.84,116.0,112,704.9999999999999,45.400685196156715
10762,1550.14,1053.0,216.0,260,497.1400000000001,32.07065168307379
418,1549.69,1191.96,31.0,36,357.73,23.083971633036285
12536,1549.59,1337.3999999999999,141.0,180,212.19000000000005,13.693299517937007
32807,1545.81,174.34,119.0,23,1371.47,88.72177046338166
19944,1538.46,1115.2,154.0,164,423.26,27.51192751192751
19346,1535.04,1058.88,96.0,96,476.15999999999985,31.01938711694808
21280,1532.79,47.09,21.0,1,1485.7,96.92782442474181
44783,1529.97,255.0,103.0,25,1274.97,83.3330065295398
26835,1529.1499999999999,1393.1999999999998,85.0,120,135.95000000000005,8.890560115096626
15542,1529.1,932.3999999999999,90.0,84,596.7,39.022954679223076
34135,1527.61,1047.2,139.0,140,480.40999999999985,31.44847179581175
37194,1527.24,1118.53,176.0,203,408.71000000000004,26.761347266965245
16445,1525.2299999999998,1405.3799999999999,77.0,118,119.84999999999991,7.857831277905622
24012,1524.3899999999999,188.32,61.0,11,1336.07,87.64620602339296
35957,1522.95,1314.24,105.0,96,208.71000000000004,13.704323845168917
43890,1519.05,1240.32,95.0,114,278.73,18.34896810506567
45185,1519.05,1144.08,95.0,126,374.97,24.684506764095985
776,1517.34,760.2,66.0,42,757.1399999999999,49.899165645142155
25917,1514.53,1165.44,147.0,192,349.0899999999999,23.049394861772292
25381,1512.11,69.84,89.0,6,1442.27,95.38128839833081
40607,1512.11,1350.0,89.0,120,162.1099999999999,10.72078089556976
20200,1511.76,1276.8000000000002,24.0,30,234.9599999999998,15.542149547547218
925,1511.46,1199.34,54.0,54,312.1200000000001,20.650232225794934
19349,1511.28,1167.6,72.0,84,343.68000000000006,22.740987771954906
20789,1511.1599999999999,934.08,84.0,96,577.0799999999998,38.187882156753744
635,1508.49,1117.54,151.0,142,390.95000000000005,25.916645121943137
274,1507.4199999999998,1002.24,58.0,54,505.17999999999984,33.512889572912655
14236,1503.96,608.76,604.0,356,895.2,59.52285965052262
700,1500.4899999999998,1202.6999999999998,181.0,190,297.78999999999996,19.846183580030523
2823,1499.99,1111.1,1.0,1,388.8900000000001,25.92617284115228
23331,1499.9,296.04,10.0,3,1203.8600000000001,80.26268417894526
18564,1499.49,1023.55,51.0,55,475.94000000000005,31.74012497582512
19661,1499.25,342.25,75.0,25,1157.0,77.17191929297982
1393,1497.0,194.68,300.0,62,1302.32,86.99532398129593
23477,1495.12,1058.88,88.0,96,436.2399999999998,29.177591096366832
36360,1494.98,322.56,102.0,36,1172.42,78.42379162263042
4052,1494.77,464.20000000000005,23.0,10,1030.57,68.94505509208774
16532,1489.84,1199.28,116.0,152,290.55999999999995,19.502765397626586
19699,1486.59,401.2,141.0,59,1085.3899999999999,73.01206116010466
25819,1483.65,1199.52,135.0,168,284.1300000000001,19.150743099787693
43803,1481.7,1010.6,330.0,326,471.1,31.7945603023554
3203,1481.43,1008.8000000000001,57.0,52,472.63,31.90363365126938
46132,1480.8600000000001,1281.6,114.0,144,199.26000000000022,13.455694663911524
27797,1480.86,1122.92,114.0,134,357.9399999999998,24.17108977215941
17409,1479.96,739.98,4.0,3,739.98,50.0
25816,1478.52,1080.72,148.0,158,397.79999999999995,26.905283662040414
34508,1478.1499999999999,1050.6,185.0,204,427.54999999999995,28.924669350201267
22794,1477.0600000000002,1018.5,494.0,525,458.5600000000002,31.045455160927798
1856,1475.88,1093.2,12.0,12,382.68000000000006,25.928937311976586
20425,1474.77,228.48,123.0,28,1246.29,84.50741471551495
90609,1474.4099999999999,17.0,59.0,1,1457.4099999999999,98.84699642568891
16140,1472.3899999999999,142.74,61.0,9,1329.6499999999999,90.30555763079076
1173,1471.68,36.5,32.0,1,1435.18,97.51984126984127
23334,1471.54,268.32,46.0,13,1203.22,81.76604101825299
41122,1470.4499999999998,1298.3999999999999,55.0,80,172.04999999999995,11.700499846985615
20056,1469.93,556.28,7.0,4,913.6500000000001,62.15602103501527
18784,1469.7,489.9,30.0,15,979.8000000000001,66.66666666666667
13950,1469.54,1429.92,46.0,72,39.61999999999989,2.69608176708357
8422,1467.24,776.16,276.0,252,691.08,47.10067882555001
16426,1462.17,1066.24,183.0,196,395.93000000000006,27.0782467154982
104,1459.1399999999999,982.2600000000001,166.0,153,476.87999999999977,32.682264895760504
20428,1457.73,213.12,27.0,6,1244.6100000000001,85.38000864357598
308,1457.32,1062.16,68.0,68,395.15999999999985,27.11552713199571
495,1455.09,1186.55,91.0,95,268.53999999999996,18.455215828574175
24557,1454.8799999999999,781.42,112.0,89,673.4599999999999,46.28972836247663
22675,1454.18,277.15999999999997,182.0,52,1177.02,80.94046129089934
24144,1449.8,1183.44,20.0,24,266.3599999999999,18.372189267485165
19417,1449.71,33.11,29.0,1,1416.6000000000001,97.71609494312656
15189,1447.3899999999999,1108.8,161.0,180,338.5899999999999,23.393142138608113
18783,1443.3,996.1999999999999,170.0,170,447.1,30.97762073027091
26020,1443.2399999999998,1042.4399999999998,76.0,84,400.79999999999995,27.770848923256008
19526,1440.97,9.39,103.0,1,1431.58,99.34835562156047
20316,1439.84,620.6,16.0,10,819.2399999999999,56.89798866540726
18762,1439.64,986.04,36.0,36,453.60000000000014,31.507876969242314
26021,1439.28,1110.95,72.0,85,328.3299999999999,22.812100494691787
12097,1439.28,966.24,72.0,72,473.03999999999996,32.86643321660831
2719,1439.28,201.5,72.0,13,1237.78,85.99994441665277
24510,1439.1,1425.6,90.0,132,13.5,0.9380863039399625
26872,1439.04,1310.76,96.0,132,128.27999999999997,8.914276184122746
33209,1438.8799999999999,951.5000000000001,272.0,275,487.37999999999977,33.872178360947395
23425,1429.78,1361.2099999999998,22.0,31,68.57000000000016,4.795842717061378
24013,1429.4499999999998,102.6,55.0,6,1326.85,92.82241421525762
879,1428.57,1073.0,143.0,145,355.56999999999994,24.889924889924885
28313,1428.42,970.1800000000001,358.0,358,458.24,32.08020050125313
3440,1427.49,940.38,51.0,42,487.11,34.12353151335561
11078,1427.1599999999999,688.8,84.0,60,738.3599999999999,51.73631547969394
20492,1426.81,885.6,119.0,120,541.2099999999999,37.93146950189583
359,1425.3899999999999,1088.3700000000001,261.0,261,337.01999999999975,23.64405531117798
14235,1416.8100000000002,703.56,569.0,429,713.2500000000002,50.34196540114766
5463,1415.91,1175.52,109.0,124,240.3900000000001,16.97777401106003
37100,1413.74,694.26,26.0,19,719.48,50.89196033216857
6891,1412.17,1019.16,283.0,298,393.0100000000001,27.830218741369674
20889,1405.63,314.4,37.0,12,1091.23,77.63280521901211
912,1405.53,970.0500000000001,97.0,87,435.4799999999999,30.983330131694085
27168,1405.26,1186.55,74.0,95,218.71000000000004,15.563667933336184
90086,1403.73,34.2,27.0,1,1369.53,97.56363403218567
19247,1403.22,557.28,78.0,48,845.94,60.28562876811905
43923,1402.83,188.83,117.0,23,1214.0,86.53935259439847
38471,1400.89,662.4000000000001,111.0,72,738.49,52.71577354396133
23344,1400.88,1066.23,312.0,359,334.6500000000001,23.888555764947753
19783,1399.96,690.78,4.0,3,709.1800000000001,50.65716163318952
22438,1399.72,34.24,28.0,1,1365.48,97.55379647358043
24701,1399.1,244.8,90.0,24,1154.3,82.5030376670717
23308,1396.89,175.16,11.0,2,1221.73,87.46071630550722
14627,1394.07,943.35,93.0,95,450.7199999999999,32.33123157373733
21595,1394.0,722.16,200.0,204,671.84,48.19512195121952
36079,1393.83,108.6,17.0,2,1285.23,92.20851897290201
39842,1393.45,1006.3199999999999,155.0,168,387.1300000000001,27.78212350640497
39840,1393.45,1285.2,155.0,216,108.25,7.768488284473787
22898,1390.84,354.2,116.0,44,1036.6399999999999,74.53337551407782
18586,1389.68,1323.84,32.0,48,65.84000000000015,4.737781359737504
20000,1387.82,172.32,118.0,24,1215.5,87.58340418786298
19253,1387.0,1005.6,100.0,120,381.4,27.498197548666187
41778,1386.63,582.9000000000001,137.0,87,803.73,57.96283074792843
23071,1385.23,764.4,77.0,65,620.83,44.81782808631058
21426,1383.4199999999998,367.14,58.0,29,1016.2799999999999,73.46142169406254
20767,1379.31,341.90000000000003,69.0,26,1037.4099999999999,75.21224380306094
18844,1379.08,708.96,92.0,84,670.1199999999999,48.591814833077116
21103,1378.85,220.92000000000002,115.0,28,1157.9299999999998,83.97795264169416
4073,1378.16,177.0,184.0,30,1201.16,87.15678876182736
17375,1377.74,322.2,26.0,9,1055.54,76.61387489656974
38649,1376.49,841.44,51.0,48,535.05,38.870605670945665
549,1375.47,1052.88,153.0,164,322.5899999999999,23.453074221902327
24051,1371.71,925.8199999999999,229.0,238,445.8900000000001,32.506141968783496
46166,1369.3899999999999,946.0,211.0,220,423.3899999999999,30.918146035826165
1066,1369.37,511.68,63.0,32,857.6899999999998,62.63391194490896
27611,1367.76,899.76,24.0,24,468.0,34.21652921565187
36849,1367.28,1085.28,72.0,84,282.0,20.624890293136737
24015,1367.28,567.1800000000001,72.0,46,800.0999999999999,58.51764086361242
26085,1367.28,1292.0,72.0,100,75.27999999999997,5.505821777543734
25356,1363.3799999999999,1021.6800000000001,62.0,72,341.6999999999998,25.062711789816472
18628,1362.53,58.77,47.0,3,1303.76,95.68670047631979
21475,1359.83,220.68,17.0,4,1139.1499999999999,83.77150084937087
19572,1359.83,845.69,17.0,19,514.1399999999999,37.809137906944244
23831,1359.1999999999998,335.88,80.0,36,1023.3199999999998,75.28840494408475
34082,1359.15,118.03,85.0,11,1241.1200000000001,91.31589596438951
24273,1359.1100000000001,125.4,89.0,12,1233.71,90.7733737519406
42158,1357.93,931.84,107.0,128,426.09000000000003,31.377906077632865
10704,1357.49,1028.1599999999999,151.0,168,329.33000000000015,24.260215544865904
10937,1349.85,924.5999999999999,15.0,15,425.25,31.503500388932103
23753,1349.82,49.66,18.0,1,1300.1599999999999,96.32099094694107
19988,1349.73,136.04,27.0,4,1213.69,89.92094715239345
19796,1349.55,279.86,45.0,14,1069.69,79.2627172020303
22057,1349.5,278.56,50.0,16,1070.94,79.35828084475732
372,1349.4,622.8,60.0,36,726.6000000000001,53.846153846153854
16443,1346.3899999999999,1070.7,61.0,83,275.6899999999998,20.47623645451911
18614,1343.04,883.2,96.0,96,459.8399999999999,34.238741958541816
828,1338.66,905.5799999999999,134.0,117,433.08000000000015,32.35175473981445
4399,1337.0,203.0,100.0,20,1134.0,84.81675392670157
18852,1334.33,862.27,167.0,163,472.05999999999995,35.37805490395929
18561,1334.1100000000001,945.64,89.0,94,388.47000000000014,29.118288596892317
16851,1334.08,894.08,352.0,352,439.9999999999999,32.98153034300791
216,1331.36,1171.5,64.0,75,159.8599999999999,12.007270760725868
24279,1329.81,324.45,19.0,7,1005.3599999999999,75.60177769756581
21320,1329.79,368.68,121.0,52,961.1099999999999,72.27532166733093
27132,1329.3,923.76,70.0,72,405.53999999999996,30.50778605280975
12592,1328.52,325.98,48.0,18,1002.54,75.46292114533466
5688,1327.04,62.4,96.0,8,1264.6399999999999,95.29780564263322
2320,1324.75,464.16,25.0,12,860.5899999999999,64.96244574448008
26081,1322.79,1268.4,21.0,30,54.38999999999987,4.111763772027296
24725,1322.79,777.1,21.0,19,545.6899999999999,41.25295776351499
240,1322.37,974.3499999999999,63.0,65,348.02,26.317898923901783
20218,1319.95,925.12,105.0,118,394.83000000000004,29.912496685480512
25061,1319.78,281.82,22.0,7,1037.96,78.64644107351225
23961,1319.76,73.32,24.0,2,1246.44,94.44444444444446
5384,1319.6000000000001,337.12,40.0,14,982.4800000000001,74.45286450439528
1020,1319.48,36.22,52.0,2,1283.26,97.25497923424379
24728,1319.3999999999999,195.78,60.0,13,1123.62,85.16143701682583
8017,1318.8,1036.2,120.0,132,282.5999999999999,21.428571428571423
8008,1318.68,828.24,132.0,116,490.44000000000005,37.1917371917372
18357,1318.68,185.35999999999999,132.0,28,1133.3200000000002,85.94351927685263
11306,1317.16,1009.92,84.0,96,307.2400000000001,23.325943697045165
4723,1316.7,31.57,1330.0,41,1285.13,97.60233918128655
25591,1313.64,1008.42,36.0,42,305.22000000000014,23.234676166986397
23185,1313.27,201.94,73.0,23,1111.33,84.6231163431739
905,1311.99,1231.36,101.0,128,80.63000000000011,6.145626109955114
23260,1309.52,374.33000000000004,188.0,83,935.1899999999999,71.41471684281264
1006,1308.72,279.46,328.0,89,1029.26,78.64631089919921
19946,1308.1200000000001,865.97,88.0,89,442.1500000000001,33.800415863988015
17431,1307.81,978.42,119.0,138,329.39,25.186380284597913
19414,1306.91,1020.6,109.0,126,286.31000000000006,21.90739989746808
161,1299.0,1113.6,100.0,120,185.4000000000001,14.272517321016172
3301,1295.19,72.66,81.0,6,1222.53,94.39001227619113
2216,1294.56,924.48,144.0,144,370.0799999999999,28.587319243603996
46374,1291.2399999999998,884.6400000000001,76.0,76,406.5999999999997,31.489111241906986
194,1289.57,789.2500000000001,43.0,35,500.3199999999998,38.79742860023107
20715,1287.72,907.8,28.0,30,379.9200000000001,29.50330817258411
2903,1287.54,864.36,46.0,42,423.17999999999995,32.86732839368097
24722,1285.55,996.8399999999999,45.0,52,288.71000000000004,22.458091867294158
36071,1283.97,867.54,3.0,3,416.43000000000006,32.43300077104605
13808,1282.93,944.86,107.0,119,338.07000000000005,26.35139875129586
21503,1282.4399999999998,40.26,56.0,3,1242.1799999999998,96.8606718442968
25741,1279.68,825.6,32.0,32,454.08000000000004,35.483870967741936
12476,1279.2,127.92,80.0,12,1151.28,89.99999999999999
18979,1277.29,1090.8,71.0,101,186.49,14.600443125680151
26080,1268.73,939.92,27.0,31,328.81000000000006,25.91646764875112
25160,1266.92,186.96,108.0,24,1079.96,85.24295140971806
16241,1264.8,669.9,220.0,203,594.9,47.03510436432637
24881,1260.97,197.04,103.0,24,1063.93,84.37393435212574
19680,1259.93,476.8,7.0,4,783.1300000000001,62.15662774916068
24341,1259.82,278.1,18.0,6,981.7199999999999,77.92541791684526
20661,1259.79,287.52,21.0,8,972.27,77.17714857238111
18431,1259.72,174.18,28.0,6,1085.54,86.17311783570952
25085,1259.58,159.92,42.0,8,1099.6599999999999,87.30370440940631
22778,1259.55,1009.12,45.0,53,250.42999999999995,19.882497717438767
19157,1259.55,145.89,45.0,9,1113.6599999999999,88.4172918899607
18385,1259.46,670.8,54.0,60,588.6600000000001,46.73907865275595
112,1259.06,1076.3,194.0,229,182.76,14.515590996457675
5363,1258.2,270.6,80.0,22,987.6,78.49308536003815
23929,1258.1999999999998,894.72,180.0,192,363.4799999999998,28.888888888888875
13872,1256.4,938.52,360.0,396,317.8800000000001,25.300859598853876
23962,1255.3999999999999,151.92,60.0,12,1103.4799999999998,87.89867771228293
18587,1253.68,905.54,32.0,38,348.1400000000001,27.769446748771625
42672,1253.67,949.7900000000001,33.0,37,303.88,24.239233610120685
42733,1253.6200000000001,1069.25,38.0,47,184.37000000000012,14.707008503374237
11280,1253.58,150.56,42.0,8,1103.02,87.98959779192394
6877,1253.34,149.16,66.0,11,1104.1799999999998,88.09899947340705
25526,1253.34,903.9,66.0,69,349.43999999999994,27.880702762219343
20519,1253.34,201.28,66.0,16,1052.06,83.94051095472896
715,1251.79,1002.78,151.0,162,249.01,19.892314206056927
5691,1251.1,118.05,90.0,15,1133.05,90.56430341299657
9359,1249.95,1079.1,5.0,6,170.85000000000014,13.668546741869687
548,1249.6100000000001,649.4399999999999,139.0,99,600.1700000000002,48.02858491849458
17138,1249.33,513.0,67.0,60,736.3299999999999,58.93799076304899
23236,1247.68,107.56,32.0,4,1140.1200000000001,91.37919979481919
18866,1247.04,1114.08,96.0,132,132.96000000000004,10.662047729022328
22867,1245.11,1123.36,89.0,118,121.75,9.778252523873393
24671,1245.11,229.92,89.0,24,1015.1899999999999,81.534161640337
14413,1244.88,808.0799999999999,312.0,312,436.8000000000002,35.087719298245624
16694,1244.17,129.09,83.0,13,1115.0800000000002,89.62440824003151
20439,1242.98,168.48,182.0,36,1074.5,86.44547780334358
3147,1242.45,45.44,1255.0,64,1197.01,96.34270996820797
18756,1238.45,862.9599999999999,155.0,161,375.4900000000001,30.319350801404994
20174,1236.3,427.05,70.0,39,809.25,65.45741324921136
20555,1232.08,837.42,92.0,102,394.65999999999997,32.032010908382574
26328,1231.56,1142.3999999999999,44.0,60,89.16000000000008,7.23959855792654
15871,1231.23,32.85,77.0,3,1198.38,97.33193635632661
15347,1230.01,1046.0,199.0,200,184.01,14.960040975276623
45059,1227.1200000000001,43.9,88.0,5,1183.22,96.42251776517374
25076,1224.65,187.84,35.0,8,1036.8100000000002,84.66174008900504
1063,1223.64,456.66,36.0,18,766.98,62.68020005884083
18270,1223.28,820.8000000000001,72.0,72,402.4799999999999,32.90170688640376
19522,1221.74,737.04,26.0,24,484.70000000000005,39.67292549969716
23807,1219.3899999999999,151.92,61.0,12,1067.4699999999998,87.54131163942627
42797,1218.3,510.72,70.0,48,707.5799999999999,58.07929081507017
18779,1216.93,828.24,407.0,408,388.69000000000005,31.940210201079772
5098,1209.45,721.9699999999999,55.0,43,487.48000000000013,40.305924180412596
40583,1208.9,7.33,110.0,1,1201.5700000000002,99.39366366117959
18309,1208.79,946.08,121.0,144,262.7099999999999,21.733303551485363
19747,1208.03,93.48,107.0,12,1114.55,92.26178157827206
24857,1207.99,611.28,101.0,72,596.71,49.39693209380873
26003,1205.33,963.63,67.0,83,241.69999999999993,20.052599702985898
945,1203.57,960.21,43.0,47,243.3599999999999,20.219845958274128
111,1200.65,925.9,185.0,197,274.7500000000001,22.883438137675434
25364,1199.88,784.2,12.0,12,415.68000000000006,34.64346434643464
18437,1199.88,784.2,12.0,12,415.68000000000006,34.64346434643464
4010,1199.8,45.11,20.0,1,1154.69,96.24020670111686
1072,1199.8,882.2,20.0,20,317.5999999999999,26.471078513085505
27204,1199.52,816.0,48.0,48,383.52,31.972789115646254
2995,1199.5,105.06,50.0,6,1094.44,91.24135056273448
3441,1199.5,360.8,50.0,20,838.7,69.92080033347229
23926,1199.4,805.1999999999999,60.0,60,394.20000000000016,32.866433216608314
14962,1197.5,842.1600000000001,250.0,264,355.3399999999999,29.673486430062624
22781,1196.79,415.14,21.0,11,781.65,65.31221016218383
20508,1196.37,232.56,63.0,18,963.81,80.561197622809
742,1195.08,706.52,92.0,68,488.55999999999995,40.880945208688956
14121,1193.62,822.12,38.0,39,371.4999999999999,31.12380824718084
46059,1193.01,760.3199999999999,299.0,288,432.69000000000005,36.26876555938342
21383,1189.15,796.36,85.0,86,392.7900000000001,33.031156708573356
40258,1188.81,1168.87,119.0,179,19.940000000000055,1.6773075596605056
36572,1188.53,595.3199999999999,47.0,41,593.21,49.91123488679293
35864,1186.92,786.24,108.0,108,400.68000000000006,33.75796178343949
43546,1183.26,982.8000000000001,74.0,91,200.45999999999992,16.94133157547791
2840,1182.09,419.52,91.0,57,762.5699999999999,64.51031647336497
113,1181.18,803.4399999999999,182.0,166,377.7400000000001,31.97988452225741
3707,1180.08,260.48,1192.0,352,919.5999999999999,77.9269202087994
14100,1180.03,868.32,197.0,216,311.7099999999999,26.41543011618348
22793,1177.69,892.8000000000001,131.0,144,284.89,24.190576467491443
36894,1175.02,244.59,98.0,31,930.43,79.18418409899405
26706,1174.53,967.2,47.0,60,207.32999999999993,17.65216724987867
23066,1173.3,698.97,70.0,69,474.3299999999999,40.42700076706724
7193,1171.98,80.19,102.0,9,1091.79,93.15773306711718
298,1171.62,933.24,138.0,154,238.37999999999988,20.346187330363076
8616,1171.56,755.3199999999999,44.0,46,416.24,35.52869678036123
20504,1170.72,1087.44,288.0,276,83.27999999999997,7.113571135711355
6220,1169.91,866.61,9.0,9,303.30000000000007,25.925071159319952
19252,1167.27,979.2,73.0,96,188.06999999999994,16.111953532601706
17841,1163.16,611.52,84.0,84,551.6400000000001,47.425977509542975
15790,1163.03,890.0999999999999,97.0,115,272.93000000000006,23.46715046043525
25915,1161.71,118.53,179.0,27,1043.18,89.796937273502
44730,1161.17,877.44,83.0,96,283.73,24.434837276195562
46580,1160.18,731.79,182.0,141,428.3900000000001,36.92444275888225
21732,1159.71,129.85,29.0,5,1029.8600000000001,88.80323529158153
22352,1154.67,204.48,33.0,9,950.19,82.29104419444516
17983,1152.26,665.8399999999999,74.0,58,486.4200000000001,42.214430770832976
38714,1151.8799999999999,194.58,12.0,3,957.2999999999998,83.10761537660173
26705,1151.76,1136.52,24.0,36,15.240000000000009,1.323192331735779
15063,1151.36,905.25,64.0,75,246.1099999999999,21.375590605892157
45239,1151.28,629.52,72.0,61,521.76,45.31999166145508
26069,1151.28,762.48,72.0,72,388.79999999999995,33.771106941838646
21252,1151.04,603.75,96.0,75,547.29,47.54743536280233
3159,1150.98,33.54,152.0,6,1117.44,97.08596152843664
25156,1149.77,32.89,23.0,1,1116.8799999999999,97.1394278855771
18595,1149.77,387.0,23.0,12,762.77,66.34109430581768
15846,1149.54,482.44,46.0,28,667.0999999999999,58.03190841554012
21837,1148.3899999999999,533.65,61.0,65,614.7399999999999,53.53059500692273
23109,1146.69,297.96,31.0,12,848.73,74.01564503047902
19370,1145.57,799.82,193.0,203,345.7499999999999,30.18148170779611
15850,1144.53,763.02,157.0,157,381.51,33.33333333333333
6140,1143.3600000000001,639.84,164.0,186,503.5200000000001,44.03862300587742
46065,1143.1200000000001,869.32,88.0,103,273.80000000000007,23.95199104206033
4525,1142.57,805.65,143.0,131,336.91999999999996,29.48790883709532
18284,1141.3,178.88,70.0,16,962.42,84.32664505388591
21830,1139.77,387.0,23.0,12,752.77,66.04578116637568
13442,1138.33,977.76,67.0,84,160.56999999999994,14.105751407764
13688,1137.16,351.96000000000004,84.0,84,785.2,69.04921031341236
39098,1135.52,885.6,48.0,60,249.91999999999996,22.00929970410032
18684,1134.92,726.96,8.0,8,407.96000000000004,35.946145983857896
16247,1134.58,673.28,142.0,128,461.29999999999995,40.658217137619204
39084,1133.46,791.64,54.0,54,341.82000000000005,30.15721772272511
18976,1131.95,772.8,105.0,96,359.1500000000001,31.728433234683518
41215,1130.22,147.89999999999998,78.0,15,982.32,86.91405213144344
24055,1127.1599999999999,783.7199999999999,84.0,84,343.43999999999994,30.4694985627595
19091,1127.04,747.84,96.0,96,379.19999999999993,33.64565587734241
24136,1126.51,180.36,49.0,12,946.15,83.98948966276376
19559,1124.95,580.6,5.0,4,544.35,48.38881728076803
11336,1122.8600000000001,999.6000000000001,114.0,168,123.25999999999999,10.977325757440818
45912,1122.3899999999999,843.8399999999999,61.0,72,278.54999999999995,24.81757677812525
712,1120.98,302.48,102.0,38,818.5,73.01646773359025
21259,1120.4099999999999,303.84000000000003,59.0,24,816.5699999999998,72.88135593220339
19124,1119.84,623.22,16.0,26,496.6199999999999,44.34740677239605
25078,1119.72,26.14,28.0,1,1093.58,97.66548780052156
19630,1119.68,821.8000000000001,32.0,35,297.88,26.604029722777934
16556,1119.6,810.24,40.0,48,309.3599999999999,27.63129689174705
45061,1119.3,756.0,70.0,70,363.29999999999995,32.4577861163227
31496,1119.24,761.62,186.0,226,357.62,31.95203888352811
871,1118.88,1021.36,112.0,136,97.5200000000001,8.715858715858724
25083,1117.57,153.9,43.0,9,963.67,86.22905052927334
20520,1117.57,121.31,43.0,7,996.26,89.14519895845451
12378,1117.1399999999999,941.76,86.0,108,175.37999999999988,15.699017133036136
21858,1115.74,623.28,26.0,24,492.46000000000004,44.1375230788535
7205,1114.53,53.46,97.0,6,1061.07,95.20335926354606
19936,1113.02,881.01,98.0,117,232.01,20.84508813857792
3917,1109.79,99.53999999999999,1121.0,126,1010.25,91.03073554456249
16178,1108.95,351.05,105.0,59,757.9000000000001,68.34392894179179
835,1108.8899999999999,938.6800000000001,111.0,124,170.2099999999998,15.34958381805227
5062,1106.04,41.95,96.0,5,1064.09,96.20718961339554
874,1105.77,751.52,123.0,112,354.25,32.03649945286995
25327,1104.61,901.5999999999999,39.0,46,203.01,18.378432206842234
23793,1104.15,497.76,85.0,61,606.3900000000001,54.91916859122402
4948,1104.15,115.44,85.0,12,988.71,89.54489879092515
3962,1103.31,190.88,69.0,16,912.43,82.6993320100425
19594,1101.62,454.8,38.0,24,646.8199999999999,58.715346489715145
46765,1099.8,467.21999999999997,20.0,13,632.5799999999999,57.5177304964539
27131,1099.78,980.1,22.0,30,119.67999999999995,10.882176435287052
25064,1099.75,29.52,25.0,1,1070.23,97.31575358035917
1603,1099.75,1073.84,25.0,31,25.910000000000082,2.3559899977267635
20416,1099.56,827.04,44.0,48,272.52,24.78445923824075
41087,1098.15,607.55,135.0,145,490.60000000000014,44.675135455083556
5635,1095.99,479.37,51.0,29,616.62,56.26146223961898
23616,1094.63,766.48,137.0,143,328.1500000000001,29.978166138329854
44709,1094.6299999999999,888.7199999999999,137.0,168,205.90999999999997,18.81092241213926
24720,1091.61,333.71999999999997,39.0,18,757.8899999999999,69.42864209745238
35480,1091.42,416.02,58.0,31,675.4000000000001,61.88268494255191
42828,1091.1599999999999,747.6,84.0,84,343.55999999999983,31.485758275596602
20985,1091.09,856.9000000000001,91.0,110,234.18999999999983,21.463857243673743
14390,1091.09,819.1800000000001,91.0,111,271.90999999999985,24.920950609023993
21592,1090.99,636.5,101.0,95,454.49,41.658493661720094
22234,1090.44,747.24,156.0,156,343.20000000000005,31.47353361945637
12052,1088.31,598.5,69.0,70,489.80999999999995,45.00647793367698
44972,1087.32,103.19999999999999,68.0,10,984.1199999999999,90.5087738660192
21854,1083.86,287.63,14.0,7,796.2299999999999,73.46243979849795
21471,1080.77,181.92,23.0,6,898.85,83.16755646437262
21449,1079.8,217.38,20.0,6,862.42,79.86849416558623
44121,1079.76,696.72,24.0,24,383.03999999999996,35.47454989997777
21634,1079.76,729.6,24.0,24,350.15999999999997,32.4294287619471
21485,1079.7,162.54,30.0,7,917.1600000000001,84.94581828285635
27092,1079.1,752.64,90.0,96,326.4599999999999,30.25298860161245
22440,1077.51,178.32,49.0,12,899.19,83.45073363588273
17940,1076.4,694.8,360.0,360,381.60000000000014,35.451505016722415
19251,1075.31,575.28,69.0,72,500.03,46.50100901135487
16399,1074.75,584.8,25.0,20,489.95000000000005,45.58734589439405
23326,1074.57,241.8,43.0,15,832.77,77.49797593455988
16461,1073.21,990.82,79.0,107,82.38999999999999,7.6769690927218335
6343,1072.8500000000001,701.76,215.0,204,371.09000000000015,34.58917835671343
25481,1072.71,864.72,29.0,36,207.99,19.389210504236935
36851,1071.33,729.64,67.0,68,341.68999999999994,31.89400091475082
43542,1071.33,852.8,67.0,80,218.52999999999997,20.398009950248756
911,1070.49,520.88,51.0,34,549.61,51.341908845481974
18344,1069.81,236.73000000000002,119.0,39,833.0799999999999,77.87177162299848
28272,1069.5,420.48,150.0,144,649.02,60.684431977559605
25027,1067.88,736.44,12.0,12,331.44000000000005,31.03719519047084
21614,1067.11,824.16,89.0,101,242.94999999999993,22.767099924094044
13724,1067.02,335.58000000000004,98.0,47,731.4399999999999,68.54979288110813
39797,1065.52,972.6,48.0,60,92.91999999999996,8.720624671521882
26051,1064.29,823.1999999999999,71.0,84,241.09000000000003,22.652660459085403
36069,1063.86,51.0,14.0,1,1012.8599999999999,95.20613614573345
13255,1061.32,704.8399999999999,68.0,67,356.48,33.58836166283496
41132,1061.1299999999999,695.64,87.0,93,365.4899999999999,34.44347063978965
12351,1059.47,810.6,53.0,60,248.87,23.490046910247575
197,1057.03,920.9200000000001,47.0,52,136.1099999999999,12.87664493912187
24977,1055.84,728.1600000000001,16.0,16,327.67999999999984,31.035005303833902
25701,1055.76,708.48,24.0,24,347.28,32.89383950897931
21078,1054.09,590.5899999999999,91.0,91,463.5,43.97157737954065
39997,1053.3600000000001,657.72,264.0,252,395.6400000000001,37.5598086124402
10057,1052.19,523.28,81.0,62,528.9100000000001,50.26753723186877
586,1051.3799999999999,910.5300000000001,62.0,67,140.8499999999998,13.396678650915922
15888,1050.61,526.5,139.0,130,524.1099999999999,49.88625655571525
19825,1049.86,359.52,14.0,7,690.3399999999999,65.75543405787438
6532,1049.85,204.36,15.0,4,845.4899999999999,80.53436205172167
21519,1049.79,32.89,21.0,1,1016.9,96.86699244610827
22418,1049.25,1034.6399999999999,75.0,108,14.610000000000127,1.3924231593995833
19246,1048.95,709.56,105.0,108,339.3900000000001,32.355212355212366
869,1048.95,651.02,105.0,86,397.93000000000006,37.936031269364605
7874,1048.25,694.26,175.0,174,353.99,33.769616026711184
22361,1047.9,155.52,210.0,48,892.3800000000001,85.1588892069854
11077,1043.6399999999999,359.82,36.0,18,683.8199999999999,65.52259399793033
45645,1043.6399999999999,427.2,36.0,24,616.4399999999998,59.06634471656892
8391,1043.42,533.2,58.0,40,510.22,48.89881351708804
18359,1043.28,934.08,72.0,96,109.19999999999993,10.466988727858286
25907,1043.28,686.16,72.0,72,357.12,34.23050379572119
17065,1042.26,266.5,174.0,65,775.76,74.43056435054592
20669,1039.87,155.82,13.0,3,884.05,85.01543462163539
22646,1039.6,419.25,40.0,25,620.3499999999999,59.67198922662562
3841,1039.48,953.82,52.0,63,85.65999999999997,8.240658790933924
15833,1039.35,926.5200000000001,65.0,84,112.82999999999981,10.855823351132903
14031,1039.35,783.66,65.0,74,255.68999999999994,24.60095251840092
38853,1037.92,772.92,208.0,228,265.0000000000001,25.531832896562364
1000,1037.3799999999999,174.29999999999998,62.0,15,863.0799999999999,83.19805664269603
25302,1036.3899999999999,932.3999999999999,61.0,84,103.99000000000001,10.033867559509453
12218,1035.57,298.98,143.0,151,736.5899999999999,71.1289434804021
5911,1034.64,267.12,36.0,14,767.5200000000001,74.18232428670842
20632,1034.6399999999999,699.84,216.0,216,334.79999999999984,32.35908141962421
188,1034.31,772.11,69.0,69,262.19999999999993,25.350233488992657
25428,1033.62,733.4,38.0,38,300.2199999999999,29.045490605831926
18424,1025.82,111.03,18.0,3,914.79,89.17646370708312
19233,1025.46,468.36,54.0,36,557.1,54.32683868702826
22740,1024.59,986.4,41.0,60,38.18999999999994,3.7273445963751297
23295,1023.84,210.5,16.0,5,813.34,79.4401468979528
18173,1022.0699999999999,947.76,93.0,132,74.30999999999995,7.270539199859105
46819,1021.27,675.5,73.0,70,345.77,33.85686449224984
25008,1019.66,350.46,34.0,18,669.2,65.62971971049174
24559,1019.4899999999999,13.42,51.0,1,1006.0699999999999,98.68365555326683
19345,1019.4,551.04,60.0,48,468.36,45.944673337257214
25058,1014.65,115.97999999999999,35.0,6,898.67,88.56945744838121
20506,1014.65,59.58,35.0,3,955.0699999999999,94.12802444192579
14620,1013.55,33.32,145.0,7,980.2299999999999,96.71254501504613
23201,1013.19,559.44,81.0,84,453.75,44.78429514701092
2632,1011.77,199.98,23.0,6,811.79,80.23463830712514
23964,1011.56,517.63,44.0,37,493.92999999999995,48.828542053857404
19807,1011.0799999999999,782.62,92.0,109,228.45999999999992,22.595640305415984
26842,1007.28,694.8,72.0,72,312.48,31.02215868477484
18611,1007.28,523.74,72.0,58,483.53999999999996,48.00452704312604
22927,1007.28,636.9,72.0,66,370.38,36.77031212771027
24276,1007.16,853.3,84.0,106,153.86,15.276619405059774
24260,1006.8100000000001,36.54,19.0,1,970.2700000000001,96.37071542793576
21416,1006.3199999999999,729.0,168.0,180,277.31999999999994,27.557834486048172
15178,1005.6899999999999,619.9200000000001,81.0,84,385.76999999999987,38.358738776362486
26344,1002.41,668.47,59.0,59,333.93999999999994,33.313713949381984
18363,1000.3299999999999,729.8000000000001,167.0,178,270.52999999999986,27.044075455099804
11918,999.92,171.22,8.0,2,828.6999999999999,82.87663013041043
3752,999.8100000000001,840.56,69.0,76,159.2500000000001,15.92802632500176
24572,999.8000000000001,66.66,20.0,2,933.1400000000001,93.33266653330666
24411,999.75,162.12,25.0,6,837.63,83.78394598649662
24388,999.4999999999999,27.2,50.0,2,972.2999999999998,97.27863931965982
16774,998.61,506.7,39.0,30,491.91,49.25947066422327
44063,995.17,752.64,83.0,96,242.52999999999997,24.370710531868927
17047,994.53,479.88,47.0,36,514.65,51.74806189858526
8467,991.98,251.12,1002.0,344,740.86,74.6849734873687
14410,990.73,673.28,127.0,128,317.45000000000005,32.04202961452667
20664,989.89,647.02,11.0,11,342.87,34.63718190910101
21980,989.8499999999999,89.18,15.0,2,900.6699999999998,90.99055412436226
20075,989.82,73.82,18.0,2,916.0,92.54207835768119
13860,989.82,34.01,18.0,1,955.8100000000001,96.56402174132671
16649,989.34,261.09000000000003,66.0,27,728.25,73.60967918005943
5693,989.29,60.08,71.0,8,929.2099999999999,93.92695771715069
43790,989.1,802.4399999999999,90.0,108,186.66000000000008,18.871701546860788
39843,988.9,665.28,110.0,108,323.62,32.72525027808676
843,988.5699999999999,754.65,43.0,43,233.91999999999996,23.662461939973902
8518,988.14,775.17,86.0,87,212.97000000000003,21.552614002064487
21960,988.1,470.34000000000003,150.0,117,517.76,52.399554700941195
2129,987.4799999999999,244.08,52.0,18,743.3999999999999,75.28253736784542
20880,986.79,375.96,21.0,12,610.8299999999999,61.90070835740127
18886,986.79,915.3,21.0,30,71.49000000000001,7.244702520293073
5970,985.66,937.4000000000001,34.0,43,48.25999999999988,4.896211675425591
4751,985.0500000000001,238.32000000000002,995.0,331,746.73,75.8063042485153
3742,979.65,173.6,35.0,8,806.05,82.27938549481958
20477,979.02,430.98,98.0,66,548.04,55.97842740699883
13172,978.65,675.25,185.0,185,303.4,31.00189035916824
20118,978.34,469.20000000000005,66.0,46,509.14,52.04121266635321
22053,974.97,645.69,3.0,3,329.28,33.77334687221145
24195,972.63,195.96,37.0,12,776.67,79.85256469572191
14834,971.4599999999999,743.04,54.0,72,228.41999999999996,23.513062812673706
44394,971.28,810.6,72.0,84,160.67999999999995,16.543118359278473
13583,970.92,273.24,108.0,108,697.68,71.85761957730811
12340,970.4,257.6,60.0,28,712.8,73.45424567188788
2784,969.2099999999999,710.5,99.0,98,258.7099999999999,26.69287357744967
22067,967.56,873.6,44.0,60,93.95999999999992,9.711025672826484
8908,964.62,603.24,138.0,132,361.38,37.46345711264539
28323,964.21,753.48,129.0,156,210.73000000000002,21.85519751921262
19595,961.8699999999999,553.63,13.0,11,408.2399999999999,42.44232588603449
7424,960.38,294.96,62.0,24,665.4200000000001,69.28715716695476
10259,959.52,644.16,48.0,48,315.36,32.86643321660831
18164,959.4,631.2,60.0,60,328.19999999999993,34.208880550343956
2939,959.36,138.35999999999999,64.0,12,821.0,85.57788525683789
25334,959.04,820.8,96.0,120,138.24,14.414414414414416
34501,959.04,702.7800000000001,96.0,102,256.2599999999999,26.72047047047046
34509,958.8,652.8,120.0,120,306.0,31.914893617021278
22209,953.4699999999999,846.72,53.0,72,106.74999999999989,11.195947434109085
21699,953.32,150.57,268.0,63,802.75,84.20572315696722
23625,953.0999999999999,620.1,90.0,90,332.9999999999999,34.93862134088762
304,951.72,709.05,28.0,29,242.67000000000007,25.49804564367672
22263,949.8100000000001,389.52,19.0,12,560.2900000000001,58.98969267537718
22439,949.4999999999999,159.25,50.0,13,790.2499999999999,83.22801474460242
18263,949.4999999999999,616.4200000000001,50.0,49,333.0799999999998,35.079515534491826
36653,948.7,548.12,130.0,142,400.58000000000004,42.224096131548436
21443,947.94,615.54,6.0,6,332.4000000000001,35.06551047534655
23988,947.07,126.54,93.0,19,820.5300000000001,86.63879121923407
38726,945.72,312.22,128.0,67,633.5,66.98600008459164
2710,945.5699999999999,573.48,43.0,36,372.0899999999999,39.3508677305752
25748,945.5699999999999,622.2099999999999,43.0,43,323.36,34.19736243747158
6505,945.14,286.56,86.0,36,658.5799999999999,69.68068222697165
4424,945.14,16.78,86.0,2,928.36,98.22460164631696
787,944.73,464.1,27.0,26,480.63,50.87485313264107
22012,944.73,285.6,27.0,12,659.13,69.76914038931758
14417,944.65,783.36,135.0,144,161.28999999999996,17.07404858942465
19059,944.65,106.56,35.0,6,838.0899999999999,88.71963160959085
19658,944.37,350.28000000000003,63.0,36,594.0899999999999,62.9086057371581
42439,943.9499999999999,776.16,105.0,126,167.78999999999996,17.775305895439374
2671,942.5899999999999,117.46000000000001,41.0,7,825.1299999999999,87.5385904794237
6919,940.8,633.15,120.0,135,307.65,32.700892857142854
19003,940.4399999999999,588.24,56.0,57,352.19999999999993,37.45055505933392
40454,939.0,222.17999999999998,100.0,42,716.82,76.33865814696486
38631,938.4100000000001,616.55,209.0,209,321.8600000000001,34.29844097995547
38641,937.33,768.58,67.0,83,168.75,18.003264591979345
22108,937.33,54.48,67.0,6,882.85,94.18774604461609
18640,936.33,875.4399999999999,177.0,248,60.8900000000001,6.50304913865839
10374,935.93,565.71,107.0,109,370.2199999999999,39.55637707948244
18239,935.88,855.44,12.0,17,80.43999999999994,8.59511903235457
23190,935.7600000000001,238.68,24.0,9,697.0800000000002,74.49345986150296
23098,935.76,295.79,24.0,11,639.97,68.39039924767035
25072,934.83,897.84,17.0,24,36.99000000000001,3.9568691633772994
864,934.8299999999999,689.04,117.0,132,245.78999999999996,26.292480985847693
22629,933.2,752.64,80.0,96,180.56000000000006,19.348478354050584
22075,929.6899999999999,20.4,31.0,1,909.29,97.80572018629866
18660,929.38,868.56,62.0,84,60.82000000000005,6.544147711377484
20514,927.68,227.39999999999998,32.0,12,700.28,75.48723697826837
25414,923.16,632.52,84.0,84,290.64,31.48316651501365
21427,923.16,408.0,84.0,60,515.16,55.803977642012214
18651,919.5999999999999,774.0,40.0,60,145.5999999999999,15.832970856894294
13550,917.82,378.95,18.0,11,538.8700000000001,58.71194787648996
22399,917.5699999999999,789.0,43.0,60,128.56999999999994,14.012009982889584
18083,916.98,665.28,102.0,108,251.70000000000005,27.448799319505333
21857,914.7900000000001,689.5,21.0,25,225.29000000000008,24.627510138938998
3163,914.39,167.57999999999998,61.0,19,746.81,81.67302792025284
19663,913.37,560.19,63.0,71,353.17999999999995,38.66779070913211
19653,912.17,564.48,83.0,96,347.68999999999994,38.1167984038063
2220,911.52,665.28,48.0,48,246.24,27.014218009478675
24368,911.52,599.52,48.0,48,312.0,34.228541337546076
34982,911.52,430.43999999999994,48.0,34,481.08000000000004,52.77777777777778
26520,911.3399999999999,587.64,166.0,166,323.69999999999993,35.5191256830601
16202,911.28,538.5600000000001,72.0,72,372.7199999999999,40.900711087700806
37047,909.9300000000001,253.23,7.0,3,656.7,72.1703867330454
39601,909.85,661.29,115.0,141,248.56000000000006,27.318788811342536
33930,909.66,603.05,34.0,35,306.61,33.70600004397248
21169,908.4300000000001,402.48,107.0,72,505.95000000000005,55.69499025791751
16200,902.7900000000001,57.32,21.0,2,845.47,93.65079365079364
21635,902.7900000000001,674.4,21.0,24,228.3900000000001,25.298242116106746
13145,902.54,873.6,46.0,60,28.93999999999994,3.2065060828328877
23904,902.54,749.4,46.0,60,153.14,16.96766902297959
3193,901.88,144.95000000000002,62.0,13,756.93,83.9280170310906
24099,901.74,655.0,226.0,250,246.74,27.362654423669795
22966,901.5899999999999,193.18,41.0,13,708.4099999999999,78.57340919930344
2295,899.9000000000001,385.68,10.0,6,514.22,57.141904656072896
20265,899.88,588.12,12.0,12,311.76,34.64461928257101
20224,899.8499999999999,350.55,15.0,9,549.3,61.04350725120854
2739,899.82,215.76,18.0,6,684.0600000000001,76.02187104087484
19606,899.8,336.71,20.0,11,563.0899999999999,62.579462102689476
24415,899.6999999999999,158.88,30.0,8,740.8199999999999,82.3407802600867
20885,899.25,402.0,75.0,60,497.25,55.29608006672226
22865,899.25,759.05,75.0,95,140.20000000000005,15.590770086182934
38314,899.04,828.24,96.0,84,70.79999999999995,7.875066737853706
15915,895.13,178.2,187.0,60,716.9300000000001,80.09227709941572
18786,892.53,603.01,47.0,47,289.52,32.43812532912059
10054,892.53,449.64,47.0,36,442.89,49.62186145003529
27033,890.73,19.73,27.0,1,871.0,97.78496289560248
24555,890.67,200.64000000000001,33.0,11,690.03,77.47313819933309
42752,890.65,614.4,235.0,240,276.25,31.016673216190423
979,888.0600000000001,684.4,114.0,116,203.66000000000008,22.933135148526006
11163,887.63,873.6,37.0,60,14.029999999999973,1.5806135439315903
26615,886.52,728.5300000000001,148.0,179,157.9899999999999,17.82136894824707
15545,879.89,311.64,11.0,6,568.25,64.58193637841094
25012,879.56,190.39999999999998,44.0,14,689.16,78.35281277002137
41532,878.6,399.35999999999996,92.0,64,479.24000000000007,54.54586842704303
24147,878.12,567.36,88.0,96,310.76,35.389240650480566
23843,875.88,576.24,12.0,12,299.64,34.210165776133714
19597,874.9300000000001,253.35,7.0,3,621.58,71.04339775753489
20178,874.65,48.989999999999995,35.0,3,825.66,94.3989024181101
44302,870.91,585.29,109.0,107,285.62,32.79558163300456
15968,870.33,687.16,67.0,82,183.17000000000007,21.046040007813136
1414,869.65,71.4,35.0,5,798.25,91.7898004944518
844,869.13,474.54,87.0,66,394.59,45.40057298677988
33211,867.56,720.12,164.0,204,147.43999999999994,16.994789985707033
40246,867.42,598.0799999999999,158.0,168,269.34000000000003,31.05070208203639
19125,866.83,198.66000000000003,17.0,6,668.1700000000001,77.08201146706968
16587,866.49,729.6,51.0,64,136.89,15.79822040646747
15260,866.24,669.76,76.0,92,196.48000000000002,22.6819357222017
23543,863.34,189.20000000000002,66.0,22,674.14,78.08511131188176
19700,863.28,305.99,72.0,37,557.29,64.5549532017422
28316,862.92,641.72,108.0,122,221.19999999999993,25.63389421962638
14097,860.43,410.4,57.0,48,450.03,52.302918308287715
19798,860.0,365.82,200.0,134,494.18,57.462790697674414
1035,857.24,25.77,76.0,3,831.47,96.99384069805423
40755,854.43,574.8,57.0,60,279.63,32.7270812120361
36197,854.05,620.5999999999999,95.0,107,233.45000000000005,27.33446519524619
32669,851.4,648.0,60.0,60,203.39999999999998,23.890063424947144
39747,850.0,570.3100000000001,100.0,107,279.68999999999994,32.904705882352935
19459,849.98,559.2,2.0,2,290.78,34.210216710981435
407,849.83,708.48,17.0,18,141.35000000000002,16.63273831236836
31157,847.64,365.52,36.0,24,482.12,56.87791987164362
16609,843.28,640.8,72.0,72,202.48000000000002,24.011004648515325
23215,842.49,681.98,51.0,61,160.51,19.051858182292964
21217,839.86,78.42,14.0,2,761.44,90.66272950253614
23928,838.8,632.28,120.0,132,206.51999999999998,24.620886981402002
21307,838.43,744.48,57.0,72,93.94999999999993,11.205467361616348
21435,835.7800000000001,198.64,22.0,8,637.1400000000001,76.23297997080572
14935,834.5899999999999,545.16,41.0,42,289.42999999999995,34.679303610155884
21309,834.39,744.4399999999999,61.0,74,89.95000000000005,10.780330540874179
6136,833.99,429.0,101.0,25,404.99,48.56053429897241
16955,833.28,510.48,72.0,72,322.79999999999995,38.73847926267281
20935,832.66,457.24,34.0,28,375.41999999999996,45.08683015876828
19201,832.51,757.68,49.0,66,74.83000000000004,8.98848061885143
25586,831.8100000000001,543.83,119.0,119,287.98,34.620886981402
20739,831.63,443.88,37.0,36,387.75,46.62530211752823
31323,831.48,783.36,52.0,72,48.120000000000005,5.787270890460385
18839,831.36,820.8,64.0,96,10.56000000000006,1.2702078521940026
6265,828.34,525.45,166.0,155,302.89,36.56590289011758
17989,827.31,418.59999999999997,69.0,52,408.71,49.402279677509036
3008,826.47,192.27,53.0,17,634.2,76.73599767686667
21007,824.89,99.3,11.0,2,725.59,87.96203130114318
36155,824.75,807.8399999999999,25.0,36,16.910000000000082,2.050318278266151
3908,824.67,674.22,33.0,34,150.44999999999993,18.24366110080395
11917,823.96,411.99,4.0,3,411.97,49.99878634885189
12390,820.63,594.44,137.0,154,226.18999999999994,27.562969913359243
23036,819.78,635.52,72.0,96,184.26,22.476762058113152
12621,819.36,654.36,64.0,84,165.0,20.13766842413591
24334,818.37,636.16,63.0,71,182.21000000000004,22.26499016337354
863,816.08,483.89,92.0,83,332.19000000000005,40.705568081560635
22621,815.76,228.1,24.0,10,587.66,72.03834461116014
14110,815.66,651.49,34.0,41,164.16999999999996,20.127258906897477
14638,815.52,137.76,48.0,12,677.76,83.10771041789287
15249,815.04,558.72,96.0,96,256.31999999999994,31.44876325088339
18268,813.3199999999999,631.2,68.0,48,182.1199999999999,22.392170363448567
17159,811.42,338.04,58.0,36,473.37999999999994,58.33970077148701
20666,809.91,248.24,9.0,4,561.67,69.34968082873405
24393,809.85,223.38,15.0,6,586.47,72.4171142804223
23332,809.6999999999999,53.97,30.0,3,755.7299999999999,93.33456835865135
20918,809.52,786.0,48.0,60,23.519999999999982,2.905425437296173
45329,809.46,620.4,54.0,60,189.06000000000006,23.356311615150847
21355,808.75,84.48,75.0,12,724.27,89.55425038639876
20382,807.46,437.40000000000003,54.0,54,370.06,45.83013400044584
5132,805.6899999999999,699.65,31.0,35,106.03999999999996,13.16138961635368
13267,804.5699999999999,719.4,43.0,60,85.16999999999996,10.585778738953723
18536,803.88,535.92,12.0,12,267.96000000000004,33.333333333333336
21489,803.5699999999999,687.96,43.0,54,115.6099999999999,14.387047799196075
34136,802.27,631.8399999999999,73.0,88,170.43000000000006,21.243471649195417
25360,799.9,582.6700000000001,10.0,11,217.2299999999999,27.157144643080372
20467,799.84,335.5,16.0,10,464.34000000000003,58.05411082216444
21712,799.84,275.84,16.0,8,524.0,65.5131026205241
22105,799.8000000000001,159.96,20.0,6,639.84,80.0
5080,799.5999999999999,108.18,40.0,9,691.4199999999998,86.47073536768384
26345,798.53,684.0,47.0,60,114.52999999999997,14.342604535834594
6892,798.4,528.84,160.0,156,269.55999999999995,33.762525050100194
19568,798.15,570.58,85.0,94,227.56999999999994,28.512184426486243
39581,798.1,388.92,90.0,84,409.18,51.26926450319509
25089,797.7900000000001,52.4,21.0,2,745.3900000000001,93.43185550082103
1492,794.9,117.18,10.0,2,677.72,85.25852308466474
31086,794.47,724.89,53.0,73,69.58000000000004,8.758039951162415
22808,792.39,159.22,61.0,19,633.17,79.9063592422923
20008,791.64,141.9,36.0,10,649.74,82.07518569046537
22918,791.28,619.9200000000001,72.0,84,171.3599999999999,21.656050955414
13921,791.28,538.5600000000001,72.0,72,252.7199999999999,31.938125568698805
29472,791.12,535.08,88.0,91,256.03999999999996,32.36424309839215
25378,791.01,534.6,99.0,99,256.40999999999997,32.41551939924906
1032,789.92,212.58,8.0,3,577.3399999999999,73.08841401660928
24476,789.21,127.30000000000001,79.0,19,661.9100000000001,83.86994589526236
44278,787.5799999999999,224.59,42.0,37,562.9899999999999,71.48353183168693
6159,783.84,95.43,16.0,3,688.4100000000001,87.82532149418249
20891,783.38,518.76,262.0,262,264.62,33.77926421404682
22934,782.76,610.1999999999999,24.0,27,172.56000000000006,22.045071286218008
12690,782.73,579.9,27.0,30,202.83000000000004,25.913150128396772
20639,782.52,214.06,48.0,22,568.46,72.64478863160048
207,782.46,517.5,54.0,45,264.96000000000004,33.86243386243387
35358,782.42,117.64999999999999,58.0,13,664.77,84.96331893356509
19071,782.13,575.04,87.0,96,207.09000000000003,26.47769552376204
18569,781.83,411.65999999999997,17.0,18,370.1700000000001,47.34660987682745
4518,781.83,175.55,17.0,5,606.28,77.54626964941227
14681,779.98,259.99,2.0,1,519.99,66.66709402805199
22473,779.94,430.45,6.0,5,349.49000000000007,44.809857168500145
19584,779.87,120.78,13.0,3,659.09,84.51280341595394
24723,779.87,248.22,13.0,6,531.65,68.1716183466475
13791,779.74,493.25,26.0,25,286.49,36.74173442429528
24149,779.61,432.32,39.0,32,347.29,44.54663229050423
788,779.48,11.19,52.0,1,768.29,98.564427567096
15418,779.4,530.4,60.0,60,249.0,31.947652040030793
20144,779.4,636.48,60.0,72,142.91999999999996,18.337182448036945
16472,779.4,534.0,60.0,60,245.39999999999998,31.48575827559661
18364,779.22,632.7,78.0,95,146.51999999999998,18.8034188034188
23451,778.87,524.79,63.0,63,254.08000000000004,32.621618498594124
18753,778.44,514.8,156.0,156,263.6400000000001,33.867735470941895
13980,775.03,506.34000000000003,97.0,97,268.68999999999994,34.66833541927409
20955,773.45,522.3499999999999,155.0,155,251.10000000000014,32.464929859719454
22173,767.84,504.05,16.0,17,263.79,34.35481350281309
5954,766.08,568.32,192.0,192,197.76,25.81453634085213
11279,764.83,175.26,17.0,6,589.57,77.08510387929344
13379,764.49,415.33,51.0,41,349.16,45.67227825086005
22367,764.49,595.8,51.0,60,168.69000000000005,22.065690852725353
34473,764.49,657.28,51.0,64,107.21000000000004,14.023728237125408
4289,764.49,140.14,51.0,13,624.35,81.66882496827951
576,764.15,664.32,85.0,96,99.82999999999993,13.064188968134518
20702,759.8000000000001,222.03,20.0,9,537.7700000000001,70.77783627270335
16756,759.6199999999999,733.15,38.0,55,26.469999999999914,3.484637055369779
2102,758.77,741.53,23.0,29,17.24000000000001,2.2720982642961647
21013,755.8199999999999,676.32,18.0,24,79.49999999999989,10.518377391442394
43639,755.73,444.96,27.0,24,310.77000000000004,41.12182922472312
989,755.64,685.73,36.0,47,69.90999999999997,9.251760097400874
25222,755.46,487.62,54.0,54,267.84000000000003,35.453895639742676
6383,753.49,379.62,151.0,114,373.87,49.618442182378004
13251,750.5,683.76,50.0,74,66.74000000000001,8.892738174550301
8063,748.24,27.029999999999998,376.0,17,721.21,96.3875227199829
22477,747.0600000000001,543.36,94.0,64,203.70000000000005,27.266886193880012
41529,744.3299999999999,722.75,67.0,59,21.579999999999927,2.8992516760039133
7458,743.38,733.04,62.0,77,10.340000000000032,1.3909440662918067
43021,742.63,476.64,37.0,36,265.99,35.81729798149819
23935,742.51,360.01,49.0,37,382.5,51.51445771774118
21483,741.86,108.87,14.0,3,632.99,85.32472434151997
974,741.51,725.1099999999999,49.0,59,16.40000000000009,2.2117031462825976
25176,740.6,570.72,140.0,164,169.88,22.938158250067513
26454,740.4300000000001,493.62,57.0,57,246.81000000000006,33.333333333333336
17469,739.26,635.52,74.0,96,103.74000000000001,14.03295187078971
13181,735.54,386.28,46.0,36,349.26,47.48348152377845
24561,735.54,619.2,46.0,60,116.33999999999992,15.816950811648574
12253,735.08,10.44,92.0,2,724.64,98.57974642215812
24222,734.51,580.2,49.0,60,154.30999999999995,21.008563532150678
44925,734.51,601.4599999999999,49.0,61,133.05000000000007,18.114116894256043
21424,733.4,162.0,60.0,20,571.4,77.91109899100081
22279,733.37,574.05,113.0,129,159.32000000000005,21.724368327038203
17486,733.37,551.25,113.0,125,182.12,24.833303789355988
24001,730.5699999999999,512.1600000000001,43.0,44,218.40999999999985,29.89583475916064
640,729.27,629.88,73.0,87,99.38999999999999,13.628697190341024
5537,729.27,287.6,73.0,40,441.66999999999996,60.56330302905645
15294,729.07,459.34,93.0,119,269.7300000000001,36.996447529043856
8456,728.46,520.5600000000001,54.0,54,207.89999999999998,28.539659006671602
18046,727.72,226.72,28.0,13,501.0,68.84516022646072
21975,727.4399999999999,509.4,56.0,60,218.03999999999996,29.973606070603758
25004,725.67,189.28,33.0,13,536.39,73.91651852770543
3628,725.67,123.13000000000001,33.0,7,602.54,83.03223228189121
37708,725.34,482.95,66.0,65,242.39000000000004,33.41743182507514
15477,724.7099999999999,233.23999999999998,29.0,14,491.4699999999999,67.81609195402298
8914,723.81,520.9499999999999,69.0,69,202.86,28.026692087702575
23362,721.62,628.8,38.0,48,92.82000000000005,12.862725534214691
3622,721.11,317.90000000000003,39.0,22,403.21,55.91518630999431
190,720.72,517.14,168.0,169,203.58000000000004,28.246753246753254
20060,719.97,479.97,3.0,3,240.0,33.334722280095
20670,719.92,183.66,8.0,3,536.26,74.48883209245471
43730,719.88,419.04,12.0,12,300.84,41.79029838306384
19058,719.85,129.72,15.0,4,590.13,81.97957907897478
21450,719.85,479.91,3.0,3,239.94,33.331944155032296
43323,719.73,352.89,27.0,27,366.84000000000003,50.969113417531574
25293,719.64,593.4000000000001,36.0,46,126.2399999999999,17.542104385526084
26090,719.64,486.36,36.0,36,233.27999999999997,32.416208104052025
14883,719.52,486.24,48.0,48,233.27999999999997,32.421614409606406
43025,719.28,476.64,72.0,72,242.64,33.733733733733736
21504,719.28,571.1999999999999,72.0,84,148.08000000000004,20.58725392058726
23468,715.96,116.99,4.0,1,598.97,83.65970165931057
35589,715.34,537.4200000000001,66.0,78,177.91999999999996,24.872088796935714
18646,714.21,491.4,179.0,180,222.81000000000006,31.196706850926205
23784,713.63,562.56,37.0,48,151.07000000000005,21.169233356221017
33076,713.58,475.86,42.0,42,237.72000000000003,33.31371394938199
10124,709.39,439.79999999999995,61.0,60,269.59000000000003,38.003073062772245
4331,709.29,85.68,71.0,12,623.6099999999999,87.92031468087805
21273,708.37,257.04,63.0,36,451.33,63.71387834041532
15569,707.16,438.48,84.0,84,268.67999999999995,37.99423044289835
771,704.53,446.16,47.0,39,258.36999999999995,36.672675400621685
201,701.64,525.98,36.0,34,175.65999999999997,25.03563080782167
13446,701.46,513.0,54.0,60,188.46000000000004,26.866820631254818
3461,699.86,519.87,14.0,13,179.99,25.718000743005742
5992,699.8,636.24,20.0,24,63.559999999999945,9.082595027150607
23038,699.77,155.76,23.0,8,544.01,77.74125784186234
22644,699.75,245.83,25.0,13,453.91999999999996,64.86888174347982
44666,699.72,153.0,28.0,9,546.72,78.13411078717202
20952,699.72,591.84,28.0,36,107.88,15.417595609672437
27425,699.65,466.55,35.0,35,233.09999999999997,33.316658329164575
18131,696.43,591.12,57.0,72,105.30999999999995,15.121404879169473
4361,695.88,519.36,12.0,12,176.51999999999998,25.366442490084495
23359,695.86,540.48,14.0,16,155.38,22.32920415026011
39111,693.6800000000001,436.32,232.0,216,257.36000000000007,37.10068042901627
22799,693.55,453.55,45.0,47,239.99999999999994,34.604570687044905
16527,692.7900000000001,222.9,21.0,10,469.8900000000001,67.82574806218335
39996,690.27,495.0,173.0,180,195.26999999999998,28.288930418531876
23496,689.85,31.5,15.0,1,658.35,95.4337899543379
19598,689.77,256.49,23.0,13,433.28,62.81514127897705
20192,689.56,330.90000000000003,44.0,30,358.6599999999999,52.01287777713324
17470,689.31,489.59999999999997,69.0,72,199.70999999999998,28.972450711581143
20991,688.47,636.16,53.0,71,52.31000000000006,7.598007175330815
21673,687.37,258.0,63.0,40,429.37,62.465629864556206
15812,685.02,118.04,98.0,26,566.98,82.76838632448687
16708,683.46,390.42,54.0,54,293.04,42.8759547010798
15835,681.38,295.68,62.0,48,385.7,56.60571193753853
23979,681.38,621.56,62.0,82,59.82000000000005,8.779242126273159
22827,679.92,516.87,8.0,9,163.04999999999995,23.980762442640305
24191,679.68,110.32,32.0,8,569.3599999999999,83.76883239171374
849,679.32,360.15000000000003,68.0,49,319.17,46.98374845433669
22043,678.41,457.2,179.0,180,221.20999999999998,32.60712548458896
20600,677.91,158.76,59.0,21,519.15,76.58096207461168
2308,677.65,76.08,35.0,6,601.5699999999999,88.77296539511546
19657,675.48,520.5600000000001,52.0,72,154.91999999999996,22.934801918635632
17118,674.97,145.15,3.0,1,529.82,78.49534053365336
15365,674.95,91.83,5.0,1,583.12,86.39454774427735
3759,674.85,553.76,15.0,16,121.09000000000003,17.94324664740313
17019,674.35,387.0,65.0,60,287.35,42.61140357381182
20625,671.7199999999999,479.36,28.0,28,192.3599999999999,28.63693205502291
44731,671.52,450.72,48.0,48,220.79999999999995,32.88062902072909
29181,671.52,456.96000000000004,48.0,48,214.55999999999995,31.95139385275196
18338,671.52,450.72,48.0,48,220.79999999999995,32.88062902072909
45884,671.52,441.6,48.0,48,229.91999999999996,34.238741958541816
42402,671.4,387.0,60.0,60,284.4,42.35924932975871
32543,671.16,444.35999999999996,84.0,84,226.8,33.79224030037547
16166,670.88,534.6,112.0,132,136.27999999999997,20.31361793465299
20744,670.64,119.69999999999999,36.0,14,550.94,82.15137778838125
3152,670.39,15.82,61.0,2,654.5699999999999,97.64017959695101
842,670.39,515.45,61.0,61,154.93999999999994,23.111919927206543
880,669.33,666.16,67.0,88,3.1700000000000728,0.47360793629451436
8274,668.76,392.04,124.0,132,276.71999999999997,41.37807285124708
23196,668.66,325.44,134.0,96,343.21999999999997,51.32952472108395
15222,666.77,441.6,23.0,23,225.16999999999996,33.77026560883063
20184,665.85,52.92,115.0,14,612.9300000000001,92.0522640234287
90085,665.82,190.88,18.0,8,474.94000000000005,71.33159112072333
19590,662.87,203.94,13.0,6,458.93,69.2337864136256
22864,662.49,610.4,51.0,70,52.09000000000003,7.862760192606685
4763,659.94,503.76,6.0,6,156.18000000000006,23.66578779889082
8508,659.6999999999999,224.7,30.0,14,434.99999999999994,65.93906321055026
20980,659.67,619.2,33.0,48,40.469999999999914,6.134885624630485
20119,659.61,581.36,39.0,52,78.25,11.863070602325616
26826,659.45,572.76,55.0,74,86.69000000000005,13.145803320949284
17464,659.4499999999999,568.08,55.0,72,91.36999999999989,13.855485631966017
25431,659.4,510.48,60.0,72,148.91999999999996,22.58416742493175
2962,659.4,511.2,60.0,60,148.2,22.474977252047314
43791,659.4,283.8,60.0,60,375.59999999999997,56.96087352138307
4892,659.34,544.58,66.0,73,114.75999999999999,17.405284071950735
26211,658.8,427.2,120.0,120,231.59999999999997,35.154826958105645
15036,655.9,634.61,10.0,17,21.289999999999964,3.2459216343954815
17933,650.93,64.13,7.0,1,586.8,90.14794217504186
23290,649.9,379.8,10.0,9,270.09999999999997,41.560240036928754
11274,649.87,32.18,13.0,1,617.69,95.04824041731425
437,649.87,454.44,13.0,12,195.43,30.07216827980981
24994,649.75,17.44,25.0,1,632.31,97.31589072720276
21260,649.5,421.44,50.0,48,228.06,35.11316397228638
11174,649.35,472.86,65.0,71,176.49,27.17948717948718
19547,649.35,405.0,65.0,60,244.35000000000002,37.62993762993763
20685,648.89,40.68,11.0,1,608.21,93.73083265268383
14923,648.0899999999999,396.24,171.0,156,251.8499999999999,38.86034347081423
27189,647.88,423.48,12.0,12,224.39999999999998,34.63604371179848
20594,647.76,428.88,24.0,24,218.88,33.79029270100037
19056,647.28,82.32000000000001,72.0,14,564.9599999999999,87.28216536892843
22958,647.28,68.55000000000001,72.0,15,578.73,89.40952910641454
26398,646.92,425.52,108.0,108,221.39999999999998,34.2237061769616
6941,646.35,390.6,65.0,63,255.75,39.568345323741006
4077,645.66,411.6,34.0,40,234.05999999999995,36.25127776228974
18428,645.62,262.2,38.0,23,383.42,59.387875220718065
19604,644.85,171.96,15.0,6,472.89,73.33333333333333
22928,644.6899999999999,461.88,31.0,36,182.80999999999995,28.356264251035373
24792,643.72,432.03999999999996,28.0,28,211.68000000000006,32.88386254893433
22750,643.5600000000001,632.4,44.0,62,11.160000000000082,1.7341040462427872
24754,643.54,434.70000000000005,46.0,46,208.83999999999992,32.45175125089349
39577,643.54,94.5,46.0,10,549.04,85.31559809802033
19914,643.08,386.78000000000003,92.0,83,256.3,39.85507246376812
19108,642.47,113.44,53.0,16,529.03,82.34314442697713
20114,641.54,555.6,46.0,60,85.93999999999994,13.395891136951702
14670,640.93,462.56,107.0,118,178.36999999999995,27.82987221693476
19395,639.84,161.04,16.0,6,478.80000000000007,74.8312078019505
35577,639.36,213.12,64.0,32,426.24,66.66666666666666
45710,638.79,521.2199999999999,21.0,21,117.57000000000005,18.405109660451803
6981,638.29,440.64,71.0,72,197.64999999999998,30.96554857509909
21109,637.42,483.78,58.0,66,153.64,24.103416899375606
37569,636.87,126.44,13.0,4,510.43,80.14665473330507
12625,635.52,405.12,48.0,48,230.39999999999998,36.25377643504532
23626,635.4,387.0,60.0,60,248.39999999999998,39.093484419263454
25919,632.39,399.84000000000003,61.0,68,232.54999999999995,36.773193757017026
5273,631.21,228.24,79.0,36,402.97,63.84087704567418
23040,629.93,59.2,7.0,1,570.7299999999999,90.60213039544075
31176,629.91,47.94,9.0,1,581.97,92.38938896032768
23750,629.91,90.9,9.0,2,539.01,85.56936705243606
19391,629.82,47.94,18.0,2,581.8800000000001,92.38830141945319
37878,629.79,496.32,21.0,24,133.46999999999997,21.19277854522936
18767,629.58,369.71999999999997,42.0,36,259.86000000000007,41.27513580482227
19960,629.55,616.4,45.0,67,13.149999999999977,2.088793582717811
23966,629.55,571.1999999999999,45.0,60,58.35000000000002,9.268525137002626
15261,629.53,461.16,97.0,108,168.36999999999995,26.74534970533572
718,629.4,540.69,60.0,67,88.70999999999992,14.094375595805516
43499,629.16,405.72,84.0,84,223.43999999999994,35.51401869158878
23945,626.67,26.02,33.0,2,600.65,95.84789442609349
11868,625.62,560.23,88.0,121,65.38999999999999,10.452031584668008
26093,623.76,405.12,24.0,24,218.64,35.05194305502116
354,623.68,256.14,32.0,18,367.53999999999996,58.930861980502826
26102,623.52,534.0,48.0,60,89.51999999999998,14.357197844495765
26756,623.52,513.0,48.0,60,110.51999999999998,17.72517321016166
26457,623.52,407.52,48.0,48,216.0,34.64203233256351
43919,623.48,220.92000000000002,52.0,28,402.56,64.56662603451593
918,623.07,522.72,43.0,48,100.35000000000002,16.105734508161206
3688,618.88,149.51999999999998,112.0,42,469.36,75.84022750775596
40560,617.46,382.86,54.0,54,234.60000000000002,37.994364007385094
19942,615.72,443.07,78.0,81,172.65000000000003,28.04034301305789
19787,614.63,460.08000000000004,137.0,142,154.54999999999995,25.14520931291996
40608,614.59,415.81,41.0,43,198.78000000000003,32.34351356188679
14922,613.98,421.2,162.0,162,192.78000000000003,31.39841688654354
24556,611.64,139.68,36.0,12,471.96,77.16303708063566
21123,611.49,343.57,51.0,43,267.92,43.814289685849324
21586,610.87,216.37,13.0,7,394.5,64.58002520994647
7321,610.59,204.32,41.0,16,406.27000000000004,66.5372836109337
799,610.53,368.28000000000003,47.0,36,242.24999999999994,39.67863987027664
8364,609.39,395.89,61.0,61,213.5,35.03503503503504
14717,609.39,425.52,61.0,72,183.87,30.172795746566237
21628,608.57,446.88,43.0,57,161.69000000000005,26.56884171089604
23182,607.74,541.08,26.0,36,66.65999999999997,10.968506269128241
22615,607.24,321.59999999999997,76.0,60,285.64000000000004,47.03906198537646
44907,601.57,441.6,43.0,48,159.97000000000003,26.59208404674435
21339,599.9399999999999,64.51,6.0,1,535.43,89.24725805913924
8692,599.92,431.6,8.0,8,168.31999999999994,28.057074276570198
248,599.88,551.04,12.0,14,48.84000000000003,8.141628325665138
19785,599.85,155.82,15.0,6,444.03000000000003,74.02350587646912
45840,599.76,391.92,24.0,24,207.83999999999997,34.65386154461784
19576,599.5,595.4399999999999,50.0,72,4.060000000000059,0.6772310258548889
1885,599.4,479.4,60.0,60,120.0,20.02002002002002
44369,598.8000000000001,444.84,120.0,132,153.9600000000001,25.711422845691395
20668,597.87,186.42,13.0,6,411.45000000000005,68.81930854533594
22413,595.03,59.76,157.0,24,535.27,89.95680890039158
12655,594.83,115.85000000000001,17.0,5,478.98,80.52384714960577
20038,594.83,333.2,17.0,14,261.63000000000005,43.98399542726494
44338,594.3,337.56,70.0,58,256.73999999999995,43.200403836446235
15923,593.96,491.13000000000005,124.0,153,102.82999999999998,17.312613644016427
5610,593.82,51.14,18.0,2,542.6800000000001,91.3879626822943
596,593.73,432.75,27.0,25,160.98000000000002,27.11333434389369
4460,593.46,515.45,54.0,61,78.00999999999999,13.144946584437028
4815,591.68,40.5,32.0,3,551.18,93.15508382909681
13321,588.82,384.68,118.0,118,204.14000000000004,34.669338677354716
21643,588.6899999999999,196.0,31.0,16,392.68999999999994,66.70573646571201
338,587.25,163.89000000000001,25.0,9,423.36,72.0919540229885
16869,587.16,45.7,84.0,10,541.4599999999999,92.2167722596907
5145,587.03,200.64,47.0,22,386.39,65.82116757235575
46418,586.63,58.02,37.0,6,528.61,90.10960912329749
45920,584.61,476.11,39.0,47,108.5,18.559381467987205
25794,584.56,378.72,44.0,48,205.83999999999992,35.21280963459695
4398,584.36,91.13999999999999,64.0,14,493.22,84.40344992812649
29473,584.35,452.4,65.0,78,131.95000000000005,22.58064516129033
12259,583.54,430.79999999999995,46.0,60,152.74,26.174726668266104
45992,582.47,27.0,53.0,4,555.47,95.36456813226432
19652,582.47,437.04,53.0,72,145.43,24.967809500918502
23121,580.81,274.14,19.0,18,306.66999999999996,52.800399442158366
3955,579.74,407.70000000000005,26.0,30,172.03999999999996,29.675371718356498
18539,579.71,356.72,29.0,28,222.99,38.46578461644615
22567,579.48,147.66000000000003,52.0,46,431.82,74.5185338579416
2833,579.42,521.28,58.0,72,58.139999999999986,10.03417210313762
12519,578.71,458.64,129.0,168,120.07000000000005,20.747870263171546
24274,577.6999999999999,309.6,30.0,24,268.0999999999999,46.40817033062142
19797,577.66,279.36,34.0,24,298.29999999999995,51.639372641346114
26010,575.8199999999999,391.68,18.0,18,184.13999999999993,31.978743357299148
20093,575.76,351.84,24.0,24,223.92000000000002,38.89120466861192
3646,575.76,276.84000000000003,24.0,18,298.91999999999996,51.91746561067111
14671,575.64,381.24,36.0,36,194.39999999999998,33.771106941838646
26626,575.64,391.68,36.0,36,183.95999999999998,31.95747342088805
16061,575.64,241.44,36.0,24,334.2,58.057119032728785
13183,575.64,388.79999999999995,36.0,36,186.84000000000003,32.45778611632271
20088,575.64,376.20000000000005,36.0,36,199.43999999999994,34.64665415884927
19374,575.64,575.52,36.0,48,0.12000000000000455,0.020846362309777735
885,575.28,435.59999999999997,72.0,72,139.68,24.280350438047563
21102,575.28,412.62,72.0,78,162.65999999999997,28.274926992073425
25374,575.28,373.68,72.0,72,201.59999999999997,35.04380475594493
20472,575.28,347.76,72.0,72,227.51999999999998,39.54943679599499
26490,575.04,376.32,96.0,96,198.71999999999997,34.557595993322195
506,574.77,402.48,23.0,24,172.28999999999996,29.97546844824886
21520,574.77,193.44,23.0,12,381.33,66.34479878908085
39995,574.5600000000001,388.79999999999995,144.0,144,185.7600000000001,32.33082706766919
42080,573.56,338.04,44.0,36,235.51999999999992,41.06283562312573
16585,569.81,253.54,19.0,14,316.27,55.50446640108107
7300,569.62,399.6,38.0,36,170.01999999999998,29.84796882131947
17142,569.62,504.96000000000004,38.0,64,64.65999999999997,11.351427267301002
18089,569.62,551.04,38.0,64,18.58000000000004,3.261823671921639
42348,569.28,390.42,72.0,81,178.85999999999996,31.418634064080937
38110,569.05,383.04,95.0,96,186.00999999999993,32.68781302170283
25270,568.5,464.94,150.0,189,103.56,18.21635883905013
43385,567.29,396.55,71.0,77,170.73999999999995,30.097481006187305
18467,563.88,381.0,12.0,12,182.88,32.432432432432435
18360,563.53,289.79999999999995,47.0,36,273.73,48.574166415275144
40444,563.53,378.34999999999997,47.0,47,185.18,32.86071726438699
33707,561.37,67.86,63.0,13,493.51,87.91171598054758
11453,560.67,543.3199999999999,33.0,47,17.350000000000023,3.0945119232347054
589,560.49,427.14,51.0,54,133.35000000000002,23.79168227800675
21924,560.35,264.59999999999997,65.0,84,295.75000000000006,52.779512804497195
16321,559.84,219.44,16.0,13,340.40000000000003,60.80308659617034
6416,559.7199999999999,308.7,28.0,21,251.01999999999992,44.847423711855924
15720,559.7199999999999,479.88,28.0,36,79.83999999999992,14.264274994640164
36045,559.25,370.79999999999995,75.0,72,188.45000000000005,33.69691551184623
19632,558.87,307.12,13.0,11,251.75,45.046254048347556
19591,558.87,170.82,13.0,6,388.05,69.4347522679693
18928,558.57,502.8,43.0,60,55.77000000000004,9.984424512594666
23508,558.5699999999999,204.7,43.0,23,353.86999999999995,63.35284744973772
22092,558.5699999999999,486.0,43.0,60,72.56999999999994,12.992104839142801
24035,558.4000000000001,391.44,160.0,168,166.9600000000001,29.899713467048723
22363,558.04,427.2,96.0,120,130.83999999999997,23.44634793204788
46146,557.46,359.64,54.0,54,197.82000000000005,35.48595414917663
530,554.63,214.13000000000002,37.0,19,340.5,61.392279537709825
1294,554.63,443.63,37.0,37,111.0,20.0133422281521
7195,551.88,418.08,12.0,12,133.8,24.244400956729724
395,551.88,405.84,12.0,12,146.04000000000002,26.462274407479892
36307,551.76,375.36,24.0,24,176.39999999999998,31.970421922575028
18937,550.8,320.4,20.0,18,230.39999999999998,41.830065359477125
37722,550.5,402.0,50.0,60,148.5,26.975476839237057
37530,550.3,340.5,70.0,75,209.79999999999995,38.12465927675813
23078,549.75,184.47,25.0,13,365.28,66.44474761255115
46074,549.5,445.79999999999995,50.0,60,103.70000000000005,18.87170154686079
26050,548.39,496.44,61.0,84,51.94999999999999,9.473185141961011
14993,547.78,433.43999999999994,122.0,144,114.34000000000003,20.87334331300888
42337,547.5,480.48,50.0,66,67.01999999999998,12.241095890410955
22906,546.24,356.03999999999996,96.0,92,190.20000000000005,34.819859402460466
21318,546.0799999999999,295.5,92.0,75,250.57999999999993,45.88704951655435
10370,545.79,203.88,21.0,12,341.90999999999997,62.64497334139504
16047,545.61,326.4,39.0,48,219.21000000000004,40.17704954088085
369,545.58,194.37,42.0,19,351.21000000000004,64.37369405036841
382,545.48,473.96999999999997,52.0,61,71.51000000000005,13.109554887438597
16257,545.09,373.44,91.0,96,171.65000000000003,31.49021262543801
7375,545.09,381.12,91.0,96,163.97000000000003,30.08127098277349
36571,543.79,195.96,21.0,12,347.8299999999999,63.964030232258764
46373,543.68,372.48,32.0,32,171.19999999999993,31.489111241906993
45494,543.67,191.88,33.0,18,351.78999999999996,64.70653153567422
21168,543.36,480.52,64.0,82,62.84000000000003,11.565076560659605
13734,541.63,338.04,37.0,36,203.58999999999997,37.58839059874822
15949,540.63,418.95,37.0,49,121.68,22.507075079074415
16752,540.53,479.4,47.0,60,61.129999999999995,11.30927053077535
20684,539.94,174.18,6.0,3,365.76000000000005,67.74086009556618
26439,539.91,348.29999999999995,9.0,9,191.61,35.48924820803468
22823,539.9,310.7,10.0,10,229.2,42.452305982589365
13528,539.73,374.1,27.0,29,165.63,30.68756600522483
22711,539.7,291.9,30.0,30,247.80000000000007,45.91439688715954
688,539.46,405.54,54.0,54,133.92000000000002,24.824824824824827
24053,539.46,324.0,54.0,48,215.46000000000004,39.93993993993995
46508,539.4,357.0,60.0,60,182.39999999999998,33.815350389321466
2914,538.89,97.8,11.0,3,441.09,81.85158381116739
12496,536.87,347.76,63.0,72,189.11,35.224542254176995
3451,536.56,301.2,44.0,40,235.35999999999996,43.86461905471894
18017,536.51,342.72,49.0,48,193.78999999999996,36.12048237684292
914,536.13,218.5,37.0,19,317.63,59.24495924495925
41417,535.68,124.56,32.0,12,411.11999999999995,76.74731182795699
19841,533.97,344.49,3.0,3,189.48000000000002,35.485139614585094
16762,533.54,451.8,46.0,60,81.73999999999995,15.320313378565798
7328,532.59,398.84000000000003,41.0,59,133.75,25.1131264199478
2913,531.81,159.92000000000002,19.0,8,371.88999999999993,69.92911002049603
2918,531.72,194.04,28.0,14,337.68000000000006,63.50710900473935
10618,531.48,410.4,52.0,60,121.08000000000004,22.781666290359006
21619,530.48,414.0,152.0,180,116.48000000000002,21.957472477755996
19832,530.41,18.6,59.0,3,511.80999999999995,96.49327878433664
2616,529.76,358.8,24.0,24,170.95999999999998,32.27121715493808
10273,529.47,436.91999999999996,53.0,66,92.55000000000007,17.479743894838247
34792,528.77,77.64999999999999,23.0,5,451.12,85.31497626567317
34733,527.78,526.0500000000001,22.0,35,1.7299999999999045,0.3277880935237987
19228,527.76,344.88,24.0,24,182.88,34.65211459754434
2938,527.67,57.1,33.0,5,470.56999999999994,89.1788428373794
18378,527.5600000000001,243.09,44.0,37,284.47,53.92182879672455
20491,527.56,524.16,44.0,72,3.3999999999999773,0.6444764576541014
140,527.52,188.4,48.0,24,339.12,64.28571428571429
5513,527.52,379.68,48.0,48,147.83999999999997,28.025477707006363
43393,527.49,218.67000000000002,51.0,37,308.82,58.54518569072399
24006,524.85,95.2,15.0,4,429.65000000000003,81.86148423359056
25120,524.65,467.04,35.0,48,57.60999999999996,10.980653769179446
603,524.25,372.21999999999997,75.0,74,152.03000000000003,28.999523128278497
17129,523.38,341.6,122.0,122,181.77999999999997,34.73193473193473
39998,522.69,390.24,131.0,144,132.45000000000005,25.340067726568332
46048,521.7099999999999,389.12,29.0,32,132.58999999999992,25.41450230971228
39653,521.13,208.32000000000002,87.0,84,312.80999999999995,60.02532957227562
23390,520.84,342.2,116.0,116,178.64000000000004,34.298440979955465
2106,519.96,93.52,4.0,1,426.44000000000005,82.01400107700593
4005,519.87,383.88,13.0,12,135.99,26.15846269259623
872,519.48,388.26,52.0,54,131.22000000000003,25.259875259875265
1888,519.35,325.74,65.0,61,193.61,37.27929142196977
23242,519.04,271.04,46.0,56,247.99999999999994,47.78051787916152
276,517.86,509.20000000000005,14.0,19,8.659999999999968,1.6722666357702791
18962,516.53,89.16,47.0,12,427.37,82.7386599035874
19275,516.53,342.72,47.0,48,173.80999999999995,33.64954600894429
22624,515.88,28.1,12.0,1,487.78,94.5529968209661
18775,515.57,238.2,43.0,60,277.37000000000006,53.79870822584712
38301,515.5699999999999,368.68,43.0,52,146.88999999999993,28.49079659406093
41220,513.9,430.32,10.0,12,83.57999999999998,16.263864565090483
39665,512.85,303.6,65.0,60,209.25,40.80140391927464
15297,511.36,313.63,64.0,79,197.73000000000002,38.66747496871089
18624,510.92999999999995,100.68,7.0,2,410.24999999999994,80.29475662028067
20213,509.66,354.96,34.0,36,154.70000000000005,30.353569046030692
6842,509.66,450.72,34.0,48,58.94,11.56457246007142
22032,509.49,156.72,51.0,24,352.77,69.23982806335746
45495,508.68,83.03999999999999,32.0,8,425.64,83.67539514036328
3750,507.15,463.6,35.0,40,43.549999999999955,8.587202997140876
24040,506.61,439.0,39.0,50,67.61000000000001,13.345571544185866
29676,505.73999999999995,104.56,26.0,8,401.17999999999995,79.32534503895282
12538,505.54,351.56,46.0,47,153.98000000000002,30.458519602800965
25688,503.88,335.88,12.0,12,168.0,33.341271731364614
23364,503.71999999999997,487.62,28.0,42,16.099999999999966,3.1962201222901547
19444,503.64,344.88,36.0,36,158.76,31.52251608291637
22831,503.64,217.92,36.0,24,285.72,56.730998332142015
17093,503.64,331.2,36.0,36,172.44,34.238741958541816
16360,503.64,184.32,36.0,36,319.32,63.4024303073624
7433,503.58,422.87,42.0,49,80.70999999999998,16.02724492632749
20567,503.58,327.18,42.0,42,176.39999999999998,35.02919099249374
19259,503.52,359.04,48.0,48,144.47999999999996,28.693994280266917
12394,503.4,333.36,60.0,72,170.03999999999996,33.77830750893921
45577,503.01,201.60000000000002,69.0,72,301.40999999999997,59.92127393093576
25464,502.98,326.62,2.0,2,176.36,35.06302437472663
10122,500.78999999999996,190.32,21.0,12,310.46999999999997,61.99604624692985
2577,499.90000000000003,37.87,10.0,1,462.03000000000003,92.4244848969794
23525,499.79999999999995,408.0,20.0,24,91.79999999999995,18.3673469387755
20629,497.59,470.4,41.0,60,27.189999999999998,5.4643381096887
14676,497.52,315.36,48.0,48,182.15999999999997,36.6136034732272
8705,497.37,342.71999999999997,63.0,72,154.65000000000003,31.093552083961644
19842,494.89,205.87,11.0,7,289.02,58.40085675604679
23341,494.84999999999997,227.5,15.0,10,267.34999999999997,54.02647266848539
13716,494.76000000000005,339.3,124.0,130,155.46000000000004,31.42129517341742
18452,494.67,59.58,33.0,6,435.09000000000003,87.95560676814847
977,494.07,296.34000000000003,43.0,33,197.72999999999996,40.020644847896044
17385,493.81,17.8,19.0,1,476.01,96.39537473927219
46333,492.83,231.6,17.0,12,261.23,53.00610758273645
21376,491.67,394.4,33.0,40,97.27000000000004,19.783594687493654
22201,491.63,295.56,37.0,36,196.07,39.88161829017757
1404,489.95,128.56,5.0,2,361.39,73.76058781508317
22549,489.86,116.64999999999999,14.0,5,373.21000000000004,76.18707385783694
18785,489.65,447.84,35.0,48,41.81,8.538752169917288
16144,487.39,462.84000000000003,61.0,84,24.549999999999955,5.037033997414793
21698,487.39,375.84000000000003,61.0,72,111.54999999999995,22.8872155768481
20626,486.15,205.2,85.0,76,280.95,57.790805307004014
20576,485.82,111.66,18.0,6,374.15999999999997,77.01617883166605
18771,485.73,437.76,27.0,36,47.97000000000003,9.875856957569026
16696,485.72999999999996,195.84,27.0,16,289.89,59.68130442838614
236,485.72999999999996,238.14,27.0,18,247.58999999999997,50.97276264591439
16503,485.71999999999997,143.76,28.0,24,341.96,70.40270114469241
35663,484.33000000000004,439.62,77.0,102,44.710000000000036,9.231309231309238
3058,484.11,85.91,489.0,121,398.20000000000005,82.25403317427859
363,483.78,68.2,22.0,4,415.58,85.90268303774444
3729,483.56,51.54,44.0,6,432.02,89.34155016957564
614,482.78999999999996,308.88,21.0,18,173.90999999999997,36.021872863978125
15731,481.63,189.81,37.0,37,291.82,60.59007952162448
24724,480.87,152.04,13.0,6,328.83000000000004,68.38230706843846
27907,479.88,315.72,12.0,12,164.15999999999997,34.208552138034506
3995,479.88,352.8,12.0,12,127.07999999999998,26.481620405101275
27617,479.88,317.76,12.0,12,162.12,33.78344586146537
16311,479.88,357.48,12.0,12,122.39999999999998,25.506376594148534
25695,479.79999999999995,319.8,20.0,20,159.99999999999994,33.34722801167152
5295,479.76,257.04,24.0,24,222.71999999999997,46.42321160580289
46817,479.76,309.6,24.0,24,170.15999999999997,35.46773386693346
17339,479.47,113.4,53.0,21,366.07000000000005,76.34888522743863
22004,477.59999999999997,132.94,80.0,34,344.65999999999997,72.16499162479062
13823,477.51,288.12,49.0,49,189.39,39.66199660740089
5603,476.19,78.21000000000001,481.0,99,397.98,83.57588357588358
21158,475.71999999999997,394.56000000000006,28.0,36,81.15999999999991,17.06045573026148
16377,474.71,273.6,29.0,24,201.10999999999996,42.36481220113332
108,473.77,395.91,73.0,83,77.85999999999996,16.43413470671422
5083,472.57,396.48,43.0,48,76.08999999999997,16.101318323211373
25457,472.49,308.82,1.0,1,163.67000000000002,34.63988655844568
8495,471.24,111.47,476.0,157,359.77,76.34538663950427
46083,469.53000000000003,330.72,47.0,48,138.81,29.56360615935084
3888,469.26,81.32,474.0,107,387.94,82.67058773387888
16939,469.06,347.68,94.0,106,121.38,25.877286487869355
40782,467.98,464.88,2.0,3,3.1000000000000227,0.6624214710030392
15510,467.78,368.94,22.0,26,98.83999999999997,21.1295908332977
41418,467.64,206.4,36.0,24,261.24,55.86348473184501
3186,467.64,359.64,36.0,36,108.0,23.09468822170901
4816,467.64,351.72,36.0,36,115.91999999999996,24.78829869130099
10706,467.48,367.2,52.0,60,100.28000000000003,21.451185077436474
8699,465.40999999999997,305.58000000000004,59.0,66,159.82999999999993,34.34176317655399
636,465.01,230.34,49.0,33,234.67,50.465581385346546
234,464.7,412.91999999999996,30.0,36,51.78000000000003,11.1426726920594
23624,464.58,287.28,42.0,42,177.3,38.163502518403725
22119,464.07,272.16,93.0,84,191.90999999999997,41.353675092119715
6212,464.07,386.4,93.0,120,77.67000000000002,16.73669920486134
6935,462.59000000000003,412.11,41.0,57,50.48000000000002,10.912471086707455
21616,461.68,294.75,232.0,225,166.93,36.15707849592792
43490,461.67,399.52,33.0,44,62.150000000000034,13.46199666428402
8563,461.58,8.72,42.0,1,452.85999999999996,98.11083669136444
17263,461.58,109.2,42.0,15,352.38,76.34212920837125
12134,461.58,278.53999999999996,42.0,38,183.04000000000002,39.65509770787297
29202,461.15999999999997,341.05,84.0,95,120.10999999999996,26.045190389452678
19254,460.68,318.12,132.0,132,142.56,30.945558739255013
13871,460.68,304.91999999999996,132.0,132,155.76000000000005,33.810888252149006
23805,459.77,187.88,23.0,14,271.89,59.13608978402245
19236,459.64,221.16000000000003,36.0,19,238.47999999999996,51.88408319554433
20445,459.54,385.27,46.0,59,74.27000000000004,16.161813987900953
10707,459.54,317.76,46.0,48,141.78000000000003,30.852591722156948
19818,458.83,223.32,17.0,12,235.51,51.32837870235163
39013,458.83,141.12,17.0,8,317.71,69.24351066843928
12021,458.7,322.8,50.0,60,135.89999999999998,29.62720732504905
46308,458.49,417.48,51.0,71,41.00999999999999,8.944578943924618
41411,457.62,329.3,38.0,37,128.32,28.04073248546829
16430,457.41,195.5,79.0,50,261.91,57.25935156642837
18012,456.89000000000004,227.01,61.0,47,229.88000000000005,50.31407997548645
22647,455.88,299.88,12.0,12,156.0,34.21953145564623
24346,455.88,324.87,12.0,13,131.01,28.73782574361674
44764,455.76,149.88,24.0,12,305.88,67.11427066877303
16957,455.64,318.24,36.0,36,137.39999999999998,30.15538583091914
24717,455.62,381.12,38.0,48,74.5,16.35134541942847
40220,455.52,264.48,48.0,48,191.03999999999996,41.93888303477344
20498,455.05,293.55,95.0,95,161.5,35.49060542797495
20549,450.59000000000003,52.36,41.0,7,398.23,88.3796799751437
15747,450.59,443.52,41.0,72,7.069999999999993,1.5690539070995793
1972,450.31,92.82,69.0,17,357.49,79.38753303279962
6038,449.82,343.44,18.0,18,106.38,23.649459783913564
23495,449.74999999999994,134.64,25.0,11,315.10999999999996,70.0633685380767
21413,449.7,144.76,30.0,14,304.94,67.80965087836336
3611,449.7,165.0,30.0,30,284.7,63.30887258172114
16153,449.64,307.79999999999995,36.0,36,141.84000000000003,31.54523618895117
25747,449.4,364.32,60.0,72,85.07999999999998,18.931909212283042
25801,447.84,432.16999999999996,16.0,23,15.670000000000016,3.499017506252237
28893,444.69,288.36,81.0,81,156.32999999999998,35.154826958105645
20234,443.88,301.92,12.0,12,141.95999999999998,31.981616653149498
16809,443.63,366.13,37.0,47,77.5,17.46951288235692
713,441.83,171.99,17.0,9,269.84,61.07326347237625
26781,441.73999999999995,419.04,26.0,36,22.699999999999932,5.1387694118712215
21039,441.71999999999997,203.76,30.0,24,237.95999999999998,53.87123064384678
23338,439.92,141.92,8.0,4,298.0,67.73958901618475
22640,439.89,289.41,11.0,11,150.47999999999996,34.208552138034506
25641,439.89,287.53999999999996,11.0,11,152.35000000000002,34.63365841460366
1460,439.79999999999995,272.8,20.0,22,166.99999999999994,37.97180536607548
25205,437.94,284.4,6.0,6,153.54000000000002,35.059597205096594
22402,434.84999999999997,309.28,15.0,16,125.57,28.876624123260896
14835,433.7,417.96,30.0,43,15.740000000000009,3.6292367996310837
40767,433.69,225.75,31.0,25,207.94,47.94669003205054
20450,432.71000000000004,286.56,129.0,144,146.15000000000003,33.775507845901416
25425,431.88,297.84,12.0,12,134.04000000000002,31.03639899972215
25348,431.76,284.16,24.0,24,147.59999999999997,34.18565869927737
18599,431.76,291.84,24.0,24,139.92000000000002,32.40689271817677
18166,431.73,391.68,27.0,36,40.05000000000001,9.276631227850743
22972,431.64,284.04,36.0,36,147.59999999999997,34.195162635529606
43127,431.64,284.04,36.0,36,147.59999999999997,34.195162635529606
45082,431.64,293.76,36.0,36,137.88,31.94328607172644
23044,431.52,352.8,48.0,60,78.71999999999997,18.242491657397103
20537,431.52,278.4,48.0,48,153.12,35.483870967741936
19321,431.52,278.4,48.0,48,153.12,35.483870967741936
901,431.28,188.16,72.0,48,243.11999999999998,56.3717306622148
8614,431.28,291.6,72.0,72,139.67999999999995,32.38731218697829
17493,429.69,360.34000000000003,31.0,43,69.34999999999997,16.139542460843856
24784,428.58,295.68,42.0,42,132.89999999999998,31.009379812403747
22450,427.59000000000003,281.40000000000003,41.0,42,146.19,34.18929348207394
18754,427.57,283.68,143.0,144,143.89,33.65296910447412
21446,424.83,136.0,17.0,8,288.83,67.98719487795118
4808,422.53000000000003,417.02,47.0,58,5.510000000000048,1.3040494166094827
42437,422.53,381.92,47.0,62,40.60999999999996,9.611151870873066
19722,419.94,272.7,6.0,6,147.24,35.06215173596228
20466,419.93,122.43,7.0,3,297.5,70.84514085680946
19695,419.88,47.6,12.0,2,372.28,88.66342764599409
23494,419.86,60.39,14.0,3,359.47,85.61663411613395
755,419.84999999999997,390.59999999999997,15.0,18,29.25,6.966773847802788
21860,419.78999999999996,394.56000000000006,21.0,36,25.229999999999905,6.010147931108389
26921,419.76,276.24,24.0,24,143.51999999999998,34.19096626643796
13960,419.7,160.16,30.0,22,259.53999999999996,61.83940910173933
42759,419.65000000000003,284.04,35.0,36,135.61,32.31502442511617
20614,419.4,285.6,60.0,60,133.79999999999995,31.902718168812584
17911,419.3,70.21,70.0,17,349.09000000000003,83.25542570951586
13447,419.29999999999995,333.48,70.0,84,85.81999999999994,20.46744574290483
19368,418.83,359.04,17.0,24,59.789999999999964,14.275481699018686
19836,417.81,135.54,19.0,9,282.27,67.55941695986213
3719,416.08000000000004,132.48000000000002,42.0,18,283.6,68.15996923668524
24054,415.74,378.71999999999997,26.0,36,37.02000000000004,8.904603838937806
22355,415.74,247.68,26.0,24,168.06,40.424303651320535
20969,415.68,357.52,32.0,41,58.160000000000025,13.991531947652044
6457,414.63,340.32,37.0,48,74.31,17.922002749439258
18246,413.91,315.0,9.0,10,98.91000000000003,23.896499238964996
21710,413.90999999999997,158.6,9.0,5,255.30999999999997,61.68249136285666
335,413.82,308.88,18.0,18,104.94,25.358851674641148
26624,413.64,275.76,36.0,36,137.88,33.33333333333333
2027,411.82,49.98,18.0,3,361.84,87.86362974114904
34746,411.64,278.64,36.0,36,133.0,32.309785249246914
8151,410.85,5.68,415.0,8,405.17,98.61750030424729
3931,410.85,379.2,415.0,480,31.650000000000034,7.7035414384812055
18773,409.74999999999994,98.52,25.0,12,311.22999999999996,75.95607077486272
18419,409.71999999999997,23.82,28.0,3,385.9,94.18627355267012
24926,409.59000000000003,41.04,41.0,6,368.55,89.98022412656559
4319,409.59000000000003,14.58,41.0,2,395.01000000000005,96.4403427818062
24566,409.59,389.4,41.0,60,20.189999999999998,4.929319563465905
26089,407.76,268.32,24.0,24,139.44,34.19658622719247
17948,407.76,263.04,24.0,24,144.71999999999997,35.49146556798116
24600,407.76,268.32,24.0,24,139.44,34.19658622719247
36540,407.49,305.52,51.0,57,101.97000000000003,25.02392696753295
21025,406.89,265.98,11.0,11,140.90999999999997,34.63098134630981
23414,406.58,97.2,112.0,60,309.38,76.09326577795268
33586,404.7,105.84,30.0,12,298.86,73.8472942920682
17017,403.61,165.36,39.0,24,238.25,59.02975644805629
3014,402.69,365.4,31.0,36,37.29000000000002,9.260224986962681
21340,399.96,66.66,4.0,1,333.29999999999995,83.33333333333333
21481,399.92,170.05,8.0,5,229.87,57.478995799159826
5467,399.8,385.56000000000006,20.0,27,14.239999999999952,3.5617808904452106
20659,399.79999999999995,350.46,20.0,27,49.339999999999975,12.341170585292643
4357,399.6,7.46,40.0,1,392.14000000000004,98.13313313313314
21300,399.6,34.0,40.0,5,365.6,91.4914914914915
5371,398.97,55.300000000000004,403.0,70,343.67,86.13930871995387
1565,398.78999999999996,57.56,21.0,4,341.22999999999996,85.56633817297325
12816,395.93999999999994,267.54,6.0,6,128.39999999999992,32.429155932717066
35104,395.88,269.28,12.0,12,126.60000000000002,31.97938769324038
805,395.88,263.9,12.0,10,131.98000000000002,33.338385369303836
20376,395.78,23.98,22.0,2,371.79999999999995,93.94107837687604
24275,395.78,139.68,22.0,12,256.09999999999997,64.70766587498105
15496,395.78,133.76,22.0,11,262.02,66.20344635908837
25658,395.78,262.02,22.0,22,133.76,33.79655364091162
15319,395.67,386.61,33.0,49,9.060000000000002,2.289786943665176
19732,395.64,265.68,36.0,36,129.95999999999998,32.84804367606915
21633,395.64,340.32,36.0,48,55.31999999999999,13.982408249924172
16163,395.34,262.02,66.0,66,133.32,33.7228714524207
18000,395.01,33.0,99.0,12,362.01,91.64578111946533
927,391.86,294.7,14.0,14,97.16000000000003,24.794569489103257
3777,391.85999999999996,43.4,14.0,2,348.46,88.92461593426223
20637,391.71999999999997,173.52,28.0,24,218.19999999999996,55.70305320126621
6431,391.69,271.91999999999996,131.0,132,119.77000000000004,30.57775281472594
19054,389.97,268.95,3.0,3,121.02000000000004,31.033156396645907
4329,389.94,309.48,6.0,6,80.45999999999998,20.633943683643633
1650,389.94,299.94,6.0,6,90.0,23.08047391906447
3475,389.87,156.66,13.0,7,233.21,59.81737502244337
3131,389.7,111.36,30.0,12,278.34,71.42417244033872
17490,389.7,237.06,30.0,27,152.64,39.16859122401847
4104,389.57,113.28,43.0,16,276.28999999999996,70.92178555843621
18084,389.35,305.52,65.0,76,83.83000000000004,21.530756388853227
22449,387.63,319.68,37.0,48,67.94999999999999,17.529602971906197
19603,386.91,146.2,9.0,5,240.71000000000004,62.21343464888476
1120,383.76,299.76,24.0,24,84.0,21.88868042526579
25171,383.76,254.16,24.0,24,129.6,33.771106941838646
37537,383.76,264.72,24.0,24,119.03999999999996,31.01938711694808
16256,383.64,195.84,36.0,36,187.79999999999998,48.952142633719106
5825,383.52,304.32,48.0,48,79.19999999999999,20.650813516896118
29131,383.36,268.62,64.0,66,114.74000000000001,29.9300918196995
11668,382.99,260.54,1.0,1,122.44999999999999,31.97211415441656
10399,380.89,149.31,11.0,7,231.57999999999998,60.79970595184962
25767,379.97,199.98,3.0,3,179.99000000000004,47.369529173355794
22860,379.79999999999995,159.25,20.0,13,220.54999999999995,58.07003686150605
34021,379.79999999999995,25.32,20.0,2,354.47999999999996,93.33333333333333
37651,379.24,277.2,76.0,84,102.04000000000002,26.90644446788314
44857,377.73,160.65,27.0,17,217.08,57.469621157969975
3753,376.74,133.8,26.0,12,242.94,64.48479057174708
26204,374.75,359.64,25.0,36,15.110000000000014,4.032021347565047
6916,374.75,11.1,25.0,1,363.65,97.03802535023348
8282,374.22,59.64,378.0,84,314.58000000000004,84.06285072951741
9126,373.83,273.03,17.0,19,100.80000000000001,26.964128079608386
18662,373.83,118.08,17.0,8,255.75,68.41344996388733
28252,373.78,287.96999999999997,22.0,29,85.81,22.957354593611218
25859,373.66,269.28000000000003,34.0,36,104.38,27.934485896269333
26919,371.76,256.32,24.0,24,115.44,31.052291801162042
10336,371.69,307.8,31.0,38,63.889999999999986,17.18905539562538
20401,371.64,220.32,36.0,36,151.32,40.71682273167582
25765,367.98,242.1,2.0,2,125.88000000000002,34.20838089026578
24791,367.84,248.48000000000002,16.0,16,119.35999999999996,32.44889082209655
12532,367.77,255.84,23.0,24,111.92999999999998,30.43478260869565
24252,367.54,307.8,46.0,57,59.74000000000001,16.254013168634707
15328,366.68,316.26,32.0,42,50.420000000000016,13.750409076033604
13590,363.74,342.71999999999997,26.0,36,21.02000000000004,5.778853026887347
24694,363.72,304.64,28.0,34,59.08000000000004,16.243264049268678
45874,362.34000000000003,327.12,66.0,87,35.22000000000003,9.72015234310317
21601,362.25,297.6,25.0,30,64.64999999999998,17.846790890269144
7851,361.35,67.15,365.0,85,294.20000000000005,81.41690881416909
9102,359.92,199.98,8.0,6,159.94000000000003,44.437652811735944
25545,359.88,350.46,12.0,18,9.420000000000016,2.61753917972658
2529,359.88,279.0,12.0,12,80.88,22.474158052684228
2396,359.88,20.15,12.0,1,339.73,94.4009114149161
24856,359.88,248.16,12.0,12,111.72,31.04368122707569
2427,359.82,207.09,18.0,13,152.73,42.446223111555774
20442,359.82,13.51,18.0,1,346.31,96.24534489466956
23361,359.82,328.56,18.0,24,31.25999999999999,8.68767717191929
17528,359.8,73.44,20.0,6,286.36,79.58866036687049
21046,359.79999999999995,233.52,20.0,24,126.27999999999994,35.09727626459143
25119,359.76,243.12,24.0,24,116.63999999999999,32.421614409606406
24734,359.76,124.08,24.0,12,235.68,65.51034022681789
36373,359.76,241.44,24.0,24,118.32,32.88859239492995
26923,359.76,239.76,24.0,24,120.0,33.3555703802535
26575,359.76,243.12,24.0,24,116.63999999999999,32.421614409606406
25430,359.73,301.68,27.0,36,58.05000000000001,16.13710282712034
24298,359.7,236.70000000000002,30.0,30,122.99999999999997,34.195162635529606
43128,359.7,212.7,30.0,30,147.0,40.867389491242704
22183,359.64,248.04000000000002,36.0,36,111.59999999999997,31.03103103103102
45214,359.64,244.79999999999998,36.0,36,114.84,31.931931931931935
19285,359.64,248.04000000000002,36.0,36,111.59999999999997,31.03103103103102
26623,359.64,235.07999999999998,36.0,36,124.56,34.63463463463464
10463,359.64,246.24,36.0,36,113.39999999999998,31.531531531531527
17986,359.64,248.04000000000002,36.0,36,111.59999999999997,31.03103103103102
457,359.6,226.44,40.0,34,133.16000000000003,37.03003337041157
13575,359.59999999999997,354.6,40.0,60,4.999999999999943,1.3904338153503737
46663,358.8,238.79999999999998,120.0,120,120.00000000000003,33.44481605351171
14836,358.04999999999995,245.16,25.0,36,112.88999999999996,31.529116045245072
14217,356.78999999999996,22.36,21.0,2,334.42999999999995,93.73300821211356
13132,354.68,221.92,32.0,38,132.76000000000002,37.430923649486864
930,354.62,271.32000000000005,238.0,238,83.29999999999995,23.489932885906025
2707,354.42,100.35,8.0,3,254.07000000000002,71.68613509395632
12124,354.29,272.16,71.0,84,82.13,23.181574416438508
5459,353.88,264.12,12.0,12,89.75999999999999,25.364530349270936
23538,352.82,124.19999999999999,18.0,18,228.62,64.79791395045632
20792,352.66,287.2,34.0,40,65.46000000000004,18.561787557420754
14385,351.77,285.93,23.0,27,65.83999999999997,18.716775165591148
14341,351.64,142.8,36.0,24,208.83999999999997,59.390285519281086
862,351.56,235.95,44.0,39,115.61000000000001,32.884856070087615
22659,350.91,292.08,9.0,12,58.83000000000004,16.76498247413868
503,350.82,250.56,18.0,18,100.25999999999999,28.578758337609028
39104,350.73,52.67999999999999,27.0,6,298.05,84.97989906765888
13918,350.73,313.92,27.0,36,36.81,10.495252758532205
13478,350.72999999999996,167.79,27.0,21,182.93999999999997,52.1597810281413
8038,350.46000000000004,43.3,54.0,10,307.16,87.64480967870799
22533,349.90000000000003,23.02,10.0,1,326.88000000000005,93.42097742212061
20960,349.86,112.84,14.0,7,237.02,67.74709883953581
70,349.85999999999996,195.44,14.0,14,154.41999999999996,44.137655062024805
15303,349.65,252.48,35.0,48,97.16999999999999,27.79064779064779
19176,349.65,279.72,35.0,42,69.92999999999995,19.999999999999986
6389,349.5,283.2,50.0,60,66.30000000000001,18.969957081545065
351,347.88,267.6,12.0,12,80.27999999999997,23.07692307692307
8801,346.5,84.24,350.0,108,262.26,75.68831168831169
19746,346.17,40.62,33.0,6,305.55,88.2658809255568
44033,345.86,38.88,64.0,12,306.98,88.75845717920546
28538,344.77,245.0,23.0,25,99.76999999999998,28.938132668155582
20189,342.85999999999996,32.02,14.0,2,310.84,90.66091115907368
46327,342.51,77.17999999999999,49.0,17,265.33,77.46635134740592
20217,341.62,297.6,38.0,48,44.01999999999998,12.885662431941919
28317,341.57,248.57,43.0,53,93.0,27.227215504874554
31502,341.42,241.20000000000002,58.0,72,100.22,29.353874992677635
510,339.65999999999997,214.20000000000002,34.0,30,125.45999999999995,36.936936936936924
21833,337.74,219.5,26.0,25,118.24000000000001,35.0091786581394
11259,335.93,31.16,7.0,1,304.77,90.7242580299467
16210,335.88,228.48,12.0,12,107.4,31.975705609146125
3297,335.88,266.52,12.0,12,69.36000000000001,20.65023222579493
17369,335.84,162.48,16.0,12,173.35999999999999,51.61981896141019
21031,335.79,134.94,21.0,13,200.85000000000002,59.81416957026714
17182,335.76,109.68,24.0,12,226.07999999999998,67.3338098641887
17931,335.76,229.92,24.0,24,105.84,31.52251608291637
32782,335.76,186.96,24.0,24,148.79999999999998,44.31736954967834
25793,335.76,206.4,24.0,24,129.35999999999999,38.52751965689778
23623,335.7,201.0,30.0,30,134.7,40.12511170688114
24145,335.52,229.92,48.0,48,105.6,31.47353361945637
18093,334.95,89.32,5.0,2,245.63,73.33333333333334
18157,333.65999999999997,289.44,34.0,48,44.21999999999997,13.253012048192764
14761,332.91,288.24,9.0,12,44.670000000000016,13.41804091195819
15976,332.31,220.02,19.0,19,112.28999999999999,33.79073756432246
2806,329.94,239.1,6.0,6,90.84,27.532278596108384
20722,329.89,61.199999999999996,11.0,3,268.69,81.44836157507048
41831,329.4,270.71999999999997,60.0,72,58.68000000000001,17.81420765027323
20403,329.25,179.04,25.0,24,150.21,45.62186788154898
46950,327.59000000000003,128.64,41.0,24,198.95000000000005,60.73140205744987
29558,327.59,276.66,41.0,53,50.92999999999995,15.54687261515918
23920,326.94,140.64,26.0,24,186.3,56.98293264819233
16369,326.71,105.36,29.0,12,221.34999999999997,67.75121667533898
45875,325.68,264.45000000000005,32.0,41,61.22999999999996,18.800663227708167
20784,325.62,71.4,38.0,12,254.22,78.07259996314723
15618,324.75,259.8,25.0,30,64.94999999999999,19.999999999999996
40753,324.75,206.4,25.0,24,118.35,36.44341801385681
8079,324.35,284.76,65.0,84,39.59000000000003,12.205950362262996
13179,323.76,216.72,24.0,24,107.03999999999999,33.06152705707932
17637,323.76,208.8,24.0,24,114.95999999999998,35.50778354336545
43013,323.73,47.64,27.0,6,276.09000000000003,85.28403299045502
826,323.73,115.08,27.0,12,208.65000000000003,64.4518580298397
23832,323.64,212.76,36.0,36,110.88,34.260289210233594
6543,323.64,280.32,36.0,48,43.31999999999999,13.385242862439748
15908,323.64,283.40999999999997,36.0,47,40.23000000000002,12.430478309232488
46117,323.64,217.07999999999998,36.0,36,106.56,32.92547274749722
24853,322.83,312.24,17.0,24,10.589999999999975,3.280364278412779
2386,321.85999999999996,190.26000000000002,14.0,14,131.59999999999994,40.88734232274901
16998,319.98,106.66,2.0,1,213.32000000000002,66.66666666666667
19612,319.9,21.19,10.0,1,298.71,93.37605501719287
21625,319.8,255.84,20.0,24,63.96000000000001,20.0
44221,319.8,261.12,20.0,24,58.68000000000001,18.34896810506567
11088,319.68,246.24,32.0,36,73.44,22.972972972972972
853,319.68,244.2,32.0,33,75.48000000000002,23.611111111111114
6040,318.83,100.68,17.0,12,218.14999999999998,68.42204309506633
9191,316.8,9.49,320.0,13,307.31,97.00441919191918
18859,314.79,145.05,21.0,15,169.74,53.92166206042123
75,314.79,109.4,21.0,10,205.39000000000001,65.24667238476445
42971,314.79,204.32999999999998,21.0,21,110.46000000000004,35.09006004002669
12258,314.73,271.08,27.0,36,43.650000000000034,13.869030597655144
23542,314.7,82.32,30.0,12,232.38,73.84175405147761
3809,313.17,143.8,33.0,20,169.37,54.08244723313216
21587,311.96,215.16,4.0,4,96.79999999999998,31.0296191819464
9104,311.88,229.32,12.0,12,82.56,26.47171989226626
15091,311.88,215.04,12.0,12,96.84,31.050404001539057
20176,311.88,215.04,12.0,12,96.84,31.050404001539057
613,311.88,122.76,12.0,6,189.12,60.638707195075035
13929,311.76,189.36,24.0,24,122.39999999999998,39.26096997690531
264,311.76,243.6,24.0,24,68.16,21.862971516551195
18450,311.76,209.28,24.0,24,102.47999999999999,32.87143956889915
26750,311.76,215.04,24.0,24,96.72,31.023864511162436
13561,311.74,185.76,26.0,24,125.98000000000002,40.41188169628537
42436,311.22,233.18,78.0,89,78.04000000000002,25.075509286035608
23491,310.99,204.6,1.0,1,106.39000000000001,34.21010321875302
25997,310.61,248.4,89.0,108,62.21000000000001,20.028331347992662
1007,309.69,7.19,31.0,1,302.5,97.67832348477509
18627,308.22999999999996,108.36,17.0,36,199.86999999999995,64.84443435097167
25351,307.78000000000003,210.76,22.0,22,97.02000000000004,31.52251608291638
27758,307.78,219.36,22.0,24,88.41999999999996,28.728312430957164
21057,305.64,281.28,36.0,48,24.360000000000014,7.970160973694547
6395,304.39,232.88,61.0,71,71.50999999999999,23.492887414172607
20689,303.81,92.88,19.0,9,210.93,69.42826108423029
5214,303.81,290.7,19.0,30,13.110000000000014,4.315196998123832
19398,303.62,87.52,38.0,16,216.10000000000002,71.17449443383177
43541,303.62,215.66,38.0,41,87.96000000000001,28.970423555760494
23517,302.75,99.24,25.0,12,203.51,67.22047894302229
19750,301.92,200.16,48.0,48,101.76000000000002,33.70429252782194
35667,301.92,198.72,48.0,48,103.20000000000002,34.18124006359301
15329,301.54,295.20000000000005,46.0,72,6.339999999999975,2.102540293161761
14542,299.99,193.54,1.0,1,106.45000000000002,35.484516150538354
25499,299.94,202.68,6.0,6,97.25999999999999,32.42648529705941
5645,299.88,225.48,12.0,12,74.4,24.80992396958784
7974,299.88,232.44,12.0,12,67.44,22.488995598239296
18127,299.88,201.24,12.0,12,98.63999999999999,32.89315726290516
7032,299.88,220.44,12.0,12,79.44,26.490596238495396
14370,299.8,231.38,20.0,23,68.42000000000002,22.82188125416945
4248,299.8,152.04,20.0,14,147.76000000000002,49.28619079386258
18732,299.76,101.28,24.0,12,198.48,66.21297037630104
25275,299.75,291.6,25.0,36,8.149999999999977,2.7189324437030784
27093,299.75,284.04,25.0,36,15.70999999999998,5.241034195162628
18668,298.77,17.56,23.0,2,281.21,94.12256920038826
18854,298.74,261.8,26.0,35,36.94,12.365267456651267
14190,298.73,221.76,27.0,36,76.97000000000003,25.765741639607683
21686,297.79,108.96,21.0,12,188.83000000000004,63.410457033479986
20092,297.75,180.72,25.0,24,117.03,39.30478589420655
24430,297.49,218.11999999999998,31.0,38,79.37000000000003,26.67988839961008
8076,295.84,280.32,16.0,24,15.519999999999982,5.24607896160086
40566,293.72,14.46,28.0,2,279.26000000000005,95.07694402832631
5361,293.04,15.8,296.0,20,277.24,94.6082446082446
37940,287.90999999999997,22.06,9.0,1,265.84999999999997,92.33788336632975
20384,287.88,186.96,12.0,12,100.91999999999999,35.05627344726969
22358,287.82,264.72,18.0,24,23.099999999999966,8.025849489264111
43544,287.82,249.12,18.0,24,38.69999999999999,13.445903689806125
20592,287.82,79.44,18.0,8,208.38,72.39941630185533
4316,287.76,173.76,24.0,24,114.0,39.6163469557965
26316,287.76,209.28,24.0,24,78.47999999999999,27.27272727272727
14826,287.76,92.88,24.0,12,194.88,67.72310258548791
17462,287.76,193.2,24.0,24,94.56,32.86071726438699
41648,287.76,205.2,24.0,24,82.56,28.690575479566306
23444,287.76,198.48,24.0,24,89.28,31.02585487906589
21392,287.76,198.48,24.0,24,89.28,31.02585487906589
19040,287.76,155.76,24.0,24,132.0,45.87155963302752
19710,287.76,280.44,24.0,36,7.319999999999993,2.543786488740615
43543,287.64,164.1,36.0,30,123.53999999999999,42.949520233625364
20473,287.64,196.92000000000002,36.0,36,90.71999999999997,31.53942428035043
27491,287.64,189.35999999999999,36.0,36,98.28,34.167709637046315
45446,286.59,217.92,41.0,48,68.66999999999999,23.9610593530828
954,285.78,102.85,22.0,11,182.92999999999998,64.01077752117013
11373,285.64,247.2,36.0,48,38.44,13.45749894972693
129,284.90999999999997,99.96,9.0,4,184.95,64.91523639043909
16190,284.81,58.8,19.0,6,226.01,79.35465749095889
7222,284.62,176.39999999999998,38.0,36,108.22000000000003,38.02262666010822
14675,281.25,167.76,25.0,24,113.49000000000001,40.352000000000004
5658,280.87,214.08,13.0,16,66.78999999999999,23.779684551571897
22225,279.8,16.1,20.0,2,263.7,94.24588992137241
20990,279.8,228.48,20.0,24,51.32000000000002,18.341672623302365
41231,279.8,6.53,20.0,1,273.27000000000004,97.6661901358113
17265,279.59999999999997,237.64000000000001,40.0,52,41.95999999999995,15.007153075822588
40331,278.21,243.71999999999997,29.0,36,34.49000000000001,12.397110096689556
8849,277.92,200.16,48.0,48,77.76000000000002,27.979274611398967
1047,275.94,212.28,6.0,6,63.66,23.070232659273753
1626,275.94,213.9,6.0,6,62.03999999999999,22.483148510545767
1079,275.88,220.68,12.0,12,55.19999999999999,20.00869943453675
11395,275.88,187.68,12.0,12,88.19999999999999,31.970421922575028
18769,275.31,157.76,19.0,16,117.55000000000001,42.69732301768915
33215,275.08,173.76,52.0,48,101.32,36.83292133197615
28920,274.45,189.98000000000002,55.0,59,84.46999999999997,30.777919475314253
6798,273.65,236.13,35.0,51,37.51999999999998,13.710944637310426
107,273.47,255.5,43.0,50,17.970000000000027,6.57110469155667
7230,272.79,246.96,21.0,36,25.830000000000013,9.468822170900697
20420,272.79,8.66,21.0,1,264.13,96.82539682539681
12117,271.92,169.52,8.0,8,102.4,37.65813474551339
11928,271.90999999999997,265.2,9.0,13,6.7099999999999795,2.4677282924497006
46372,271.84,181.28,16.0,16,90.55999999999997,33.313713949381984
315,271.83,141.12,17.0,12,130.70999999999998,48.08520030901666
31503,271.76,227.39999999999998,24.0,30,44.360000000000014,16.32322637621431
24251,271.66,259.2,34.0,48,12.460000000000036,4.586615622469276
1260,269.96999999999997,215.97,3.0,3,53.99999999999997,20.002222469163232
22404,269.84999999999997,217.26,15.0,18,52.589999999999975,19.488604780433565
21418,269.84999999999997,201.28000000000003,15.0,17,68.56999999999994,25.41041319251434
900,269.82,134.28,18.0,12,135.54,50.23348899266177
22451,269.74,213.12,26.0,32,56.620000000000005,20.99058352487581
16863,269.73,239.39999999999998,27.0,35,30.33000000000004,11.244577911244592
692,269.73,195.48,27.0,27,74.25000000000003,27.527527527527536
17863,269.73,68.0,27.0,10,201.73000000000002,74.78960441923405
24970,269.7,221.76,30.0,36,47.94,17.775305895439377
21272,269.7,223.20000000000002,30.0,36,46.49999999999997,17.24137931034482
17275,269.64,179.64000000000001,36.0,36,89.99999999999997,33.377837116154865
24449,265.84999999999997,248.16,15.0,24,17.68999999999997,6.654128267820189
6957,265.81,32.28,19.0,3,233.53,87.85598735939205
24295,265.78000000000003,162.36,22.0,22,103.42000000000002,38.91188200767552
399,264.18,127.71000000000001,42.0,27,136.47,51.657960481489894
24511,263.88,178.32,12.0,12,85.56,32.42382901318781
25429,263.88,170.28,12.0,12,93.6,35.470668485675304
14988,263.88,170.28,12.0,12,93.6,35.470668485675304
27089,263.88,174.72,12.0,12,89.16,33.78808549340609
26304,263.88,173.64,12.0,12,90.24000000000001,34.19736243747158
2977,263.88,206.16,12.0,12,57.72,21.873578899499773
23863,263.88,172.56,12.0,12,91.32,34.60663938153706
35956,263.88,174.72,12.0,12,89.16,33.78808549340609
20387,263.76,174.72,24.0,24,89.03999999999999,33.75796178343949
7830,263.76,212.7,24.0,30,51.06,19.358507734303913
8028,263.76,151.02,24.0,18,112.73999999999998,42.74340309372156
507,263.76,195.36,24.0,24,68.39999999999998,25.932666060054586
24227,263.76,181.92,24.0,24,81.84,31.028207461328485
14101,263.56,194.4,44.0,48,69.16,26.24070420397632
6829,260.71,208.79999999999998,29.0,36,51.91,19.911012235817573
22324,259.87,236.76,13.0,12,23.110000000000014,8.892907992457772
23533,259.8,127.35,20.0,15,132.45000000000002,50.98152424942264
15253,258.65999999999997,226.79999999999998,54.0,72,31.859999999999985,12.317327766179536
17908,257.59,239.4,41.0,60,18.18999999999997,7.061609534531608
16523,255.84,126.24,16.0,12,129.60000000000002,50.65666041275798
12585,255.83,239.76,17.0,24,16.07000000000002,6.2815150686002506
14420,255.68,185.39999999999998,32.0,36,70.28000000000003,27.487484355444312
21812,255.15,168.0,35.0,35,87.15,34.15637860082305
24004,254.83,238.32,17.0,24,16.51000000000002,6.478829023270423
122,252.77,7.96,23.0,1,244.81,96.85089211536179
24808,252.77,167.44,23.0,23,85.33000000000001,33.75796178343949
17747,251.91,215.88,9.0,12,36.03,14.3027271644635
34472,251.64,247.51999999999998,36.0,52,4.1200000000000045,1.6372595771737422
25991,251.28000000000003,190.67999999999998,72.0,84,60.60000000000005,24.11652340019104
20250,249.95000000000002,34.48,5.0,1,215.47000000000003,86.20524104820964
2213,246.86999999999998,54.64,13.0,4,192.22999999999996,77.86689350670393
22408,246.75,203.67000000000002,75.0,93,43.079999999999984,17.458966565349538
4427,246.33,126.96,17.0,12,119.37000000000002,48.459383753501406
22853,246.21,197.28000000000003,29.0,36,48.92999999999998,19.873278908249045
36072,245.97,158.7,3.0,3,87.27000000000001,35.47993657763142
16987,244.44,168.48,36.0,36,75.96000000000001,31.075110456553762
22664,243.91,206.52,9.0,12,37.389999999999986,15.329424787831572
23399,243.85,162.12,15.0,12,81.72999999999999,33.51650604880049
2505,242.91,117.46000000000001,9.0,7,125.44999999999999,51.64464204849533
655,241.78,142.63,22.0,17,99.15,41.00835470262222
22364,240.58,192.24,42.0,54,48.34,20.093108321556237
3892,240.39000000000001,30.52,61.0,14,209.87,87.30396439119762
110,240.13,183.92,37.0,38,56.21000000000001,23.408153916628496
13494,239.92,165.44,8.0,8,74.47999999999999,31.043681227075687
5283,239.88,141.6,12.0,12,98.28,40.970485242621315
14697,239.88,163.2,12.0,12,76.68,31.96598299149575
26324,239.88,156.84,12.0,12,83.03999999999999,34.61730865432716
18573,239.88,157.8,12.0,12,82.07999999999998,34.21710855427713
3384,239.88,192.53,12.0,13,47.349999999999994,19.739036184759044
373,239.88,225.45000000000002,12.0,15,14.429999999999978,6.015507753876929
43548,239.85,142.35,15.0,13,97.5,40.65040650406504
3187,239.84,139.52,16.0,16,100.32,41.82788525683789
17266,239.83,216.72,17.0,24,23.110000000000014,9.635992161114128
14654,239.76,77.88,24.0,12,161.88,67.51751751751752
7832,239.6,236.4,40.0,60,3.1999999999999886,1.3355592654423993
39932,239.52,159.84,48.0,48,79.68,33.26653306613226
24249,239.52,161.76,48.0,48,77.76000000000002,32.46492985971944
2195,237.85999999999999,173.94,14.0,13,63.91999999999999,26.872950475069363
17322,237.83,73.6,17.0,8,164.23000000000002,69.05352562754909
12333,236.97,159.03,3.0,3,77.94,32.89023927079377
10229,236.88,189.0,72.0,84,47.879999999999995,20.212765957446805
21473,235.96,77.62,4.0,2,158.34,67.10459399898288
46446,235.41000000000003,195.25,59.0,71,40.160000000000025,17.059598147912162
23792,234.96,79.32,24.0,12,155.64000000000001,66.24106230847804
4505,233.87,232.92000000000002,13.0,18,0.9499999999999886,0.40620857741479827
1243,233.82,103.6,18.0,14,130.22,55.692412967239754
2423,233.82,152.82,18.0,18,81.0,34.64203233256351
22470,233.82,167.96,18.0,19,65.85999999999999,28.16696604225472
3135,233.82,227.52,18.0,24,6.299999999999983,2.6943802925327103
19553,233.74,208.79999999999998,26.0,36,24.940000000000026,10.669975186104228
14411,231.71,226.79999999999998,29.0,42,4.910000000000025,2.1190280954641683
18963,231.71,71.11,29.0,13,160.60000000000002,69.31077640153642
26082,231.71,187.92000000000002,29.0,36,43.78999999999999,18.89862327909887
16531,230.89,14.09,11.0,1,216.79999999999998,93.89752696089046
22472,229.89999999999998,195.39000000000001,10.0,13,34.50999999999996,15.010874293170929
13942,227.94,153.0,6.0,6,74.94,32.877072913924714
25646,227.88,148.92,12.0,12,78.96000000000001,34.64981569246973
6199,227.88,189.93,12.0,13,37.94999999999999,16.653501843075297
25702,227.88,155.04,12.0,12,72.84,31.964191679831494
36308,227.88,156.12,12.0,12,71.75999999999999,31.49025803054239
26877,227.88,153.96,12.0,12,73.91999999999999,32.43812532912059
14316,227.88,149.88,12.0,12,78.0,34.228541337546076
17706,227.76,146.88,24.0,24,80.88,35.51106427818757
8235,227.76,187.2,24.0,30,40.56,17.808219178082194
11176,227.62,194.4,38.0,48,33.22,14.594499604604163
3509,227.61999999999998,160.58,38.0,37,67.03999999999996,29.452596432650896
16775,227.4,176.08,60.0,71,51.31999999999999,22.568161829375548
35290,227.15,8.54,35.0,2,218.61,96.24036979969183
22562,226.78,158.88,22.0,24,67.9,29.940911896992684
39438,226.70000000000002,109.68,30.0,24,117.02000000000001,51.61887957653286
35665,226.44,197.28,36.0,48,29.159999999999997,12.87758346581876
4308,225.94,114.66,6.0,6,111.28,49.25201380897584
6588,225.09,200.86999999999998,41.0,53,24.220000000000027,10.760140388289141
1696,224.82,164.16,18.0,18,60.66,26.98158526821457
4208,224.82,108.6,18.0,12,116.22,51.69468908460102
39346,224.55,206.4,45.0,60,18.150000000000006,8.082832331329328
25001,223.96,148.32,4.0,4,75.64000000000001,33.77388819432042
41634,223.93,64.41,7.0,3,159.52,71.23654713526548
21654,223.86,126.24,14.0,12,97.62000000000002,43.607611900294835
15582,223.82,121.5,18.0,15,102.32,45.715306943079256
22406,223.72,175.48,68.0,82,48.24000000000001,21.56266762023959
40116,223.72,189.0,28.0,35,34.72,15.519399249061328
26146,221.99,151.01,1.0,1,70.98000000000002,31.974413261858647
43785,221.94,146.04,6.0,6,75.9,34.19843200865099
41318,221.94,146.04,6.0,6,75.9,34.19843200865099
8084,221.94,162.0,6.0,6,59.94,27.00729927007299
42794,221.88,153.0,12.0,12,68.88,31.043807463493778
20941,220.83,47.25,17.0,7,173.58,78.60345061812254
830,219.78,191.1,22.0,26,28.680000000000007,13.049413049413053
44781,219.78,66.6,22.0,10,153.18,69.6969696969697
8718,219.56,206.4,44.0,60,13.159999999999997,5.993805793404991
5408,218.31,176.8,19.0,20,41.50999999999999,19.01424579726077
15020,217.76,177.48,24.0,36,40.28,18.497428361498898
1996,216.93,163.2,7.0,8,53.73000000000002,24.76835845664501
2471,215.91,168.66,9.0,9,47.25,21.88411838265944
22839,215.88,143.88,12.0,12,72.0,33.35186214563646
46147,215.88,140.16,12.0,12,75.72,35.07504168982768
31482,215.88,146.88,12.0,12,69.0,31.962201222901616
20595,215.88,141.12,12.0,12,74.75999999999999,34.63035019455253
46774,215.88,142.92,12.0,12,72.96000000000001,33.79655364091162
24370,215.88,124.56,12.0,12,91.32,42.301278488048915
40757,215.82,96.6,18.0,12,119.22,55.24047817625799
3371,215.82,28.4,218.0,40,187.42,86.84088592345472
817,215.76,163.44,24.0,24,52.31999999999999,24.249165739710786
17958,215.76,145.68,24.0,24,70.07999999999998,32.48053392658509
24023,215.76,145.68,24.0,24,70.07999999999998,32.48053392658509
26673,215.76,147.84,24.0,24,67.91999999999999,31.47942157953281
20133,215.76,144.72,24.0,24,71.03999999999999,32.92547274749722
19372,215.73,155.44,27.0,29,60.28999999999999,27.94697075047513
12188,215.28000000000003,143.28,72.0,72,72.00000000000003,33.444816053511715
20471,215.23,183.60000000000002,27.0,36,31.629999999999967,14.695906704455682
2976,213.87,34.77,13.0,3,179.1,83.74246037312385
18632,212.95000000000002,77.46000000000001,5.0,3,135.49,63.62526414651326
18831,211.79,194.62,21.0,37,17.169999999999987,8.107087209027805
44325,209.96,204.48,4.0,6,5.480000000000018,2.610020956372651
9103,209.94,162.72,6.0,6,47.22,22.492140611603315
22534,209.94,45.44,6.0,2,164.5,78.35572068209964
10009,209.65,198.24,35.0,48,11.409999999999997,5.442404006677794
26000,209.4,166.32,60.0,72,43.08000000000001,20.5730659025788
17320,208.89,64.6,11.0,5,144.29,69.0746325817416
16967,208.89,150.96,11.0,12,57.92999999999998,27.73229929628033
8119,207.84,124.68,16.0,12,83.16,40.01154734411085
12774,207.84,100.56,16.0,12,107.28,51.61662817551963
427,206.77,195.16,23.0,28,11.610000000000014,5.614934468249753
6872,205.82,79.44,18.0,12,126.38,61.403167816538726
26702,203.88,136.8,12.0,12,67.07999999999998,32.90170688640376
176,203.88,163.08,12.0,12,40.79999999999998,20.0117716303708
12783,203.88,140.64,12.0,12,63.24000000000001,31.018246027074753
4375,203.88,155.64,12.0,12,48.24000000000001,23.660977045320784
4043,203.88,145.68,12.0,12,58.19999999999999,28.54620364920541
21406,203.88,133.2,12.0,12,70.68,34.66745144202473
2858,203.88,53.52,12.0,4,150.35999999999999,73.74926427310183
19347,203.83,72.27000000000001,17.0,11,131.56,64.54398273070696
41785,203.76,136.8,24.0,24,66.95999999999998,32.86219081272084
23028,203.13,197.69,37.0,53,5.439999999999998,2.6780879239895623
6063,202.93,121.8,7.0,6,81.13000000000001,39.97930320800276
20776,199.95000000000002,46.66,5.0,2,153.29000000000002,76.66416604151038
935,199.95000000000002,60.14,5.0,2,139.81,69.92248062015504
26704,199.92,135.12,8.0,8,64.79999999999998,32.41296518607442
26430,199.9,134.2,10.0,10,65.70000000000002,32.86643321660831
5073,199.89999999999998,153.8,10.0,10,46.099999999999966,23.061530765382678
10274,199.8,155.76,20.0,24,44.04000000000002,22.042042042042052
19871,199.75,189.35999999999999,25.0,36,10.390000000000015,5.201501877346691
22220,199.29,151.92,21.0,24,47.370000000000005,23.76938130362788
38526,197.82,45.18,18.0,6,152.64,77.16105550500455
22011,197.78,178.5,22.0,30,19.28,9.748205076347457
24643,197.67,186.3,33.0,46,11.369999999999976,5.752010927303069
10228,197.39999999999998,133.2,60.0,60,64.19999999999999,32.52279635258358
24359,195.96,194.64,4.0,6,1.3200000000000216,0.6736068585425706
4028,195.85999999999999,95.88,14.0,12,99.97999999999999,51.046665985908305
18300,195.72,171.35999999999999,28.0,36,24.360000000000014,12.44635193133048
42162,195.45,115.5,15.0,25,79.94999999999999,40.90560245587106
16525,195.27,126.04,23.0,23,69.23,35.45347467608952
13990,194.85,126.6,15.0,15,68.25,35.026943802925324
42933,194.85,103.2,15.0,12,91.64999999999999,47.03618167821401
28565,194.85,41.9,15.0,5,152.95,78.49627918911983
23471,194.10999999999999,152.64000000000001,59.0,72,41.46999999999997,21.364174952346595
20413,191.92,191.88,8.0,12,0.03999999999999204,0.02084201750729056
24980,191.92,130.56,8.0,8,61.359999999999985,31.971654856190074
12133,191.89000000000001,50.88,31.0,12,141.01000000000002,73.4848090051592
23982,191.88,125.4,12.0,12,66.47999999999999,34.64665415884928
24751,191.88,128.76,12.0,12,63.120000000000005,32.89555972482802
39650,191.88,156.84,12.0,12,35.03999999999999,18.261413383364598
23916,191.88,125.4,12.0,12,66.47999999999999,34.64665415884928
25390,191.88,124.56,12.0,12,67.32,35.08442776735459
38968,191.88,127.08,12.0,12,64.8,33.771106941838646
22930,191.88,128.76,12.0,12,63.120000000000005,32.89555972482802
25401,191.88,127.08,12.0,12,64.8,33.771106941838646
40041,191.88,124.56,12.0,12,67.32,35.08442776735459
16196,191.84,191.76,16.0,24,0.0800000000000125,0.04170141784821336
16873,191.76,142.8,24.0,24,48.95999999999998,25.531914893617014
11150,191.76,125.81,24.0,23,65.94999999999999,34.39194826866917
19334,191.76,131.28,24.0,24,60.47999999999999,31.53942428035044
18827,191.76,124.56,24.0,24,67.19999999999999,35.04380475594493
14628,191.52,154.2,48.0,60,37.32000000000002,19.48621553884713
25153,191.52,188.64000000000001,48.0,72,2.8799999999999955,1.503759398496238
34646,190.78,135.84,22.0,24,54.94,28.797567879232624
22178,189.99,124.99,1.0,1,65.00000000000001,34.21232696457709
14505,189.81,162.0,19.0,24,27.810000000000002,14.65149359886202
23404,189.81,74.8,19.0,11,115.01,60.59217111848692
21716,189.76,108.24,24.0,24,81.52,42.95952782462057
22098,188.92,178.31,8.0,11,10.609999999999985,5.61613381325428
20953,188.79,93.36,21.0,24,95.42999999999999,50.548228190052434
650,188.73000000000002,65.91,27.0,13,122.82000000000002,65.07709426164362
13276,187.89999999999998,151.92,10.0,12,35.97999999999999,19.1484832357637
18011,187.25,171.5,25.0,35,15.75,8.411214953271028
23498,186.83,181.92,17.0,24,4.910000000000025,2.62805759246375
14959,185.88,121.44,12.0,12,64.44,34.667527437056165
17856,181.87,45.4,13.0,5,136.47,75.03711442238962
23989,181.86,107.52,14.0,12,74.34000000000002,40.87759815242495
4576,181.85999999999999,122.76,14.0,12,59.09999999999998,32.4975255691191
4173,180.54,34.760000000000005,96.0,44,145.77999999999997,80.74664894206269
22539,179.96,88.8,4.0,3,91.16000000000001,50.65570126694821
2002,179.94,86.92,6.0,4,93.02,51.69500944759364
1164,179.94,142.8,6.0,6,37.139999999999986,20.64021340446815
608,179.94,140.58,6.0,6,39.359999999999985,21.873957985995325
9376,179.94,88.84,6.0,4,91.1,50.62798710681338
25629,179.89999999999998,159.12,10.0,13,20.779999999999973,11.550861589772083
22097,179.88,18.66,12.0,2,161.22,89.62641761174116
22590,179.88,117.6,12.0,12,62.28,34.62308205470313
39434,179.88,58.38,12.0,6,121.5,67.54503002001334
21250,179.88,116.76,12.0,12,63.11999999999999,35.090060040026685
21841,179.88,72.36,12.0,12,107.52,59.77318212141427
26047,179.88,119.88,12.0,12,60.0,33.3555703802535
1304,179.88,99.96,12.0,12,79.92,44.429619746497664
27499,179.88,122.4,12.0,12,57.47999999999999,31.95463642428285
20095,179.88,102.6,12.0,12,77.28,42.96197464976651
25842,179.88,118.32,12.0,12,61.56,34.2228152101401
4585,179.88,136.32,12.0,12,43.56,24.216144096064042
187,179.88,138.36,12.0,12,41.51999999999998,23.082054703135412
25523,179.88,118.32,12.0,12,61.56,34.2228152101401
24044,179.88,117.6,12.0,12,62.28,34.62308205470313
38312,179.88,116.04,12.0,12,63.83999999999999,35.49032688458972
16817,179.88,87.96,12.0,12,91.92,51.10073382254837
16611,179.84,171.36,16.0,24,8.47999999999999,4.7153024911031975
25746,179.76,119.04,24.0,24,60.719999999999985,33.778371161548726
13319,179.64000000000001,116.64000000000001,36.0,36,63.0,35.07014028056112
6146,179.64000000000001,122.03999999999999,36.0,36,57.60000000000002,32.06412825651304
46661,179.4,123.0,60.0,60,56.400000000000006,31.438127090301005
20105,176.94,118.74,6.0,6,58.2,32.89250593421499
37921,175.92,14.47,8.0,1,161.45,91.77467030468395
2968,175.89000000000001,139.08,11.0,12,36.81,20.927852635169707
19179,175.84,86.16,16.0,12,89.68,51.000909918107375
5250,175.84,7.14,16.0,1,168.70000000000002,95.93949044585987
41172,175.56,153.9,44.0,57,21.659999999999997,12.337662337662337
41727,174.75,166.68,25.0,36,8.069999999999993,4.618025751072957
21884,174.5,113.28,50.0,48,61.22,35.08309455587392
3817,173.94,138.06,6.0,6,35.879999999999995,20.627802690582957
2353,173.94,138.06,6.0,6,35.879999999999995,20.627802690582957
17282,173.94,78.36,6.0,4,95.58,54.949982752673336
15775,173.88,112.2,12.0,12,61.67999999999999,35.4727398205659
24148,173.88,115.92,12.0,12,57.959999999999994,33.33333333333333
546,172.27,145.34,23.0,26,26.930000000000007,15.632437452835667
19322,171.38,127.2,22.0,24,44.17999999999999,25.778970708367368
524,170.39000000000001,123.42,11.0,11,46.97000000000001,27.56617172369271
239,167.94,129.18,6.0,6,38.75999999999999,23.079671311182558
926,167.94,41.16,6.0,2,126.78,75.49124687388354
24154,167.94,18.91,6.0,1,149.03,88.74002619983328
25500,167.94,111.24,6.0,6,56.7,33.762057877813504
957,167.94,21.37,6.0,1,146.57,87.27521733952602
42741,167.88,108.96,12.0,12,58.92,35.09649749821301
19361,167.88,114.24,12.0,12,53.64,31.95139385275197
15167,167.88,114.96,12.0,12,52.92,31.52251608291637
14207,167.88,113.4,12.0,12,54.47999999999999,32.45175125089349
23377,167.88,111.96,12.0,12,55.92,33.30950679056469
13592,167.88,112.68,12.0,12,55.19999999999999,32.88062902072909
4757,167.88,157.79999999999998,12.0,15,10.080000000000013,6.004288777698363
25250,167.88,111.96,12.0,12,55.92,33.30950679056469
20986,167.88,114.96,12.0,12,52.92,31.52251608291637
22478,167.88,114.96,12.0,12,52.92,31.52251608291637
20605,167.88,57.9,12.0,6,109.97999999999999,65.51107934238742
25781,167.88,114.96,12.0,12,52.92,31.52251608291637
17298,167.88,109.68,12.0,12,58.19999999999999,34.66761972837741
23445,167.88,114.24,12.0,12,53.64,31.95139385275197
15340,167.88,113.4,12.0,12,54.47999999999999,32.45175125089349
21350,167.88,108.36,12.0,12,59.519999999999996,35.45389563974267
24966,167.88,109.68,12.0,12,58.19999999999999,34.66761972837741
16357,167.88,108.96,12.0,12,58.92,35.09649749821301
24516,167.88,111.96,12.0,12,55.92,33.30950679056469
16934,167.88,112.68,12.0,12,55.19999999999999,32.88062902072909
25698,167.88,114.24,12.0,12,53.64,31.95139385275197
26169,167.88,111.96,12.0,12,55.92,33.30950679056469
18721,167.88,112.68,12.0,12,55.19999999999999,32.88062902072909
6066,167.76,5.38,24.0,1,162.38,96.793037672866
21499,167.76,110.4,24.0,24,57.359999999999985,34.19170243204577
336,164.95000000000002,131.95,5.0,5,33.00000000000003,20.00606244316461
19754,164.85,69.6,15.0,12,95.25,57.77979981801637
29155,164.7,151.62,30.0,42,13.079999999999984,7.941712204007277
42256,163.99,80.03999999999999,31.0,23,83.95000000000002,51.19214586255261
19757,163.88,162.0,12.0,24,1.8799999999999955,1.1471808640468608
43821,163.84,128.64,16.0,24,35.20000000000002,21.48437500000001
44109,161.82,111.60000000000001,18.0,18,50.219999999999985,31.03448275862068
17172,161.73000000000002,4.1,27.0,1,157.63000000000002,97.4649106535584
27022,160.92999999999998,107.31,7.0,7,53.619999999999976,33.31883427577206
18658,160.86,55.44,14.0,7,105.42000000000002,65.53524804177546
19396,160.77,18.4,23.0,4,142.37,88.55507868383404
19435,159.98,55.17,2.0,1,104.80999999999999,65.51443930491311
295,159.92,124.96,8.0,8,34.959999999999994,21.860930465232613
5231,159.9,106.56,10.0,12,53.34,33.35834896810507
2000,159.9,105.03,10.0,9,54.870000000000005,34.31519699812383
21593,159.8,66.12,20.0,12,93.68,58.623279098873596
204,159.39000000000001,148.4,11.0,14,10.990000000000009,6.895037329819943
22091,158.22,107.64,18.0,18,50.58,31.968145620022753
31789,157.86,46.0,14.0,10,111.86000000000001,70.86025592296971
7902,156.42,4.32,158.0,6,152.1,97.23820483314155
13394,156.33,75.81,27.0,19,80.52000000000001,51.506428708501254
35795,155.88,100.56,12.0,12,55.31999999999999,35.488837567359504
13916,155.88,107.52,12.0,12,48.36,31.023864511162436
10578,155.88,104.64,12.0,12,51.239999999999995,32.87143956889915
25280,155.88,103.92,12.0,12,51.959999999999994,33.33333333333333
22556,155.88,95.28,12.0,12,60.599999999999994,38.876058506543494
3561,155.88,92.88,12.0,12,63.0,40.415704387990765
34397,155.88,105.36,12.0,12,50.519999999999996,32.409545804464976
14432,155.88,105.36,12.0,12,50.519999999999996,32.409545804464976
18272,155.88,79.44,12.0,12,76.44,49.03772132409546
37733,155.88,53.04,12.0,6,102.84,65.97382602001541
11744,155.88,78.36,12.0,12,77.52,49.73056197074673
3213,155.88,115.44,12.0,12,40.44,25.943033102386448
44040,155.76,107.52,24.0,24,48.239999999999995,30.97072419106317
866,153.93,111.50999999999999,7.0,7,42.420000000000016,27.557980900409284
14857,153.8,95.28,20.0,24,58.52000000000001,38.04941482444734
34474,153.79999999999998,137.10000000000002,20.0,30,16.69999999999996,10.858257477243148
2519,152.91,115.83,9.0,9,37.08,24.249558563861097
21328,152.84,139.2,16.0,24,13.640000000000015,8.924365349384987
44662,152.82999999999998,71.4,17.0,12,81.42999999999998,53.28142380422691
181,149.94,111.9,6.0,6,38.03999999999999,25.370148059223684
6043,149.94,109.44,6.0,6,40.5,27.010804321728692
26255,149.94,103.38,6.0,6,46.56,31.052420968387356
4425,149.88,114.36,12.0,12,35.519999999999996,23.698959167333868
18622,149.88,96.72,12.0,12,53.16,35.468374699759806
38190,149.85,81.0,15.0,12,68.85,45.945945945945944
397,149.8,100.3,20.0,17,49.500000000000014,33.04405874499333
5742,149.70000000000002,94.32,30.0,24,55.380000000000024,36.99398797595192
38854,149.70000000000002,99.9,30.0,30,49.80000000000001,33.26653306613227
20653,146.85999999999999,84.48,14.0,12,62.37999999999998,42.47582731853465
23117,146.79,115.68,21.0,24,31.109999999999985,21.193541794400154
3705,145.53,62.64,147.0,87,82.89,56.95732838589982
557,144.67000000000002,116.16,23.0,24,28.51000000000002,19.706919195410254
19725,144.02,118.08,38.0,48,25.940000000000012,18.011387307318437
17519,143.94,95.34,6.0,6,48.599999999999994,33.76406836181742
2108,143.91,25.18,9.0,2,118.72999999999999,82.50295323466055
12146,143.88,78.84,12.0,12,65.03999999999999,45.204336947456206
14344,143.88,98.52,12.0,12,45.36,31.526271893244374
15647,143.88,98.52,12.0,12,45.36,31.526271893244374
14124,143.88,96.6,12.0,12,47.28,32.86071726438699
7450,143.88,111.48,12.0,12,32.39999999999999,22.518765638031688
13153,143.88,99.24,12.0,12,44.64,31.02585487906589
24570,143.88,97.2,12.0,12,46.67999999999999,32.443703085904914
21213,143.88,101.88,12.0,12,42.0,29.190992493744787
22046,143.88,95.88,12.0,12,48.0,33.36113427856547
15677,143.88,95.28,12.0,12,48.599999999999994,33.778148457047536
29847,143.88,97.2,12.0,12,46.67999999999999,32.443703085904914
19379,143.88,92.88,12.0,12,51.0,35.446205170975816
19925,143.88,98.52,12.0,12,45.36,31.526271893244374
23905,143.82,31.98,18.0,6,111.83999999999999,77.76387150604921
38112,143.76,99.12,24.0,24,44.639999999999986,31.051752921535886
14099,143.76,143.64000000000001,24.0,36,0.11999999999997613,0.08347245409013365
23655,143.76,80.4,24.0,24,63.359999999999985,44.07345575959932
16170,143.76,118.08,24.0,36,25.679999999999993,17.863105175292148
6127,143.28,1.47,72.0,1,141.81,98.97403685092128
18066,143.04,95.04,96.0,96,47.999999999999986,33.55704697986576
23214,142.89000000000001,86.16,11.0,12,56.73000000000002,39.701868570228854
22206,142.89000000000001,107.52,11.0,12,35.37000000000002,24.753306739449936
43247,142.89000000000001,104.64,11.0,12,38.250000000000014,26.76884316607181
45993,142.87,25.96,13.0,4,116.91,81.82963533282003
19817,142.87,92.82000000000001,13.0,13,50.05,35.03184713375796
3697,141.29,47.4,71.0,30,93.88999999999999,66.45197820086346
34215,139.98,90.3,2.0,2,49.67999999999999,35.49078439777111
22543,139.96,23.48,4.0,1,116.48,83.22377822234924
5327,139.93,95.94,7.0,6,43.99000000000001,31.437147145001077
9105,139.93,88.86,7.0,6,51.07000000000001,36.49681983849068
43871,139.93,39.72,7.0,3,100.21000000000001,71.61437861788038
20257,139.91,31.35,9.0,3,108.56,77.59273818883568
24175,139.9,90.8,10.0,10,49.10000000000001,35.09649749821301
8019,139.86,100.66,14.0,14,39.20000000000002,28.028028028028036
24211,137.94,89.58,6.0,6,48.36,35.0587211831231
1697,137.94,107.76,6.0,6,30.179999999999993,21.879077859939102
24913,137.94,94.5,6.0,6,43.44,31.491953023053497
13654,137.88,78.84,12.0,12,59.03999999999999,42.81984334203655
21089,137.88,89.52,12.0,12,48.36,35.0739773716275
18579,137.88,91.92,12.0,12,45.959999999999994,33.33333333333333
25432,137.88,95.04,12.0,12,42.83999999999999,31.070496083550907
10319,136.44,88.19999999999999,36.0,36,48.24000000000001,35.356200527704495
25940,135.92,122.97999999999999,8.0,11,12.939999999999998,9.52030606238964
27900,135.83,132.24,17.0,24,3.5900000000000034,2.643009644408454
2540,134.94,102.24,6.0,6,32.7,24.23299244108493
17033,134.91,39.44,9.0,4,95.47,70.76569564895115
18548,134.9,105.12,10.0,12,29.78,22.075611564121573
12256,133.9,108.36,10.0,12,25.540000000000006,19.073935772964905
21159,132.93,13.1,7.0,1,119.83000000000001,90.14518919732191
19137,131.94,14.76,6.0,1,117.17999999999999,88.81309686221009
33264,131.94,105.36,6.0,6,26.58,20.145520691223282
26539,131.94,90.36,6.0,6,41.58,31.51432469304229
41948,131.94,89.76,6.0,6,42.17999999999999,31.969076853115048
34193,131.94,89.76,6.0,6,42.17999999999999,31.969076853115048
35977,131.91,93.48,9.0,12,38.42999999999999,29.13350011371389
20887,131.89,79.44,11.0,12,52.44999999999999,39.76798847524452
35644,131.89,96.6,11.0,12,35.28999999999999,26.757146106603987
18158,131.88,87.36,12.0,12,44.519999999999996,33.75796178343949
17360,131.88,87.96,12.0,12,43.92,33.30300272975432
19655,131.88,88.56,12.0,12,43.31999999999999,32.84804367606915
6445,131.88,90.96,12.0,12,40.92,31.028207461328485
34761,131.88,87.36,12.0,12,44.519999999999996,33.75796178343949
11801,131.88,87.36,12.0,12,44.519999999999996,33.75796178343949
26617,131.88,87.36,12.0,12,44.519999999999996,33.75796178343949
11939,131.88,90.96,12.0,12,40.92,31.028207461328485
15737,130.89,103.84,11.0,16,27.049999999999983,20.666208266483295
22419,130.47,88.77,3.0,3,41.7,31.961370429983905
19867,130.21,74.4,29.0,24,55.81,42.86153137239843
23042,129.9,106.8,10.0,12,23.10000000000001,17.782909930715938
8558,129.9,41.56,10.0,4,88.34,68.00615858352579
24563,129.9,101.88,10.0,12,28.02000000000001,21.570438799076218
19586,125.97,28.76,3.0,1,97.21,77.16916726204651
3644,125.94,95.4,6.0,6,30.539999999999992,24.2496426869938
46118,125.93,82.88,7.0,7,43.05000000000001,34.18565869927738
24873,125.86,113.81,14.0,19,12.049999999999997,9.574129985698393
26666,125.84,95.28,16.0,24,30.560000000000002,24.284806102987922
25993,125.64000000000001,115.68,36.0,48,9.960000000000008,7.927411652340025
14712,125.07,91.08,33.0,36,33.989999999999995,27.176781002638524
19204,125.02,108.78,38.0,49,16.239999999999995,12.989921612541991
5104,124.94999999999999,18.93,5.0,1,106.01999999999998,84.84993997599038
25769,123.99,83.78,1.0,1,40.209999999999994,32.43003468021614
11770,123.91999999999999,111.96,8.0,12,11.959999999999994,9.651387992253062
128,122.96,97.68,4.0,4,25.279999999999987,20.55953155497722
5485,119.96,85.68,4.0,4,34.27999999999999,28.576192064021335
42952,119.96,118.38,4.0,6,1.5799999999999983,1.3171057019006323
33204,119.94,104.56,6.0,8,15.379999999999995,12.823078205769548
3196,119.94,14.81,6.0,1,105.13,87.65215941303985
6084,119.94,91.56,6.0,6,28.379999999999995,23.661830915457728
4139,119.94,71.4,6.0,6,48.53999999999999,40.47023511755877
25755,119.92,79.44,8.0,8,40.480000000000004,33.755837224816545
24206,119.92,119.88,8.0,12,0.04000000000000625,0.033355570380258714
3098,119.92,68.16,8.0,8,51.760000000000005,43.162108072048035
25549,119.88,79.92,12.0,12,39.959999999999994,33.33333333333333
43350,119.88,78.36,12.0,12,41.519999999999996,34.63463463463463
26629,119.88,81.6,12.0,12,38.28,31.931931931931935
43354,119.88,48.6,12.0,12,71.28,59.45945945945946
40666,119.88,82.68,12.0,12,37.19999999999999,31.03103103103102
18384,119.88,79.92,12.0,12,39.959999999999994,33.33333333333333
15001,119.88,81.0,12.0,12,38.879999999999995,32.43243243243243
25221,119.88,82.68,12.0,12,37.19999999999999,31.03103103103102
15133,119.88,77.4,12.0,12,42.47999999999999,35.43543543543543
43429,119.88,79.92,12.0,12,39.959999999999994,33.33333333333333
20527,119.88,82.68,12.0,12,37.19999999999999,31.03103103103102
22167,119.88,79.92,12.0,12,39.959999999999994,33.33333333333333
20795,119.88,81.6,12.0,12,38.28,31.931931931931935
1887,119.88,86.88,12.0,12,33.0,27.52752752752753
19284,119.88,80.4,12.0,12,39.47999999999999,32.93293293293292
22811,119.76,79.92,24.0,24,39.84,33.26653306613226
13421,118.83,54.48,17.0,12,64.35,54.15299166877051
9195,118.8,91.2,120.0,120,27.599999999999994,23.23232323232323
3775,118.8,102.2,120.0,140,16.599999999999994,13.973063973063967
21119,118.44,80.64,36.0,36,37.8,31.914893617021274
21377,116.91,104.64,9.0,12,12.269999999999996,10.495252758532201
17741,113.94,89.18,6.0,7,24.75999999999999,21.730735474811297
13726,113.94,74.46,6.0,6,39.480000000000004,34.64981569246973
16612,113.91,87.96,9.0,12,25.950000000000003,22.78114300763761
16312,111.92,109.68,8.0,12,2.239999999999995,2.001429592566114
5818,111.87,19.5,113.0,25,92.37,82.56905336551354
43547,111.86,99.18,14.0,18,12.679999999999993,11.335598069014834
14493,111.48,76.92,12.0,12,34.56,31.001076426264802
20443,109.89,73.26,11.0,11,36.629999999999995,33.33333333333333
19304,109.89,25.8,11.0,4,84.09,76.52197652197653
20973,107.96,71.96,4.0,4,36.0,33.34568358651352
22195,107.88,63.96,12.0,12,43.919999999999995,40.711902113459395
23084,107.88,74.4,12.0,12,33.47999999999999,31.03448275862068
19790,107.88,72.36,12.0,12,35.519999999999996,32.92547274749722
17218,107.88,73.44,12.0,12,34.44,31.92436040044494
21743,107.88,70.56,12.0,12,37.31999999999999,34.59399332591768
17929,107.88,72.84,12.0,12,35.03999999999999,32.48053392658509
24568,107.88,73.44,12.0,12,34.44,31.92436040044494
38318,107.88,74.4,12.0,12,33.47999999999999,31.03448275862068
955,107.82000000000001,93.24000000000001,18.0,21,14.579999999999998,13.52253756260434
46662,107.64000000000001,72.36,36.0,36,35.280000000000015,32.77591973244148
17935,107.64,72.36,36.0,36,35.28,32.77591973244147
19720,106.12,91.08,28.0,36,15.040000000000006,14.172634753109692
33425,105.36,71.76,24.0,24,33.599999999999994,31.89066059225512
22547,104.97,67.71,3.0,3,37.260000000000005,35.49585595884539
22554,104.97,23.64,3.0,1,81.33,77.47927979422691
18002,104.85000000000001,82.26,15.0,18,22.590000000000003,21.545064377682404
11820,104.79,33.3,21.0,10,71.49000000000001,68.22215860292013
3170,104.39,21.09,11.0,3,83.3,79.79691541335376
25768,103.99,71.23,1.0,1,32.75999999999999,31.503029137417055
19592,103.98,33.76,2.0,1,70.22,67.53221773417964
11016,103.87,92.69999999999999,13.0,18,11.170000000000016,10.753826899008391
39086,102.88,99.18,12.0,18,3.6999999999999886,3.596423017107299
26168,101.94,67.5,6.0,6,34.44,33.78457916421424
17358,101.94,21.46,6.0,2,80.47999999999999,78.94840102020795
590,101.83,55.32,17.0,12,46.51,45.67416282038692
22895,101.83,97.68,17.0,24,4.1499999999999915,4.075419817342621
20066,99.99,32.46,1.0,1,67.53,67.53675367536755
20274,99.98,34.48,2.0,1,65.5,65.5131026205241
25532,99.98,66.66,2.0,2,33.32000000000001,33.32666533306662
26839,99.9,65.3,10.0,10,34.60000000000001,34.634634634634644
8012,99.9,89.52,10.0,12,10.38000000000001,10.3903903903904
3991,99.9,23.61,10.0,3,76.29,76.36636636636636
738,99.9,78.7,10.0,10,21.200000000000003,21.221221221221224
24066,98.91,78.97999999999999,9.0,11,19.930000000000007,20.149630977656464
2401,98.89,54.88,11.0,8,44.01,44.50399433714228
23043,98.89,71.4,11.0,12,27.489999999999995,27.79856406107796
29204,98.82000000000001,88.5,18.0,25,10.320000000000007,10.44323011536127
14997,97.96,64.44,4.0,4,33.519999999999996,34.21804818293181
11341,97.86,18.76,14.0,4,79.1,80.82975679542203
924,97.13,72.48,47.0,48,24.64999999999999,25.3783589004427
17816,96.69,70.32,11.0,12,26.370000000000005,27.272727272727277
8580,95.94,75.54,6.0,6,20.39999999999999,21.263289555972477
18261,95.88,66.12,12.0,12,29.75999999999999,31.038798498122645
43384,95.88,66.12,12.0,12,29.75999999999999,31.038798498122645
12891,95.88,63.12,12.0,12,32.76,34.16770963704631
26327,95.88,63.48,12.0,12,32.4,33.79224030037547
5837,95.88,74.88,12.0,12,21.0,21.902377972465583
43545,95.88,75.6,12.0,14,20.28,21.151439299123904
19943,95.88,57.96,12.0,12,37.919999999999995,39.54943679599499
27251,95.88,65.28,12.0,12,30.599999999999994,31.914893617021274
20787,95.88,62.64,12.0,12,33.239999999999995,34.66833541927409
15293,95.88,64.32,12.0,12,31.560000000000002,32.91614518147685
24925,94.95,62.9,5.0,5,32.050000000000004,33.75460768825698
46135,94.81,3.28,19.0,1,91.53,96.54044931969202
44272,94.74000000000001,64.02,6.0,6,30.720000000000013,32.425585813806215
43799,93.48,61.08,12.0,12,32.400000000000006,34.65982028241336
25634,93.48,64.44,12.0,12,29.040000000000006,31.06546854942234
13544,90.96,62.64,24.0,24,28.319999999999993,31.134564643799468
923,90.93,39.68,7.0,4,51.25000000000001,56.36203673155175
44098,90.87,62.269999999999996,13.0,13,28.60000000000001,31.473533619456372
19906,90.86999999999999,57.84,13.0,12,33.02999999999999,36.34862991086166
5181,89.97,23.99,3.0,1,65.98,73.3355562965433
26521,89.94,62.04,6.0,6,27.9,31.02068045363576
15954,89.94,14.46,6.0,2,75.47999999999999,83.9226150767178
12354,89.92999999999999,21.9,17.0,6,68.03,75.64772600911822
15825,89.9,71.88,10.0,12,18.02000000000001,20.04449388209122
18354,89.88,59.52,12.0,12,30.359999999999992,33.778371161548726
20608,89.88,57.96,12.0,12,31.919999999999995,35.51401869158878
23579,89.88,58.32,12.0,12,31.559999999999995,35.11348464619493
25745,89.88,62.04,12.0,12,27.839999999999996,30.97463284379172
35855,89.88,62.04,12.0,12,27.839999999999996,30.97463284379172
11743,89.88,58.8,12.0,12,31.08,34.57943925233645
17342,89.8,29.7,20.0,10,60.099999999999994,66.92650334075724
17941,89.7,60.300000000000004,30.0,30,29.4,32.775919732441466
15645,86.97,59.97,3.0,3,27.0,31.04518799586064
16916,85.9,61.8,10.0,12,24.10000000000001,28.055878928987205
29205,85.41,76.92,9.0,12,8.489999999999995,9.940288022479796
3250,85.41,14.82,9.0,2,70.59,82.64840182648403
20449,85.24000000000001,74.16,26.0,36,11.080000000000013,12.998592210229953
3065,85.14,0.71,86.0,1,84.43,99.16607939863754
648,83.97,59.97,3.0,3,24.0,28.5816362986781
29648,83.94,54.48,6.0,6,29.46,35.09649749821301
17869,83.93,81.0,7.0,10,2.930000000000007,3.491004408435609
23791,83.88,56.28,12.0,12,27.599999999999994,32.90414878397711
6129,83.58,7.25,42.0,5,76.33,91.32567599904283
19835,82.25,49.68000000000001,25.0,23,32.56999999999999,39.59878419452887
17671,81.48,53.28,12.0,12,28.200000000000003,34.609720176730484
32823,80.97,36.72,3.0,2,44.25,54.64987032234161
4207,80.91,59.449999999999996,29.0,29,21.46,26.523297491039425
2972,79.99,57.55,1.0,1,22.439999999999998,28.05350668833604
24371,79.95,62.7,5.0,6,17.25,21.575984990619137
22896,79.92,79.44,8.0,12,0.480000000000004,0.6006006006006055
24134,79.92,77.88,8.0,12,2.0400000000000063,2.55255255255256
199,79.84,46.44,16.0,12,33.400000000000006,41.83366733466934
430,78.12,47.76,28.0,24,30.360000000000007,38.86328725038403
44637,77.94,53.04,6.0,6,24.9,31.947652040030793
14708,77.94,76.41,6.0,9,1.5300000000000011,1.963048498845267
3068,77.94,44.46,6.0,6,33.48,42.956120092378754
28148,77.94,62.7,6.0,6,15.239999999999995,19.55350269438029
267,77.94,20.78,6.0,2,57.16,73.33846548627149
24545,75.81,64.8,19.0,24,11.010000000000005,14.523149980213699
23137,74.99,23.97,1.0,1,51.019999999999996,68.03573809841312
34539,74.97,51.69,3.0,3,23.28,31.052420968387356
1774,74.94,55.5,6.0,6,19.439999999999998,25.940752602081663
11881,73.98,25.51,2.0,1,48.47,65.5177074885104
23566,73.42999999999999,43.38,7.0,6,30.04999999999999,40.92332833991556
22226,71.96,9.99,4.0,1,61.96999999999999,86.11728738187881
11216,71.94,48.96,6.0,6,22.979999999999997,31.943286071726433
28776,71.94,44.28,6.0,6,27.659999999999997,38.4487072560467
19673,71.94,49.62,6.0,6,22.32,31.02585487906589
18474,71.94,47.64,6.0,6,24.299999999999997,33.778148457047536
26351,71.94,46.44,6.0,6,25.5,35.446205170975816
21787,71.92,70.08,8.0,12,1.8400000000000034,2.558398220244721
22619,71.91,5.51,9.0,1,66.39999999999999,92.33764427756917
16359,71.88,48.24,12.0,12,23.639999999999993,32.888146911519186
23561,71.88,48.6,12.0,12,23.279999999999994,32.38731218697829
24132,71.88,48.84,12.0,12,23.039999999999992,32.05342237061768
24793,71.88,47.64,12.0,12,24.239999999999995,33.72287145242069
46664,71.76,23.28,24.0,12,48.480000000000004,67.55852842809364
20050,67.83,13.1,17.0,5,54.73,80.68701164676396
398,67.41,61.93,9.0,11,5.479999999999997,8.129357662067937
401,67.41,17.7,9.0,3,49.709999999999994,73.7427681352915
846,66.99,52.34,1.0,1,14.649999999999991,21.8689356620391
324,65.97,48.87,3.0,3,17.1,25.92087312414734
25890,65.94,43.68,6.0,6,22.259999999999998,33.75796178343949
20333,65.94,21.54,6.0,3,44.4,67.33393994540492
13826,65.88,44.16,12.0,12,21.72,32.96903460837887
5683,65.66,2.34,134.0,6,63.31999999999999,96.43618641486444
867,65.61,48.6,9.0,9,17.009999999999998,25.925925925925924
16330,64.95,7.14,5.0,1,57.81,89.00692840646651
317,63.98,48.46,2.0,2,15.519999999999996,24.257580493904342
7316,63.96,12.02,4.0,1,51.94,81.20700437773608
8923,63.92,42.08,8.0,8,21.840000000000003,34.167709637046315
16912,63.48,41.28,12.0,12,22.199999999999996,34.97164461247637
16266,59.94,34.8,6.0,6,25.14,41.94194194194195
25751,59.94,40.8,6.0,6,19.14,31.931931931931935
18978,59.94,40.5,6.0,6,19.439999999999998,32.43243243243243
6427,59.88,41.04,12.0,12,18.840000000000003,31.46292585170341
18459,59.88,39.12,12.0,12,20.760000000000005,34.669338677354716
6295,59.88,41.04,12.0,12,18.840000000000003,31.46292585170341
8629,56.97,55.1,3.0,5,1.8699999999999974,3.2824293487800555
20165,56.97,36.75,3.0,3,20.22,35.49236440231701
2931,53.98,38.56,2.0,2,15.419999999999995,28.56613560577991
15004,53.88,37.2,12.0,12,16.68,30.957683741648108
19703,53.88,35.16,12.0,12,18.720000000000006,34.743875278396445
452,52.74,40.86,6.0,6,11.880000000000003,22.52559726962458
19255,52.35,27.36,15.0,12,24.990000000000002,47.73638968481376
11653,50.97,45.99,3.0,7,4.979999999999997,9.77045320776927
41079,49.99,33.78,1.0,1,16.21,32.42648529705941
37398,49.96,17.22,4.0,2,32.74,65.5324259407526
797,47.98,18.31,2.0,1,29.669999999999998,61.83826594414339
262,47.96,28.11,4.0,3,19.85,41.388657214345294
5224,47.45,7.08,5.0,1,40.370000000000005,85.07903055848261
17887,45.48,30.72,12.0,12,14.759999999999998,32.45382585751979
22412,45.48,29.52,12.0,12,15.959999999999997,35.092348284960416
21691,44.94,5.17,6.0,1,39.769999999999996,88.49577214063194
6616,43.98,34.62,2.0,2,9.36,21.282401091405184
14626,41.94,27.78,6.0,6,14.159999999999997,33.76251788268955
18874,41.94,24.3,6.0,6,17.639999999999997,42.06008583690986
9035,39.99,30.3,1.0,1,9.690000000000001,24.231057764441115
1656,39.98,31.98,2.0,2,7.9999999999999964,20.010005002501245
24813,39.48,27.24,12.0,12,12.239999999999998,31.00303951367781
24816,39.48,27.24,12.0,12,12.239999999999998,31.00303951367781
20997,39.48,25.44,12.0,12,14.039999999999996,35.562310030395125
17196,37.98,24.66,2.0,2,13.319999999999997,35.07109004739336
15589,37.98,23.36,2.0,2,14.619999999999997,38.493944181147974
2150,36.99,28.34,1.0,1,8.650000000000002,23.384698567180322
3063,35.98,13.13,2.0,1,22.849999999999994,63.507504168982756
2147,35.98,28.78,2.0,2,7.199999999999996,20.011117287381868
5654,35.97,9.52,3.0,1,26.45,73.53350013900473
23563,35.94,24.6,6.0,6,11.339999999999996,31.552587646076784
23065,35.88,24.36,12.0,12,11.520000000000003,32.107023411371244
18738,35.88,23.28,12.0,12,12.600000000000001,35.11705685618729
2345,34.99,26.71,1.0,1,8.280000000000001,23.663903972563592
1761,34.99,27.77,1.0,1,7.220000000000002,20.63446699056874
9031,32.99,25.77,1.0,1,7.220000000000002,21.885419824189153
8058,31.99,23.01,1.0,1,8.979999999999997,28.071272272585173
29361,31.47,20.43,3.0,3,11.04,35.08102955195424
241,29.98,22.38,2.0,2,7.600000000000001,25.350233488992668
189,29.96,23.04,4.0,4,6.920000000000002,23.097463284379177
928,27.99,20.14,1.0,1,7.849999999999998,28.04573061807788
16238,27.98,18.9,2.0,2,9.080000000000002,32.4517512508935
6064,27.96,4.99,4.0,1,22.97,82.15307582260371
2626,27.86,2.84,14.0,2,25.02,89.80617372577171
44917,24.99,16.55,1.0,1,8.439999999999998,33.7735094037615
22592,24.99,16.89,1.0,1,8.099999999999998,32.41296518607442
3907,24.99,18.51,1.0,1,6.479999999999997,25.930372148859533
17864,23.98,15.78,2.0,2,8.200000000000001,34.19516263552961
902,23.759999999999998,15.36,24.0,24,8.399999999999999,35.35353535353535
917,21.99,15.71,1.0,1,6.279999999999998,28.55843565256934
9373,21.99,17.31,1.0,1,4.68,21.282401091405184
8060,21.99,14.28,1.0,1,7.709999999999999,35.06139154160982
23442,20.99,14.28,1.0,1,6.709999999999999,31.967603620771794
6450,19.99,13.6,1.0,1,6.389999999999999,31.965982991495746
16880,19.99,13.51,1.0,1,6.479999999999999,32.416208104052025
3096,18.810000000000002,7.2,19.0,10,11.610000000000003,61.722488038277525
14157,17.99,11.76,1.0,1,6.229999999999999,34.63035019455252
18394,16.99,10.96,1.0,1,6.029999999999998,35.49146556798116
17759,15.99,11.03,1.0,1,4.960000000000001,31.0193871169481
8527,15.950000000000001,2.64,5.0,2,13.31,83.44827586206897
20222,14.99,9.99,1.0,1,5.0,33.3555703802535
38966,14.99,9.73,1.0,1,5.26,35.090060040026685
25112,14.99,10.06,1.0,1,4.93,32.88859239492995
14347,13.99,9.14,1.0,1,4.85,34.66761972837741
23484,13.99,9.45,1.0,1,4.540000000000001,32.4517512508935
3333,12.99,9.77,1.0,1,3.2200000000000006,24.788298691301005
819,11.99,8.56,1.0,1,3.4299999999999997,28.607172643869887
24438,11.99,8.1,1.0,1,3.8900000000000006,32.44370308590492
18807,11.99,7.94,1.0,1,4.05,33.778148457047536
18073,11.58,3.94,2.0,1,7.640000000000001,65.97582037996547
24479,10.74,6.9,6.0,6,3.84,35.754189944134076
26508,10.49,6.81,1.0,1,3.6800000000000006,35.081029551954245
24200,9.99,6.89,1.0,1,3.1000000000000005,31.031031031031038
22161,9.99,3.35,1.0,1,6.640000000000001,66.46646646646647
18458,9.99,6.8,1.0,1,3.1900000000000004,31.931931931931935
16688,9.49,6.16,1.0,1,3.33,35.08956796628029
14360,8.99,5.8,1.0,1,3.1900000000000004,35.483870967741936
552,8.99,6.42,1.0,1,2.5700000000000003,28.58731924360401
16425,7.99,5.36,1.0,1,2.63,32.91614518147684
4295,7.99,5.75,1.0,1,2.24,28.03504380475595
726,5.99,4.79,1.0,1,1.2000000000000002,20.03338898163606
8729,5.9399999999999995,2.96,6.0,4,2.9799999999999995,50.16835016835016
26950,5.79,3.99,1.0,1,1.7999999999999998,31.088082901554404
17675,5.79,4.14,1.0,1,1.6500000000000004,28.497409326424876
13344,5.29,3.57,1.0,1,1.7200000000000002,32.51417769376182
27934,4.99,3.37,1.0,1,1.62,32.46492985971944
9123,1.98,1.48,2.0,2,0.5,25.252525252525253
